nohup: ignoring input
{
  "repo_root": "/home/mb2412/triton-experiments",
  "run_dir": "/home/mb2412/triton-experiments/experiments/tritonbench_l40s_20260518_184231",
  "materialized_root": "/home/mb2412/triton-experiments/experiments/tritonbench_l40s_20260518_184231/materialized_candidates",
  "seed": 0,
  "timeout": 60.0,
  "dry_run": false,
  "case_count": 22,
  "cases": [
    {
      "channel": "G",
      "name": "fused_recurrent_retention",
      "speedup": 1.6245,
      "reference": "/home/mb2412/triton-experiments/data/TritonBench_G_v1/fused_recurrent_retention.py",
      "candidate_count": 15,
      "candidates": [
        "/home/mb2412/triton-experiments/experiments/tritonbench_l40s_20260518_184231/materialized_candidates/Bench_G_coder_specofic/deepseek_094/candidate_0095.py",
        "/home/mb2412/triton-experiments/experiments/tritonbench_l40s_20260518_184231/materialized_candidates/Bench_G_coder_specofic/qwen_092/candidate_0095.py",
        "/home/mb2412/triton-experiments/experiments/tritonbench_l40s_20260518_184231/materialized_candidates/Bench_G_coder_specofic/qwen_tune_rag_250/candidate_0095.py",
        "/home/mb2412/triton-experiments/experiments/tritonbench_l40s_20260518_184231/materialized_candidates/Bench_G_general_purpose/Qwen2.5-72B-Instruct_comp/candidate_0095.py",
        "/home/mb2412/triton-experiments/experiments/tritonbench_l40s_20260518_184231/materialized_candidates/Bench_G_general_purpose/output_DeepSeek-R1_comp/candidate_0095.py",
        "/home/mb2412/triton-experiments/experiments/tritonbench_l40s_20260518_184231/materialized_candidates/Bench_G_general_purpose/output_DeepSeek-R1_comp_/candidate_0095.py",
        "/home/mb2412/triton-experiments/experiments/tritonbench_l40s_20260518_184231/materialized_candidates/Bench_G_general_purpose/output_DeepSeek-R1_comp_rag/candidate_0085.py",
        "/home/mb2412/triton-experiments/experiments/tritonbench_l40s_20260518_184231/materialized_candidates/Bench_G_general_purpose/output_DeepSeek-R1_comp_rag_/candidate_0099.py",
        "/home/mb2412/triton-experiments/experiments/tritonbench_l40s_20260518_184231/materialized_candidates/Bench_G_general_purpose/output_claude-3-5-sonnet-20240620_comp/candidate_0095.py",
        "/home/mb2412/triton-experiments/experiments/tritonbench_l40s_20260518_184231/materialized_candidates/Bench_G_general_purpose/output_claude-3-5-sonnet-20240620_comp_rag/candidate_0099.py",
        "/home/mb2412/triton-experiments/experiments/tritonbench_l40s_20260518_184231/materialized_candidates/Bench_G_general_purpose/output_claude-3-5-sonnet-20240620_simp/candidate_0095.py",
        "/home/mb2412/triton-experiments/experiments/tritonbench_l40s_20260518_184231/materialized_candidates/Bench_G_general_purpose/output_gpt-4o_comp/candidate_0095.py",
        "/home/mb2412/triton-experiments/experiments/tritonbench_l40s_20260518_184231/materialized_candidates/Bench_G_general_purpose/output_gpt-4o_simp/candidate_0095.py",
        "/home/mb2412/triton-experiments/experiments/tritonbench_l40s_20260518_184231/materialized_candidates/Bench_G_general_purpose/output_o1-2024-12-17_comp/candidate_0095.py",
        "/home/mb2412/triton-experiments/experiments/tritonbench_l40s_20260518_184231/materialized_candidates/Bench_G_general_purpose/output_o1-2024-12-17_comp_rag_/candidate_0099.py"
      ]
    },
    {
      "channel": "G",
      "name": "fifth_order_sph_harmonics",
      "speedup": 2.2932,
      "reference": "/home/mb2412/triton-experiments/data/TritonBench_G_v1/fifth_order_sph_harmonics.py",
      "candidate_count": 0,
      "candidates": []
    },
    {
      "channel": "G",
      "name": "matmul_triton1",
      "speedup": 1.5496,
      "reference": "/home/mb2412/triton-experiments/data/TritonBench_G_v1/matmul_triton1.py",
      "candidate_count": 0,
      "candidates": []
    },
    {
      "channel": "G",
      "name": "fused_layernorm_triton",
      "speedup": 1.0044,
      "reference": "/home/mb2412/triton-experiments/data/TritonBench_G_v1/fused_layernorm_triton.py",
      "candidate_count": 0,
      "candidates": []
    },
    {
      "channel": "G",
      "name": "l2_norm_triton1",
      "speedup": 1.4761,
      "reference": "/home/mb2412/triton-experiments/data/TritonBench_G_v1/l2_norm_triton1.py",
      "candidate_count": 0,
      "candidates": []
    },
    {
      "channel": "G",
      "name": "triton_mul2",
      "speedup": 1.3112,
      "reference": "/home/mb2412/triton-experiments/data/TritonBench_G_v1/triton_mul2.py",
      "candidate_count": 25,
      "candidates": [
        "/home/mb2412/triton-experiments/experiments/tritonbench_l40s_20260518_184231/materialized_candidates/Bench_G_coder_specofic/deepseek_094/candidate_0148.py",
        "/home/mb2412/triton-experiments/experiments/tritonbench_l40s_20260518_184231/materialized_candidates/Bench_G_coder_specofic/deepseek_rag_145/candidate_0148.py",
        "/home/mb2412/triton-experiments/experiments/tritonbench_l40s_20260518_184231/materialized_candidates/Bench_G_coder_specofic/deepseek_rag_303/candidate_0148.py",
        "/home/mb2412/triton-experiments/experiments/tritonbench_l40s_20260518_184231/materialized_candidates/Bench_G_coder_specofic/deepseek_tune_255/candidate_0148.py",
        "/home/mb2412/triton-experiments/experiments/tritonbench_l40s_20260518_184231/materialized_candidates/Bench_G_coder_specofic/qwen_rag_145/candidate_0148.py",
        "/home/mb2412/triton-experiments/experiments/tritonbench_l40s_20260518_184231/materialized_candidates/Bench_G_coder_specofic/qwen_tune_300/candidate_0148.py",
        "/home/mb2412/triton-experiments/experiments/tritonbench_l40s_20260518_184231/materialized_candidates/Bench_G_coder_specofic/qwen_tune_rag_250/candidate_0148.py",
        "/home/mb2412/triton-experiments/experiments/tritonbench_l40s_20260518_184231/materialized_candidates/Bench_G_general_purpose/Qwen2.5-72B-Instruct_comp/candidate_0148.py",
        "/home/mb2412/triton-experiments/experiments/tritonbench_l40s_20260518_184231/materialized_candidates/Bench_G_general_purpose/Qwen2.5-72B-Instruct_comp_rag/candidate_0146.py",
        "/home/mb2412/triton-experiments/experiments/tritonbench_l40s_20260518_184231/materialized_candidates/Bench_G_general_purpose/Qwen2.5-72B-Instruct_simp/candidate_0148.py",
        "/home/mb2412/triton-experiments/experiments/tritonbench_l40s_20260518_184231/materialized_candidates/Bench_G_general_purpose/Qwen2.5-72B-Instruct_simp_rag/candidate_0149.py",
        "/home/mb2412/triton-experiments/experiments/tritonbench_l40s_20260518_184231/materialized_candidates/Bench_G_general_purpose/output_DeepSeek-R1_comp/candidate_0148.py",
        "/home/mb2412/triton-experiments/experiments/tritonbench_l40s_20260518_184231/materialized_candidates/Bench_G_general_purpose/output_DeepSeek-R1_comp_/candidate_0148.py",
        "/home/mb2412/triton-experiments/experiments/tritonbench_l40s_20260518_184231/materialized_candidates/Bench_G_general_purpose/output_DeepSeek-R1_comp_rag/candidate_0151.py",
        "/home/mb2412/triton-experiments/experiments/tritonbench_l40s_20260518_184231/materialized_candidates/Bench_G_general_purpose/output_DeepSeek-R1_comp_rag_/candidate_0140.py",
        "/home/mb2412/triton-experiments/experiments/tritonbench_l40s_20260518_184231/materialized_candidates/Bench_G_general_purpose/output_claude-3-5-sonnet-20240620_comp/candidate_0148.py",
        "/home/mb2412/triton-experiments/experiments/tritonbench_l40s_20260518_184231/materialized_candidates/Bench_G_general_purpose/output_claude-3-5-sonnet-20240620_comp_rag/candidate_0140.py",
        "/home/mb2412/triton-experiments/experiments/tritonbench_l40s_20260518_184231/materialized_candidates/Bench_G_general_purpose/output_claude-3-5-sonnet-20240620_simp/candidate_0148.py",
        "/home/mb2412/triton-experiments/experiments/tritonbench_l40s_20260518_184231/materialized_candidates/Bench_G_general_purpose/output_claude-3-5-sonnet-20240620_simp_rag/candidate_0144.py",
        "/home/mb2412/triton-experiments/experiments/tritonbench_l40s_20260518_184231/materialized_candidates/Bench_G_general_purpose/output_gpt-4o_comp/candidate_0148.py",
        "/home/mb2412/triton-experiments/experiments/tritonbench_l40s_20260518_184231/materialized_candidates/Bench_G_general_purpose/output_gpt-4o_comp_rag/candidate_0156.py",
        "/home/mb2412/triton-experiments/experiments/tritonbench_l40s_20260518_184231/materialized_candidates/Bench_G_general_purpose/output_gpt-4o_simp/candidate_0148.py",
        "/home/mb2412/triton-experiments/experiments/tritonbench_l40s_20260518_184231/materialized_candidates/Bench_G_general_purpose/output_gpt-4o_simp_rag/candidate_0143.py",
        "/home/mb2412/triton-experiments/experiments/tritonbench_l40s_20260518_184231/materialized_candidates/Bench_G_general_purpose/output_o1-2024-12-17_comp/candidate_0148.py",
        "/home/mb2412/triton-experiments/experiments/tritonbench_l40s_20260518_184231/materialized_candidates/Bench_G_general_purpose/output_o1-2024-12-17_comp_rag_/candidate_0140.py"
      ]
    },
    {
      "channel": "G",
      "name": "sin_computation",
      "speedup": 1.3117,
      "reference": "/home/mb2412/triton-experiments/data/TritonBench_G_v1/sin_computation.py",
      "candidate_count": 0,
      "candidates": []
    },
    {
      "channel": "G",
      "name": "chunk_gated_attention",
      "speedup": 1.0975,
      "reference": "/home/mb2412/triton-experiments/data/TritonBench_G_v1/chunk_gated_attention.py",
      "candidate_count": 0,
      "candidates": []
    },
    {
      "channel": "G",
      "name": "l2_norm_bwd",
      "speedup": 1.4409,
      "reference": "/home/mb2412/triton-experiments/data/TritonBench_G_v1/l2_norm_bwd.py",
      "candidate_count": 2,
      "candidates": [
        "/home/mb2412/triton-experiments/experiments/tritonbench_l40s_20260518_184231/materialized_candidates/Bench_G_coder_specofic/qwen_092/candidate_0046.py",
        "/home/mb2412/triton-experiments/experiments/tritonbench_l40s_20260518_184231/materialized_candidates/Bench_G_general_purpose/output_claude-3-5-sonnet-20240620_simp/candidate_0175.py"
      ]
    },
    {
      "channel": "G",
      "name": "spinning_lock_reduction",
      "speedup": 1.3158,
      "reference": "/home/mb2412/triton-experiments/data/TritonBench_G_v1/spinning_lock_reduction.py",
      "candidate_count": 0,
      "candidates": []
    },
    {
      "channel": "T",
      "name": "tensordot_rsqrt",
      "speedup": 2.2318,
      "reference": "/home/mb2412/triton-experiments/data/TritonBench_T_v1/tensordot_rsqrt.py",
      "candidate_count": 17,
      "candidates": [
        "/home/mb2412/triton-experiments/experiments/tritonbench_l40s_20260518_184231/materialized_candidates/Bench_T_coder_specific/deepseek/def_0092.py",
        "/home/mb2412/triton-experiments/experiments/tritonbench_l40s_20260518_184231/materialized_candidates/Bench_T_coder_specific/deepseek_full/def_0092.py",
        "/home/mb2412/triton-experiments/experiments/tritonbench_l40s_20260518_184231/materialized_candidates/Bench_T_coder_specific/deepseek_full_rag/def_0092.py",
        "/home/mb2412/triton-experiments/experiments/tritonbench_l40s_20260518_184231/materialized_candidates/Bench_T_coder_specific/deepseek_rag/def_0092.py",
        "/home/mb2412/triton-experiments/experiments/tritonbench_l40s_20260518_184231/materialized_candidates/Bench_T_coder_specific/qwen_full/def_0092.py",
        "/home/mb2412/triton-experiments/experiments/tritonbench_l40s_20260518_184231/materialized_candidates/Bench_T_coder_specific/qwen_full_rag/def_0092.py",
        "/home/mb2412/triton-experiments/experiments/tritonbench_l40s_20260518_184231/materialized_candidates/Bench_T_coder_specific/qwen_rag/def_0092.py",
        "/home/mb2412/triton-experiments/experiments/tritonbench_l40s_20260518_184231/materialized_candidates/Bench_T_general_purpose/output_DeepSeek-R1/def_0092.py",
        "/home/mb2412/triton-experiments/experiments/tritonbench_l40s_20260518_184231/materialized_candidates/Bench_T_general_purpose/output_DeepSeek-R1_rag/def_0092.py",
        "/home/mb2412/triton-experiments/experiments/tritonbench_l40s_20260518_184231/materialized_candidates/Bench_T_general_purpose/output_Qwen2.5-72B-Instruct/def_0092.py",
        "/home/mb2412/triton-experiments/experiments/tritonbench_l40s_20260518_184231/materialized_candidates/Bench_T_general_purpose/output_Qwen2.5-72B-Instruct_rag/def_0092.py",
        "/home/mb2412/triton-experiments/experiments/tritonbench_l40s_20260518_184231/materialized_candidates/Bench_T_general_purpose/output_claude-3-5-sonnet-20240620/def_0092.py",
        "/home/mb2412/triton-experiments/experiments/tritonbench_l40s_20260518_184231/materialized_candidates/Bench_T_general_purpose/output_claude-3-5-sonnet-20240620_rag/def_0092.py",
        "/home/mb2412/triton-experiments/experiments/tritonbench_l40s_20260518_184231/materialized_candidates/Bench_T_general_purpose/output_gpt-4o/def_0092.py",
        "/home/mb2412/triton-experiments/experiments/tritonbench_l40s_20260518_184231/materialized_candidates/Bench_T_general_purpose/output_gpt-4o_rag/def_0092.py",
        "/home/mb2412/triton-experiments/experiments/tritonbench_l40s_20260518_184231/materialized_candidates/Bench_T_general_purpose/output_o1-2024-12-17/def_0092.py",
        "/home/mb2412/triton-experiments/experiments/tritonbench_l40s_20260518_184231/materialized_candidates/Bench_T_general_purpose/output_o1-2024-12-17_rag/def_0092.py"
      ]
    },
    {
      "channel": "T",
      "name": "elu_linear",
      "speedup": 1.9,
      "reference": "/home/mb2412/triton-experiments/data/TritonBench_T_v1/elu_linear.py",
      "candidate_count": 12,
      "candidates": [
        "/home/mb2412/triton-experiments/experiments/tritonbench_l40s_20260518_184231/materialized_candidates/Bench_T_coder_specific/deepseek_full/def_0146.py",
        "/home/mb2412/triton-experiments/experiments/tritonbench_l40s_20260518_184231/materialized_candidates/Bench_T_coder_specific/qwen_full_rag/def_0146.py",
        "/home/mb2412/triton-experiments/experiments/tritonbench_l40s_20260518_184231/materialized_candidates/Bench_T_general_purpose/output_DeepSeek-R1/def_0146.py",
        "/home/mb2412/triton-experiments/experiments/tritonbench_l40s_20260518_184231/materialized_candidates/Bench_T_general_purpose/output_DeepSeek-R1_rag/def_0146.py",
        "/home/mb2412/triton-experiments/experiments/tritonbench_l40s_20260518_184231/materialized_candidates/Bench_T_general_purpose/output_Qwen2.5-72B-Instruct/def_0146.py",
        "/home/mb2412/triton-experiments/experiments/tritonbench_l40s_20260518_184231/materialized_candidates/Bench_T_general_purpose/output_Qwen2.5-72B-Instruct_rag/def_0146.py",
        "/home/mb2412/triton-experiments/experiments/tritonbench_l40s_20260518_184231/materialized_candidates/Bench_T_general_purpose/output_claude-3-5-sonnet-20240620/def_0146.py",
        "/home/mb2412/triton-experiments/experiments/tritonbench_l40s_20260518_184231/materialized_candidates/Bench_T_general_purpose/output_claude-3-5-sonnet-20240620_rag/def_0146.py",
        "/home/mb2412/triton-experiments/experiments/tritonbench_l40s_20260518_184231/materialized_candidates/Bench_T_general_purpose/output_gpt-4o/def_0146.py",
        "/home/mb2412/triton-experiments/experiments/tritonbench_l40s_20260518_184231/materialized_candidates/Bench_T_general_purpose/output_gpt-4o_rag/def_0146.py",
        "/home/mb2412/triton-experiments/experiments/tritonbench_l40s_20260518_184231/materialized_candidates/Bench_T_general_purpose/output_o1-2024-12-17/def_0146.py",
        "/home/mb2412/triton-experiments/experiments/tritonbench_l40s_20260518_184231/materialized_candidates/Bench_T_general_purpose/output_o1-2024-12-17_rag/def_0146.py"
      ]
    },
    {
      "channel": "T",
      "name": "det",
      "speedup": 1.5777,
      "reference": "/home/mb2412/triton-experiments/data/TritonBench_T_v1/det.py",
      "candidate_count": 11,
      "candidates": [
        "/home/mb2412/triton-experiments/experiments/tritonbench_l40s_20260518_184231/materialized_candidates/Bench_T_coder_specific/deepseek_full/linalg.py",
        "/home/mb2412/triton-experiments/experiments/tritonbench_l40s_20260518_184231/materialized_candidates/Bench_T_coder_specific/qwen_full/linalg.py",
        "/home/mb2412/triton-experiments/experiments/tritonbench_l40s_20260518_184231/materialized_candidates/Bench_T_coder_specific/qwen_full_rag/linalg.py",
        "/home/mb2412/triton-experiments/experiments/tritonbench_l40s_20260518_184231/materialized_candidates/Bench_T_general_purpose/output_DeepSeek-R1/linalg.py",
        "/home/mb2412/triton-experiments/experiments/tritonbench_l40s_20260518_184231/materialized_candidates/Bench_T_general_purpose/output_DeepSeek-R1_rag/linalg.py",
        "/home/mb2412/triton-experiments/experiments/tritonbench_l40s_20260518_184231/materialized_candidates/Bench_T_general_purpose/output_claude-3-5-sonnet-20240620/linalg.py",
        "/home/mb2412/triton-experiments/experiments/tritonbench_l40s_20260518_184231/materialized_candidates/Bench_T_general_purpose/output_claude-3-5-sonnet-20240620_rag/linalg.py",
        "/home/mb2412/triton-experiments/experiments/tritonbench_l40s_20260518_184231/materialized_candidates/Bench_T_general_purpose/output_gpt-4o/linalg.py",
        "/home/mb2412/triton-experiments/experiments/tritonbench_l40s_20260518_184231/materialized_candidates/Bench_T_general_purpose/output_gpt-4o_rag/linalg.py",
        "/home/mb2412/triton-experiments/experiments/tritonbench_l40s_20260518_184231/materialized_candidates/Bench_T_general_purpose/output_o1-2024-12-17/linalg.py",
        "/home/mb2412/triton-experiments/experiments/tritonbench_l40s_20260518_184231/materialized_candidates/Bench_T_general_purpose/output_o1-2024-12-17_rag/linalg.py"
      ]
    },
    {
      "channel": "T",
      "name": "lu.py",
      "speedup": 1.1829,
      "reference": "/home/mb2412/triton-experiments/data/TritonBench_T_v1/lu.py",
      "candidate_count": 18,
      "candidates": [
        "/home/mb2412/triton-experiments/experiments/tritonbench_l40s_20260518_184231/materialized_candidates/Bench_T_coder_specific/deepseek/lu.py",
        "/home/mb2412/triton-experiments/experiments/tritonbench_l40s_20260518_184231/materialized_candidates/Bench_T_coder_specific/deepseek_full/lu.py",
        "/home/mb2412/triton-experiments/experiments/tritonbench_l40s_20260518_184231/materialized_candidates/Bench_T_coder_specific/deepseek_full_rag/lu.py",
        "/home/mb2412/triton-experiments/experiments/tritonbench_l40s_20260518_184231/materialized_candidates/Bench_T_coder_specific/deepseek_rag/lu.py",
        "/home/mb2412/triton-experiments/experiments/tritonbench_l40s_20260518_184231/materialized_candidates/Bench_T_coder_specific/qwen/lu.py",
        "/home/mb2412/triton-experiments/experiments/tritonbench_l40s_20260518_184231/materialized_candidates/Bench_T_coder_specific/qwen_full/lu.py",
        "/home/mb2412/triton-experiments/experiments/tritonbench_l40s_20260518_184231/materialized_candidates/Bench_T_coder_specific/qwen_full_rag/lu.py",
        "/home/mb2412/triton-experiments/experiments/tritonbench_l40s_20260518_184231/materialized_candidates/Bench_T_coder_specific/qwen_rag/lu.py",
        "/home/mb2412/triton-experiments/experiments/tritonbench_l40s_20260518_184231/materialized_candidates/Bench_T_general_purpose/output_DeepSeek-R1/lu.py",
        "/home/mb2412/triton-experiments/experiments/tritonbench_l40s_20260518_184231/materialized_candidates/Bench_T_general_purpose/output_DeepSeek-R1_rag/lu.py",
        "/home/mb2412/triton-experiments/experiments/tritonbench_l40s_20260518_184231/materialized_candidates/Bench_T_general_purpose/output_Qwen2.5-72B-Instruct/lu.py",
        "/home/mb2412/triton-experiments/experiments/tritonbench_l40s_20260518_184231/materialized_candidates/Bench_T_general_purpose/output_Qwen2.5-72B-Instruct_rag/lu.py",
        "/home/mb2412/triton-experiments/experiments/tritonbench_l40s_20260518_184231/materialized_candidates/Bench_T_general_purpose/output_claude-3-5-sonnet-20240620/lu.py",
        "/home/mb2412/triton-experiments/experiments/tritonbench_l40s_20260518_184231/materialized_candidates/Bench_T_general_purpose/output_claude-3-5-sonnet-20240620_rag/lu.py",
        "/home/mb2412/triton-experiments/experiments/tritonbench_l40s_20260518_184231/materialized_candidates/Bench_T_general_purpose/output_gpt-4o/lu.py",
        "/home/mb2412/triton-experiments/experiments/tritonbench_l40s_20260518_184231/materialized_candidates/Bench_T_general_purpose/output_gpt-4o_rag/lu.py",
        "/home/mb2412/triton-experiments/experiments/tritonbench_l40s_20260518_184231/materialized_candidates/Bench_T_general_purpose/output_o1-2024-12-17/lu.py",
        "/home/mb2412/triton-experiments/experiments/tritonbench_l40s_20260518_184231/materialized_candidates/Bench_T_general_purpose/output_o1-2024-12-17_rag/lu.py"
      ]
    },
    {
      "channel": "T",
      "name": "invert_matrix_lu",
      "speedup": 1.6266,
      "reference": "/home/mb2412/triton-experiments/data/TritonBench_T_v1/invert_matrix_lu.py",
      "candidate_count": 18,
      "candidates": [
        "/home/mb2412/triton-experiments/experiments/tritonbench_l40s_20260518_184231/materialized_candidates/Bench_T_coder_specific/deepseek/invert_matrix_lu.py",
        "/home/mb2412/triton-experiments/experiments/tritonbench_l40s_20260518_184231/materialized_candidates/Bench_T_coder_specific/deepseek_full/invert_matrix_lu.py",
        "/home/mb2412/triton-experiments/experiments/tritonbench_l40s_20260518_184231/materialized_candidates/Bench_T_coder_specific/deepseek_full_rag/invert_matrix_lu.py",
        "/home/mb2412/triton-experiments/experiments/tritonbench_l40s_20260518_184231/materialized_candidates/Bench_T_coder_specific/deepseek_rag/invert_matrix_lu.py",
        "/home/mb2412/triton-experiments/experiments/tritonbench_l40s_20260518_184231/materialized_candidates/Bench_T_coder_specific/qwen/invert_matrix_lu.py",
        "/home/mb2412/triton-experiments/experiments/tritonbench_l40s_20260518_184231/materialized_candidates/Bench_T_coder_specific/qwen_full/invert_matrix_lu.py",
        "/home/mb2412/triton-experiments/experiments/tritonbench_l40s_20260518_184231/materialized_candidates/Bench_T_coder_specific/qwen_full_rag/invert_matrix_lu.py",
        "/home/mb2412/triton-experiments/experiments/tritonbench_l40s_20260518_184231/materialized_candidates/Bench_T_coder_specific/qwen_rag/invert_matrix_lu.py",
        "/home/mb2412/triton-experiments/experiments/tritonbench_l40s_20260518_184231/materialized_candidates/Bench_T_general_purpose/output_DeepSeek-R1/invert_matrix_lu.py",
        "/home/mb2412/triton-experiments/experiments/tritonbench_l40s_20260518_184231/materialized_candidates/Bench_T_general_purpose/output_DeepSeek-R1_rag/invert_matrix_lu.py",
        "/home/mb2412/triton-experiments/experiments/tritonbench_l40s_20260518_184231/materialized_candidates/Bench_T_general_purpose/output_Qwen2.5-72B-Instruct/invert_matrix_lu.py",
        "/home/mb2412/triton-experiments/experiments/tritonbench_l40s_20260518_184231/materialized_candidates/Bench_T_general_purpose/output_Qwen2.5-72B-Instruct_rag/invert_matrix_lu.py",
        "/home/mb2412/triton-experiments/experiments/tritonbench_l40s_20260518_184231/materialized_candidates/Bench_T_general_purpose/output_claude-3-5-sonnet-20240620/invert_matrix_lu.py",
        "/home/mb2412/triton-experiments/experiments/tritonbench_l40s_20260518_184231/materialized_candidates/Bench_T_general_purpose/output_claude-3-5-sonnet-20240620_rag/invert_matrix_lu.py",
        "/home/mb2412/triton-experiments/experiments/tritonbench_l40s_20260518_184231/materialized_candidates/Bench_T_general_purpose/output_gpt-4o/invert_matrix_lu.py",
        "/home/mb2412/triton-experiments/experiments/tritonbench_l40s_20260518_184231/materialized_candidates/Bench_T_general_purpose/output_gpt-4o_rag/invert_matrix_lu.py",
        "/home/mb2412/triton-experiments/experiments/tritonbench_l40s_20260518_184231/materialized_candidates/Bench_T_general_purpose/output_o1-2024-12-17/invert_matrix_lu.py",
        "/home/mb2412/triton-experiments/experiments/tritonbench_l40s_20260518_184231/materialized_candidates/Bench_T_general_purpose/output_o1-2024-12-17_rag/invert_matrix_lu.py"
      ]
    },
    {
      "channel": "T",
      "name": "broadcast_tensors",
      "speedup": 2.7575,
      "reference": "/home/mb2412/triton-experiments/data/TritonBench_T_v1/broadcast_tensors.py",
      "candidate_count": 18,
      "candidates": [
        "/home/mb2412/triton-experiments/experiments/tritonbench_l40s_20260518_184231/materialized_candidates/Bench_T_coder_specific/deepseek/broadcast_tensors.py",
        "/home/mb2412/triton-experiments/experiments/tritonbench_l40s_20260518_184231/materialized_candidates/Bench_T_coder_specific/deepseek_full/broadcast_tensors.py",
        "/home/mb2412/triton-experiments/experiments/tritonbench_l40s_20260518_184231/materialized_candidates/Bench_T_coder_specific/deepseek_full_rag/broadcast_tensors.py",
        "/home/mb2412/triton-experiments/experiments/tritonbench_l40s_20260518_184231/materialized_candidates/Bench_T_coder_specific/deepseek_rag/broadcast_tensors.py",
        "/home/mb2412/triton-experiments/experiments/tritonbench_l40s_20260518_184231/materialized_candidates/Bench_T_coder_specific/qwen/broadcast_tensors.py",
        "/home/mb2412/triton-experiments/experiments/tritonbench_l40s_20260518_184231/materialized_candidates/Bench_T_coder_specific/qwen_full/broadcast_tensors.py",
        "/home/mb2412/triton-experiments/experiments/tritonbench_l40s_20260518_184231/materialized_candidates/Bench_T_coder_specific/qwen_full_rag/broadcast_tensors.py",
        "/home/mb2412/triton-experiments/experiments/tritonbench_l40s_20260518_184231/materialized_candidates/Bench_T_coder_specific/qwen_rag/broadcast_tensors.py",
        "/home/mb2412/triton-experiments/experiments/tritonbench_l40s_20260518_184231/materialized_candidates/Bench_T_general_purpose/output_DeepSeek-R1/broadcast_tensors.py",
        "/home/mb2412/triton-experiments/experiments/tritonbench_l40s_20260518_184231/materialized_candidates/Bench_T_general_purpose/output_DeepSeek-R1_rag/broadcast_tensors.py",
        "/home/mb2412/triton-experiments/experiments/tritonbench_l40s_20260518_184231/materialized_candidates/Bench_T_general_purpose/output_Qwen2.5-72B-Instruct/broadcast_tensors.py",
        "/home/mb2412/triton-experiments/experiments/tritonbench_l40s_20260518_184231/materialized_candidates/Bench_T_general_purpose/output_Qwen2.5-72B-Instruct_rag/broadcast_tensors.py",
        "/home/mb2412/triton-experiments/experiments/tritonbench_l40s_20260518_184231/materialized_candidates/Bench_T_general_purpose/output_claude-3-5-sonnet-20240620/broadcast_tensors.py",
        "/home/mb2412/triton-experiments/experiments/tritonbench_l40s_20260518_184231/materialized_candidates/Bench_T_general_purpose/output_claude-3-5-sonnet-20240620_rag/broadcast_tensors.py",
        "/home/mb2412/triton-experiments/experiments/tritonbench_l40s_20260518_184231/materialized_candidates/Bench_T_general_purpose/output_gpt-4o/broadcast_tensors.py",
        "/home/mb2412/triton-experiments/experiments/tritonbench_l40s_20260518_184231/materialized_candidates/Bench_T_general_purpose/output_gpt-4o_rag/broadcast_tensors.py",
        "/home/mb2412/triton-experiments/experiments/tritonbench_l40s_20260518_184231/materialized_candidates/Bench_T_general_purpose/output_o1-2024-12-17/broadcast_tensors.py",
        "/home/mb2412/triton-experiments/experiments/tritonbench_l40s_20260518_184231/materialized_candidates/Bench_T_general_purpose/output_o1-2024-12-17_rag/broadcast_tensors.py"
      ]
    },
    {
      "channel": "T",
      "name": "fused_qr_solve",
      "speedup": 1.7538,
      "reference": "/home/mb2412/triton-experiments/data/TritonBench_T_v1/fused_qr_solve.py",
      "candidate_count": 15,
      "candidates": [
        "/home/mb2412/triton-experiments/experiments/tritonbench_l40s_20260518_184231/materialized_candidates/Bench_T_coder_specific/deepseek/def_0080.py",
        "/home/mb2412/triton-experiments/experiments/tritonbench_l40s_20260518_184231/materialized_candidates/Bench_T_coder_specific/deepseek_full/def_0080.py",
        "/home/mb2412/triton-experiments/experiments/tritonbench_l40s_20260518_184231/materialized_candidates/Bench_T_coder_specific/deepseek_full_rag/def_0080.py",
        "/home/mb2412/triton-experiments/experiments/tritonbench_l40s_20260518_184231/materialized_candidates/Bench_T_coder_specific/qwen/def_0080.py",
        "/home/mb2412/triton-experiments/experiments/tritonbench_l40s_20260518_184231/materialized_candidates/Bench_T_coder_specific/qwen_full/def_0080.py",
        "/home/mb2412/triton-experiments/experiments/tritonbench_l40s_20260518_184231/materialized_candidates/Bench_T_coder_specific/qwen_rag/def_0080.py",
        "/home/mb2412/triton-experiments/experiments/tritonbench_l40s_20260518_184231/materialized_candidates/Bench_T_general_purpose/output_DeepSeek-R1/def_0080.py",
        "/home/mb2412/triton-experiments/experiments/tritonbench_l40s_20260518_184231/materialized_candidates/Bench_T_general_purpose/output_DeepSeek-R1_rag/def_0080.py",
        "/home/mb2412/triton-experiments/experiments/tritonbench_l40s_20260518_184231/materialized_candidates/Bench_T_general_purpose/output_Qwen2.5-72B-Instruct/def_0080.py",
        "/home/mb2412/triton-experiments/experiments/tritonbench_l40s_20260518_184231/materialized_candidates/Bench_T_general_purpose/output_Qwen2.5-72B-Instruct_rag/def_0080.py",
        "/home/mb2412/triton-experiments/experiments/tritonbench_l40s_20260518_184231/materialized_candidates/Bench_T_general_purpose/output_claude-3-5-sonnet-20240620/def_0080.py",
        "/home/mb2412/triton-experiments/experiments/tritonbench_l40s_20260518_184231/materialized_candidates/Bench_T_general_purpose/output_claude-3-5-sonnet-20240620_rag/def_0080.py",
        "/home/mb2412/triton-experiments/experiments/tritonbench_l40s_20260518_184231/materialized_candidates/Bench_T_general_purpose/output_gpt-4o/def_0080.py",
        "/home/mb2412/triton-experiments/experiments/tritonbench_l40s_20260518_184231/materialized_candidates/Bench_T_general_purpose/output_gpt-4o_rag/def_0080.py",
        "/home/mb2412/triton-experiments/experiments/tritonbench_l40s_20260518_184231/materialized_candidates/Bench_T_general_purpose/output_o1-2024-12-17/def_0080.py"
      ]
    },
    {
      "channel": "T",
      "name": "sum_std",
      "speedup": 1.0316,
      "reference": "/home/mb2412/triton-experiments/data/TritonBench_T_v1/sum_std.py",
      "candidate_count": 16,
      "candidates": [
        "/home/mb2412/triton-experiments/experiments/tritonbench_l40s_20260518_184231/materialized_candidates/Bench_T_coder_specific/deepseek_full/def_0052.py",
        "/home/mb2412/triton-experiments/experiments/tritonbench_l40s_20260518_184231/materialized_candidates/Bench_T_coder_specific/deepseek_full_rag/def_0052.py",
        "/home/mb2412/triton-experiments/experiments/tritonbench_l40s_20260518_184231/materialized_candidates/Bench_T_coder_specific/deepseek_rag/def_0052.py",
        "/home/mb2412/triton-experiments/experiments/tritonbench_l40s_20260518_184231/materialized_candidates/Bench_T_coder_specific/qwen_full/def_0052.py",
        "/home/mb2412/triton-experiments/experiments/tritonbench_l40s_20260518_184231/materialized_candidates/Bench_T_coder_specific/qwen_full_rag/def_0052.py",
        "/home/mb2412/triton-experiments/experiments/tritonbench_l40s_20260518_184231/materialized_candidates/Bench_T_coder_specific/qwen_rag/def_0052.py",
        "/home/mb2412/triton-experiments/experiments/tritonbench_l40s_20260518_184231/materialized_candidates/Bench_T_general_purpose/output_DeepSeek-R1/def_0052.py",
        "/home/mb2412/triton-experiments/experiments/tritonbench_l40s_20260518_184231/materialized_candidates/Bench_T_general_purpose/output_DeepSeek-R1_rag/def_0052.py",
        "/home/mb2412/triton-experiments/experiments/tritonbench_l40s_20260518_184231/materialized_candidates/Bench_T_general_purpose/output_Qwen2.5-72B-Instruct/def_0052.py",
        "/home/mb2412/triton-experiments/experiments/tritonbench_l40s_20260518_184231/materialized_candidates/Bench_T_general_purpose/output_Qwen2.5-72B-Instruct_rag/def_0052.py",
        "/home/mb2412/triton-experiments/experiments/tritonbench_l40s_20260518_184231/materialized_candidates/Bench_T_general_purpose/output_claude-3-5-sonnet-20240620/def_0052.py",
        "/home/mb2412/triton-experiments/experiments/tritonbench_l40s_20260518_184231/materialized_candidates/Bench_T_general_purpose/output_claude-3-5-sonnet-20240620_rag/def_0052.py",
        "/home/mb2412/triton-experiments/experiments/tritonbench_l40s_20260518_184231/materialized_candidates/Bench_T_general_purpose/output_gpt-4o/def_0052.py",
        "/home/mb2412/triton-experiments/experiments/tritonbench_l40s_20260518_184231/materialized_candidates/Bench_T_general_purpose/output_gpt-4o_rag/def_0052.py",
        "/home/mb2412/triton-experiments/experiments/tritonbench_l40s_20260518_184231/materialized_candidates/Bench_T_general_purpose/output_o1-2024-12-17/def_0052.py",
        "/home/mb2412/triton-experiments/experiments/tritonbench_l40s_20260518_184231/materialized_candidates/Bench_T_general_purpose/output_o1-2024-12-17_rag/def_0052.py"
      ]
    },
    {
      "channel": "T",
      "name": "dropout_sigmoid_linear",
      "speedup": 1.6489,
      "reference": "/home/mb2412/triton-experiments/data/TritonBench_T_v1/dropout_sigmoid_linear.py",
      "candidate_count": 17,
      "candidates": [
        "/home/mb2412/triton-experiments/experiments/tritonbench_l40s_20260518_184231/materialized_candidates/Bench_T_coder_specific/deepseek/def_0094.py",
        "/home/mb2412/triton-experiments/experiments/tritonbench_l40s_20260518_184231/materialized_candidates/Bench_T_coder_specific/deepseek_full/def_0094.py",
        "/home/mb2412/triton-experiments/experiments/tritonbench_l40s_20260518_184231/materialized_candidates/Bench_T_coder_specific/deepseek_full_rag/def_0094.py",
        "/home/mb2412/triton-experiments/experiments/tritonbench_l40s_20260518_184231/materialized_candidates/Bench_T_coder_specific/deepseek_rag/def_0094.py",
        "/home/mb2412/triton-experiments/experiments/tritonbench_l40s_20260518_184231/materialized_candidates/Bench_T_coder_specific/qwen/def_0094.py",
        "/home/mb2412/triton-experiments/experiments/tritonbench_l40s_20260518_184231/materialized_candidates/Bench_T_coder_specific/qwen_full_rag/def_0094.py",
        "/home/mb2412/triton-experiments/experiments/tritonbench_l40s_20260518_184231/materialized_candidates/Bench_T_coder_specific/qwen_rag/def_0094.py",
        "/home/mb2412/triton-experiments/experiments/tritonbench_l40s_20260518_184231/materialized_candidates/Bench_T_general_purpose/output_DeepSeek-R1/def_0094.py",
        "/home/mb2412/triton-experiments/experiments/tritonbench_l40s_20260518_184231/materialized_candidates/Bench_T_general_purpose/output_DeepSeek-R1_rag/def_0094.py",
        "/home/mb2412/triton-experiments/experiments/tritonbench_l40s_20260518_184231/materialized_candidates/Bench_T_general_purpose/output_Qwen2.5-72B-Instruct/def_0094.py",
        "/home/mb2412/triton-experiments/experiments/tritonbench_l40s_20260518_184231/materialized_candidates/Bench_T_general_purpose/output_Qwen2.5-72B-Instruct_rag/def_0094.py",
        "/home/mb2412/triton-experiments/experiments/tritonbench_l40s_20260518_184231/materialized_candidates/Bench_T_general_purpose/output_claude-3-5-sonnet-20240620/def_0094.py",
        "/home/mb2412/triton-experiments/experiments/tritonbench_l40s_20260518_184231/materialized_candidates/Bench_T_general_purpose/output_claude-3-5-sonnet-20240620_rag/def_0094.py",
        "/home/mb2412/triton-experiments/experiments/tritonbench_l40s_20260518_184231/materialized_candidates/Bench_T_general_purpose/output_gpt-4o/def_0094.py",
        "/home/mb2412/triton-experiments/experiments/tritonbench_l40s_20260518_184231/materialized_candidates/Bench_T_general_purpose/output_gpt-4o_rag/def_0094.py",
        "/home/mb2412/triton-experiments/experiments/tritonbench_l40s_20260518_184231/materialized_candidates/Bench_T_general_purpose/output_o1-2024-12-17/def_0094.py",
        "/home/mb2412/triton-experiments/experiments/tritonbench_l40s_20260518_184231/materialized_candidates/Bench_T_general_purpose/output_o1-2024-12-17_rag/def_0094.py"
      ]
    },
    {
      "channel": "T",
      "name": "fused_cross_entropy_log_softmax",
      "speedup": 1.4365,
      "reference": "/home/mb2412/triton-experiments/data/TritonBench_T_v1/fused_cross_entropy_log_softmax.py",
      "candidate_count": 15,
      "candidates": [
        "/home/mb2412/triton-experiments/experiments/tritonbench_l40s_20260518_184231/materialized_candidates/Bench_T_coder_specific/deepseek/def_0078.py",
        "/home/mb2412/triton-experiments/experiments/tritonbench_l40s_20260518_184231/materialized_candidates/Bench_T_coder_specific/deepseek_full/def_0078.py",
        "/home/mb2412/triton-experiments/experiments/tritonbench_l40s_20260518_184231/materialized_candidates/Bench_T_coder_specific/deepseek_rag/def_0078.py",
        "/home/mb2412/triton-experiments/experiments/tritonbench_l40s_20260518_184231/materialized_candidates/Bench_T_coder_specific/qwen_full/def_0078.py",
        "/home/mb2412/triton-experiments/experiments/tritonbench_l40s_20260518_184231/materialized_candidates/Bench_T_coder_specific/qwen_full_rag/def_0078.py",
        "/home/mb2412/triton-experiments/experiments/tritonbench_l40s_20260518_184231/materialized_candidates/Bench_T_general_purpose/output_DeepSeek-R1/def_0078.py",
        "/home/mb2412/triton-experiments/experiments/tritonbench_l40s_20260518_184231/materialized_candidates/Bench_T_general_purpose/output_DeepSeek-R1_rag/def_0078.py",
        "/home/mb2412/triton-experiments/experiments/tritonbench_l40s_20260518_184231/materialized_candidates/Bench_T_general_purpose/output_Qwen2.5-72B-Instruct/def_0078.py",
        "/home/mb2412/triton-experiments/experiments/tritonbench_l40s_20260518_184231/materialized_candidates/Bench_T_general_purpose/output_Qwen2.5-72B-Instruct_rag/def_0078.py",
        "/home/mb2412/triton-experiments/experiments/tritonbench_l40s_20260518_184231/materialized_candidates/Bench_T_general_purpose/output_claude-3-5-sonnet-20240620/def_0078.py",
        "/home/mb2412/triton-experiments/experiments/tritonbench_l40s_20260518_184231/materialized_candidates/Bench_T_general_purpose/output_claude-3-5-sonnet-20240620_rag/def_0078.py",
        "/home/mb2412/triton-experiments/experiments/tritonbench_l40s_20260518_184231/materialized_candidates/Bench_T_general_purpose/output_gpt-4o/def_0078.py",
        "/home/mb2412/triton-experiments/experiments/tritonbench_l40s_20260518_184231/materialized_candidates/Bench_T_general_purpose/output_gpt-4o_rag/def_0078.py",
        "/home/mb2412/triton-experiments/experiments/tritonbench_l40s_20260518_184231/materialized_candidates/Bench_T_general_purpose/output_o1-2024-12-17/def_0078.py",
        "/home/mb2412/triton-experiments/experiments/tritonbench_l40s_20260518_184231/materialized_candidates/Bench_T_general_purpose/output_o1-2024-12-17_rag/def_0078.py"
      ]
    },
    {
      "channel": "T",
      "name": "fused_transformer_block",
      "speedup": 2.2619,
      "reference": "/home/mb2412/triton-experiments/data/TritonBench_T_v1/fused_transformer_block.py",
      "candidate_count": 18,
      "candidates": [
        "/home/mb2412/triton-experiments/experiments/tritonbench_l40s_20260518_184231/materialized_candidates/Bench_T_coder_specific/deepseek/fused_transformer_block.py",
        "/home/mb2412/triton-experiments/experiments/tritonbench_l40s_20260518_184231/materialized_candidates/Bench_T_coder_specific/deepseek_full/fused_transformer_block.py",
        "/home/mb2412/triton-experiments/experiments/tritonbench_l40s_20260518_184231/materialized_candidates/Bench_T_coder_specific/deepseek_full_rag/fused_transformer_block.py",
        "/home/mb2412/triton-experiments/experiments/tritonbench_l40s_20260518_184231/materialized_candidates/Bench_T_coder_specific/deepseek_rag/fused_transformer_block.py",
        "/home/mb2412/triton-experiments/experiments/tritonbench_l40s_20260518_184231/materialized_candidates/Bench_T_coder_specific/qwen/fused_transformer_block.py",
        "/home/mb2412/triton-experiments/experiments/tritonbench_l40s_20260518_184231/materialized_candidates/Bench_T_coder_specific/qwen_full/fused_transformer_block.py",
        "/home/mb2412/triton-experiments/experiments/tritonbench_l40s_20260518_184231/materialized_candidates/Bench_T_coder_specific/qwen_full_rag/fused_transformer_block.py",
        "/home/mb2412/triton-experiments/experiments/tritonbench_l40s_20260518_184231/materialized_candidates/Bench_T_coder_specific/qwen_rag/fused_transformer_block.py",
        "/home/mb2412/triton-experiments/experiments/tritonbench_l40s_20260518_184231/materialized_candidates/Bench_T_general_purpose/output_DeepSeek-R1/fused_transformer_block.py",
        "/home/mb2412/triton-experiments/experiments/tritonbench_l40s_20260518_184231/materialized_candidates/Bench_T_general_purpose/output_DeepSeek-R1_rag/fused_transformer_block.py",
        "/home/mb2412/triton-experiments/experiments/tritonbench_l40s_20260518_184231/materialized_candidates/Bench_T_general_purpose/output_Qwen2.5-72B-Instruct/fused_transformer_block.py",
        "/home/mb2412/triton-experiments/experiments/tritonbench_l40s_20260518_184231/materialized_candidates/Bench_T_general_purpose/output_Qwen2.5-72B-Instruct_rag/fused_transformer_block.py",
        "/home/mb2412/triton-experiments/experiments/tritonbench_l40s_20260518_184231/materialized_candidates/Bench_T_general_purpose/output_claude-3-5-sonnet-20240620/fused_transformer_block.py",
        "/home/mb2412/triton-experiments/experiments/tritonbench_l40s_20260518_184231/materialized_candidates/Bench_T_general_purpose/output_claude-3-5-sonnet-20240620_rag/fused_transformer_block.py",
        "/home/mb2412/triton-experiments/experiments/tritonbench_l40s_20260518_184231/materialized_candidates/Bench_T_general_purpose/output_gpt-4o/fused_transformer_block.py",
        "/home/mb2412/triton-experiments/experiments/tritonbench_l40s_20260518_184231/materialized_candidates/Bench_T_general_purpose/output_gpt-4o_rag/fused_transformer_block.py",
        "/home/mb2412/triton-experiments/experiments/tritonbench_l40s_20260518_184231/materialized_candidates/Bench_T_general_purpose/output_o1-2024-12-17/fused_transformer_block.py",
        "/home/mb2412/triton-experiments/experiments/tritonbench_l40s_20260518_184231/materialized_candidates/Bench_T_general_purpose/output_o1-2024-12-17_rag/fused_transformer_block.py"
      ]
    },
    {
      "channel": "T",
      "name": "sigmoid_adaptive_avg_pool2d",
      "speedup": 1.4444,
      "reference": "/home/mb2412/triton-experiments/data/TritonBench_T_v1/sigmoid_adaptive_avg_pool2d.py",
      "candidate_count": 17,
      "candidates": [
        "/home/mb2412/triton-experiments/experiments/tritonbench_l40s_20260518_184231/materialized_candidates/Bench_T_coder_specific/deepseek/def_0081.py",
        "/home/mb2412/triton-experiments/experiments/tritonbench_l40s_20260518_184231/materialized_candidates/Bench_T_coder_specific/deepseek_full/def_0081.py",
        "/home/mb2412/triton-experiments/experiments/tritonbench_l40s_20260518_184231/materialized_candidates/Bench_T_coder_specific/deepseek_full_rag/def_0081.py",
        "/home/mb2412/triton-experiments/experiments/tritonbench_l40s_20260518_184231/materialized_candidates/Bench_T_coder_specific/qwen/def_0081.py",
        "/home/mb2412/triton-experiments/experiments/tritonbench_l40s_20260518_184231/materialized_candidates/Bench_T_coder_specific/qwen_full/def_0081.py",
        "/home/mb2412/triton-experiments/experiments/tritonbench_l40s_20260518_184231/materialized_candidates/Bench_T_coder_specific/qwen_full_rag/def_0081.py",
        "/home/mb2412/triton-experiments/experiments/tritonbench_l40s_20260518_184231/materialized_candidates/Bench_T_coder_specific/qwen_rag/def_0081.py",
        "/home/mb2412/triton-experiments/experiments/tritonbench_l40s_20260518_184231/materialized_candidates/Bench_T_general_purpose/output_DeepSeek-R1/def_0081.py",
        "/home/mb2412/triton-experiments/experiments/tritonbench_l40s_20260518_184231/materialized_candidates/Bench_T_general_purpose/output_DeepSeek-R1_rag/def_0081.py",
        "/home/mb2412/triton-experiments/experiments/tritonbench_l40s_20260518_184231/materialized_candidates/Bench_T_general_purpose/output_Qwen2.5-72B-Instruct/def_0081.py",
        "/home/mb2412/triton-experiments/experiments/tritonbench_l40s_20260518_184231/materialized_candidates/Bench_T_general_purpose/output_Qwen2.5-72B-Instruct_rag/def_0081.py",
        "/home/mb2412/triton-experiments/experiments/tritonbench_l40s_20260518_184231/materialized_candidates/Bench_T_general_purpose/output_claude-3-5-sonnet-20240620/def_0081.py",
        "/home/mb2412/triton-experiments/experiments/tritonbench_l40s_20260518_184231/materialized_candidates/Bench_T_general_purpose/output_claude-3-5-sonnet-20240620_rag/def_0081.py",
        "/home/mb2412/triton-experiments/experiments/tritonbench_l40s_20260518_184231/materialized_candidates/Bench_T_general_purpose/output_gpt-4o/def_0081.py",
        "/home/mb2412/triton-experiments/experiments/tritonbench_l40s_20260518_184231/materialized_candidates/Bench_T_general_purpose/output_gpt-4o_rag/def_0081.py",
        "/home/mb2412/triton-experiments/experiments/tritonbench_l40s_20260518_184231/materialized_candidates/Bench_T_general_purpose/output_o1-2024-12-17/def_0081.py",
        "/home/mb2412/triton-experiments/experiments/tritonbench_l40s_20260518_184231/materialized_candidates/Bench_T_general_purpose/output_o1-2024-12-17_rag/def_0081.py"
      ]
    }
  ],
  "results": [
    {
      "candidate": "/home/mb2412/triton-experiments/experiments/tritonbench_l40s_20260518_184231/materialized_candidates/Bench_G_coder_specofic/deepseek_094/candidate_0095.py",
      "reference": "/home/mb2412/triton-experiments/data/TritonBench_G_v1/fused_recurrent_retention.py",
      "seed": 0,
      "repo_stdout_equal": true,
      "candidate_stdout": {
        "returncode": 1,
        "stdout": "",
        "stderr": "  File \"/tmp/strict_io_stdout_kkvvo8ri/candidate_under_test.py\", line 19\n    @triton.jit\n    ^\nIndentationError: expected an indented block after function definition on line 11\n"
      },
      "reference_stdout": {
        "returncode": 0,
        "stdout": "",
        "stderr": ""
      },
      "candidate_import_ok": false,
      "reference_import_ok": true,
      "strict_status": "import_error",
      "candidate_import_error": "Traceback (most recent call last):\n  File \"/home/mb2412/triton-experiments/tools/semantic_checks/strict_io_compare.py\", line 85, in _import_module\n    spec.loader.exec_module(module)\n  File \"<frozen importlib._bootstrap_external>\", line 991, in exec_module\n  File \"<frozen importlib._bootstrap_external>\", line 1129, in get_code\n  File \"<frozen importlib._bootstrap_external>\", line 1059, in source_to_code\n  File \"<frozen importlib._bootstrap>\", line 488, in _call_with_frames_removed\n  File \"/tmp/strict_io_import_a071h85y/candidate_under_test.py\", line 19\n    @triton.jit\n    ^\nIndentationError: expected an indented block after function definition on line 11\n",
      "reference_import_error": null,
      "channel": "G",
      "name": "fused_recurrent_retention",
      "speedup": 1.6245,
      "candidate_rel": "Bench_G_coder_specofic/deepseek_094/candidate_0095.py"
    },
    {
      "candidate": "/home/mb2412/triton-experiments/experiments/tritonbench_l40s_20260518_184231/materialized_candidates/Bench_G_coder_specofic/qwen_092/candidate_0095.py",
      "reference": "/home/mb2412/triton-experiments/data/TritonBench_G_v1/fused_recurrent_retention.py",
      "seed": 0,
      "repo_stdout_equal": true,
      "candidate_stdout": {
        "returncode": 0,
        "stdout": "",
        "stderr": ""
      },
      "reference_stdout": {
        "returncode": 0,
        "stdout": "",
        "stderr": ""
      },
      "candidate_import_ok": true,
      "reference_import_ok": true,
      "candidate_result_name": null,
      "reference_result_name": "result_gold",
      "strict_status": "fail",
      "strict_mismatches": [
        "$: type differs: NoneType != dict"
      ],
      "stdout_false_positive": true,
      "channel": "G",
      "name": "fused_recurrent_retention",
      "speedup": 1.6245,
      "candidate_rel": "Bench_G_coder_specofic/qwen_092/candidate_0095.py"
    },
    {
      "candidate": "/home/mb2412/triton-experiments/experiments/tritonbench_l40s_20260518_184231/materialized_candidates/Bench_G_coder_specofic/qwen_tune_rag_250/candidate_0095.py",
      "reference": "/home/mb2412/triton-experiments/data/TritonBench_G_v1/fused_recurrent_retention.py",
      "seed": 0,
      "repo_stdout_equal": true,
      "candidate_stdout": {
        "returncode": 1,
        "stdout": "",
        "stderr": "  File \"/tmp/strict_io_stdout_ik6or5dn/candidate_under_test.py\", line 3\n    o_i = tl.sum(_o, axis=1)\nIndentationError: unexpected indent\n"
      },
      "reference_stdout": {
        "returncode": 0,
        "stdout": "",
        "stderr": ""
      },
      "candidate_import_ok": false,
      "reference_import_ok": true,
      "strict_status": "import_error",
      "candidate_import_error": "Traceback (most recent call last):\n  File \"/home/mb2412/triton-experiments/tools/semantic_checks/strict_io_compare.py\", line 85, in _import_module\n    spec.loader.exec_module(module)\n  File \"<frozen importlib._bootstrap_external>\", line 991, in exec_module\n  File \"<frozen importlib._bootstrap_external>\", line 1129, in get_code\n  File \"<frozen importlib._bootstrap_external>\", line 1059, in source_to_code\n  File \"<frozen importlib._bootstrap>\", line 488, in _call_with_frames_removed\n  File \"/tmp/strict_io_import_hpdhhk2m/candidate_under_test.py\", line 3\n    o_i = tl.sum(_o, axis=1)\nIndentationError: unexpected indent\n",
      "reference_import_error": null,
      "channel": "G",
      "name": "fused_recurrent_retention",
      "speedup": 1.6245,
      "candidate_rel": "Bench_G_coder_specofic/qwen_tune_rag_250/candidate_0095.py"
    },
    {
      "candidate": "/home/mb2412/triton-experiments/experiments/tritonbench_l40s_20260518_184231/materialized_candidates/Bench_G_general_purpose/Qwen2.5-72B-Instruct_comp/candidate_0095.py",
      "reference": "/home/mb2412/triton-experiments/data/TritonBench_G_v1/fused_recurrent_retention.py",
      "seed": 0,
      "repo_stdout_equal": true,
      "candidate_stdout": {
        "returncode": 0,
        "stdout": "",
        "stderr": ""
      },
      "reference_stdout": {
        "returncode": 0,
        "stdout": "",
        "stderr": ""
      },
      "candidate_import_ok": true,
      "reference_import_ok": true,
      "candidate_result_name": null,
      "reference_result_name": "result_gold",
      "strict_status": "fail",
      "strict_mismatches": [
        "$: type differs: NoneType != dict"
      ],
      "stdout_false_positive": true,
      "channel": "G",
      "name": "fused_recurrent_retention",
      "speedup": 1.6245,
      "candidate_rel": "Bench_G_general_purpose/Qwen2.5-72B-Instruct_comp/candidate_0095.py"
    },
    {
      "candidate": "/home/mb2412/triton-experiments/experiments/tritonbench_l40s_20260518_184231/materialized_candidates/Bench_G_general_purpose/output_DeepSeek-R1_comp/candidate_0095.py",
      "reference": "/home/mb2412/triton-experiments/data/TritonBench_G_v1/fused_recurrent_retention.py",
      "seed": 0,
      "repo_stdout_equal": true,
      "candidate_stdout": {
        "returncode": 0,
        "stdout": "",
        "stderr": ""
      },
      "reference_stdout": {
        "returncode": 0,
        "stdout": "",
        "stderr": ""
      },
      "candidate_import_ok": true,
      "reference_import_ok": true,
      "candidate_result_name": null,
      "reference_result_name": "result_gold",
      "strict_status": "fail",
      "strict_mismatches": [
        "$: type differs: NoneType != dict"
      ],
      "stdout_false_positive": true,
      "channel": "G",
      "name": "fused_recurrent_retention",
      "speedup": 1.6245,
      "candidate_rel": "Bench_G_general_purpose/output_DeepSeek-R1_comp/candidate_0095.py"
    },
    {
      "candidate": "/home/mb2412/triton-experiments/experiments/tritonbench_l40s_20260518_184231/materialized_candidates/Bench_G_general_purpose/output_DeepSeek-R1_comp_/candidate_0095.py",
      "reference": "/home/mb2412/triton-experiments/data/TritonBench_G_v1/fused_recurrent_retention.py",
      "seed": 0,
      "repo_stdout_equal": true,
      "candidate_stdout": {
        "returncode": 0,
        "stdout": "",
        "stderr": ""
      },
      "reference_stdout": {
        "returncode": 0,
        "stdout": "",
        "stderr": ""
      },
      "candidate_import_ok": true,
      "reference_import_ok": true,
      "candidate_result_name": null,
      "reference_result_name": "result_gold",
      "strict_status": "fail",
      "strict_mismatches": [
        "$: type differs: NoneType != dict"
      ],
      "stdout_false_positive": true,
      "channel": "G",
      "name": "fused_recurrent_retention",
      "speedup": 1.6245,
      "candidate_rel": "Bench_G_general_purpose/output_DeepSeek-R1_comp_/candidate_0095.py"
    },
    {
      "candidate": "/home/mb2412/triton-experiments/experiments/tritonbench_l40s_20260518_184231/materialized_candidates/Bench_G_general_purpose/output_DeepSeek-R1_comp_rag/candidate_0085.py",
      "reference": "/home/mb2412/triton-experiments/data/TritonBench_G_v1/fused_recurrent_retention.py",
      "seed": 0,
      "repo_stdout_equal": true,
      "candidate_stdout": {
        "returncode": 0,
        "stdout": "",
        "stderr": ""
      },
      "reference_stdout": {
        "returncode": 0,
        "stdout": "",
        "stderr": ""
      },
      "candidate_import_ok": true,
      "reference_import_ok": true,
      "candidate_result_name": null,
      "reference_result_name": "result_gold",
      "strict_status": "fail",
      "strict_mismatches": [
        "$: type differs: NoneType != dict"
      ],
      "stdout_false_positive": true,
      "channel": "G",
      "name": "fused_recurrent_retention",
      "speedup": 1.6245,
      "candidate_rel": "Bench_G_general_purpose/output_DeepSeek-R1_comp_rag/candidate_0085.py"
    },
    {
      "candidate": "/home/mb2412/triton-experiments/experiments/tritonbench_l40s_20260518_184231/materialized_candidates/Bench_G_general_purpose/output_DeepSeek-R1_comp_rag_/candidate_0099.py",
      "reference": "/home/mb2412/triton-experiments/data/TritonBench_G_v1/fused_recurrent_retention.py",
      "seed": 0,
      "repo_stdout_equal": true,
      "candidate_stdout": {
        "returncode": 0,
        "stdout": "",
        "stderr": ""
      },
      "reference_stdout": {
        "returncode": 0,
        "stdout": "",
        "stderr": ""
      },
      "candidate_import_ok": true,
      "reference_import_ok": true,
      "candidate_result_name": null,
      "reference_result_name": "result_gold",
      "strict_status": "fail",
      "strict_mismatches": [
        "$: type differs: NoneType != dict"
      ],
      "stdout_false_positive": true,
      "channel": "G",
      "name": "fused_recurrent_retention",
      "speedup": 1.6245,
      "candidate_rel": "Bench_G_general_purpose/output_DeepSeek-R1_comp_rag_/candidate_0099.py"
    },
    {
      "candidate": "/home/mb2412/triton-experiments/experiments/tritonbench_l40s_20260518_184231/materialized_candidates/Bench_G_general_purpose/output_claude-3-5-sonnet-20240620_comp/candidate_0095.py",
      "reference": "/home/mb2412/triton-experiments/data/TritonBench_G_v1/fused_recurrent_retention.py",
      "seed": 0,
      "repo_stdout_equal": true,
      "candidate_stdout": {
        "returncode": 0,
        "stdout": "",
        "stderr": ""
      },
      "reference_stdout": {
        "returncode": 0,
        "stdout": "",
        "stderr": ""
      },
      "candidate_import_ok": true,
      "reference_import_ok": true,
      "candidate_result_name": null,
      "reference_result_name": "result_gold",
      "strict_status": "fail",
      "strict_mismatches": [
        "$: type differs: NoneType != dict"
      ],
      "stdout_false_positive": true,
      "channel": "G",
      "name": "fused_recurrent_retention",
      "speedup": 1.6245,
      "candidate_rel": "Bench_G_general_purpose/output_claude-3-5-sonnet-20240620_comp/candidate_0095.py"
    },
    {
      "candidate": "/home/mb2412/triton-experiments/experiments/tritonbench_l40s_20260518_184231/materialized_candidates/Bench_G_general_purpose/output_claude-3-5-sonnet-20240620_comp_rag/candidate_0099.py",
      "reference": "/home/mb2412/triton-experiments/data/TritonBench_G_v1/fused_recurrent_retention.py",
      "seed": 0,
      "repo_stdout_equal": true,
      "candidate_stdout": {
        "returncode": 0,
        "stdout": "",
        "stderr": ""
      },
      "reference_stdout": {
        "returncode": 0,
        "stdout": "",
        "stderr": ""
      },
      "candidate_import_ok": true,
      "reference_import_ok": true,
      "candidate_result_name": null,
      "reference_result_name": "result_gold",
      "strict_status": "fail",
      "strict_mismatches": [
        "$: type differs: NoneType != dict"
      ],
      "stdout_false_positive": true,
      "channel": "G",
      "name": "fused_recurrent_retention",
      "speedup": 1.6245,
      "candidate_rel": "Bench_G_general_purpose/output_claude-3-5-sonnet-20240620_comp_rag/candidate_0099.py"
    },
    {
      "candidate": "/home/mb2412/triton-experiments/experiments/tritonbench_l40s_20260518_184231/materialized_candidates/Bench_G_general_purpose/output_claude-3-5-sonnet-20240620_simp/candidate_0095.py",
      "reference": "/home/mb2412/triton-experiments/data/TritonBench_G_v1/fused_recurrent_retention.py",
      "seed": 0,
      "repo_stdout_equal": true,
      "candidate_stdout": {
        "returncode": 0,
        "stdout": "",
        "stderr": ""
      },
      "reference_stdout": {
        "returncode": 0,
        "stdout": "",
        "stderr": ""
      },
      "candidate_import_ok": true,
      "reference_import_ok": true,
      "candidate_result_name": null,
      "reference_result_name": "result_gold",
      "strict_status": "fail",
      "strict_mismatches": [
        "$: type differs: NoneType != dict"
      ],
      "stdout_false_positive": true,
      "channel": "G",
      "name": "fused_recurrent_retention",
      "speedup": 1.6245,
      "candidate_rel": "Bench_G_general_purpose/output_claude-3-5-sonnet-20240620_simp/candidate_0095.py"
    },
    {
      "candidate": "/home/mb2412/triton-experiments/experiments/tritonbench_l40s_20260518_184231/materialized_candidates/Bench_G_general_purpose/output_gpt-4o_comp/candidate_0095.py",
      "reference": "/home/mb2412/triton-experiments/data/TritonBench_G_v1/fused_recurrent_retention.py",
      "seed": 0,
      "repo_stdout_equal": true,
      "candidate_stdout": {
        "returncode": 1,
        "stdout": "",
        "stderr": "Traceback (most recent call last):\n  File \"/tmp/strict_io_stdout_6i9szj88/candidate_under_test.py\", line 106, in <module>\n    o, final_state = fused_recurrent_retention(q, k, v, store_final_state=True)\n                     ^^^^^^^^^^^^^^^^^^^^^^^^^^^^^^^^^^^^^^^^^^^^^^^^^^^^^^^^^^\n  File \"/tmp/strict_io_stdout_6i9szj88/candidate_under_test.py\", line 90, in fused_recurrent_retention\n    fused_recurrent_retention_fwd_kernel[grid](\n  File \"/home/mb2412/.local/lib/python3.12/site-packages/triton/runtime/jit.py\", line 347, in <lambda>\n    return lambda *args, **kwargs: self.run(grid=grid, warmup=False, *args, **kwargs)\n                                   ^^^^^^^^^^^^^^^^^^^^^^^^^^^^^^^^^^^^^^^^^^^^^^^^^^\n  File \"/home/mb2412/.local/lib/python3.12/site-packages/triton/runtime/jit.py\", line 569, in run\n    kernel = self.compile(src, target=target, options=options.__dict__)\n             ^^^^^^^^^^^^^^^^^^^^^^^^^^^^^^^^^^^^^^^^^^^^^^^^^^^^^^^^^^\n  File \"/home/mb2412/.local/lib/python3.12/site-packages/triton/compiler/compiler.py\", line 278, in compile\n    module = src.make_ir(options, codegen_fns, module_map, context)\n             ^^^^^^^^^^^^^^^^^^^^^^^^^^^^^^^^^^^^^^^^^^^^^^^^^^^^^^\n  File \"/home/mb2412/.local/lib/python3.12/site-packages/triton/compiler/compiler.py\", line 81, in make_ir\n    return ast_to_ttir(self.fn, self, context=context, options=options, codegen_fns=codegen_fns,\n           ^^^^^^^^^^^^^^^^^^^^^^^^^^^^^^^^^^^^^^^^^^^^^^^^^^^^^^^^^^^^^^^^^^^^^^^^^^^^^^^^^^^^^\ntriton.compiler.errors.CompilationError: at 18:12:\n\n    # Calculate the head index and time step\n    i_h = pid // T\n    i_t = pid % T\n\n    # Load the current block of q, k, v\n    q = tl.load(q_ptr + i_h * D + i_t * D, mask=i_t < T)\n    k = tl.load(k_ptr + i_h * D + i_t * D, mask=i_t < T)\n    v = tl.load(v_ptr + i_h * D + i_t * D, mask=i_t < T)\n\n    # Scale the query\n    q = q * scale\n            ^\nNameError(\"Cannot access global variable scale from within @jit'ed function. Triton kernels can only access global variables that are instanstiated as constexpr (`x = triton.language.constexpr(42)`). Note that this is different from annotating a variable as constexpr (`x: triton.language.constexpr = 42`), which is not supported.  Alternatively, set the envvar TRITON_ALLOW_NON_CONSTEXPR_GLOBALS=1, but we do not promise to support this forever.\")\n"
      },
      "reference_stdout": {
        "returncode": 0,
        "stdout": "",
        "stderr": ""
      },
      "candidate_import_ok": false,
      "reference_import_ok": true,
      "strict_status": "import_error",
      "candidate_import_error": "Traceback (most recent call last):\n  File \"/home/mb2412/triton-experiments/tools/semantic_checks/strict_io_compare.py\", line 85, in _import_module\n    spec.loader.exec_module(module)\n  File \"<frozen importlib._bootstrap_external>\", line 995, in exec_module\n  File \"<frozen importlib._bootstrap>\", line 488, in _call_with_frames_removed\n  File \"/tmp/strict_io_import_mluz5_gg/candidate_under_test.py\", line 106, in <module>\n  File \"/tmp/strict_io_import_mluz5_gg/candidate_under_test.py\", line 90, in fused_recurrent_retention\n  File \"/home/mb2412/.local/lib/python3.12/site-packages/triton/runtime/jit.py\", line 347, in <lambda>\n    return lambda *args, **kwargs: self.run(grid=grid, warmup=False, *args, **kwargs)\n                                   ^^^^^^^^^^^^^^^^^^^^^^^^^^^^^^^^^^^^^^^^^^^^^^^^^^\n  File \"/home/mb2412/.local/lib/python3.12/site-packages/triton/runtime/jit.py\", line 569, in run\n    kernel = self.compile(src, target=target, options=options.__dict__)\n             ^^^^^^^^^^^^^^^^^^^^^^^^^^^^^^^^^^^^^^^^^^^^^^^^^^^^^^^^^^\n  File \"/home/mb2412/.local/lib/python3.12/site-packages/triton/compiler/compiler.py\", line 278, in compile\n    module = src.make_ir(options, codegen_fns, module_map, context)\n             ^^^^^^^^^^^^^^^^^^^^^^^^^^^^^^^^^^^^^^^^^^^^^^^^^^^^^^\n  File \"/home/mb2412/.local/lib/python3.12/site-packages/triton/compiler/compiler.py\", line 81, in make_ir\n    return ast_to_ttir(self.fn, self, context=context, options=options, codegen_fns=codegen_fns,\n           ^^^^^^^^^^^^^^^^^^^^^^^^^^^^^^^^^^^^^^^^^^^^^^^^^^^^^^^^^^^^^^^^^^^^^^^^^^^^^^^^^^^^^\ntriton.compiler.errors.CompilationError: at 18:12:\n\n    # Calculate the head index and time step\n    i_h = pid // T\n    i_t = pid % T\n\n    # Load the current block of q, k, v\n    q = tl.load(q_ptr + i_h * D + i_t * D, mask=i_t < T)\n    k = tl.load(k_ptr + i_h * D + i_t * D, mask=i_t < T)\n    v = tl.load(v_ptr + i_h * D + i_t * D, mask=i_t < T)\n\n    # Scale the query\n    q = q * scale\n            ^\nNameError(\"Cannot access global variable scale from within @jit'ed function. Triton kernels can only access global variables that are instanstiated as constexpr (`x = triton.language.constexpr(42)`). Note that this is different from annotating a variable as constexpr (`x: triton.language.constexpr = 42`), which is not supported.  Alternatively, set the envvar TRITON_ALLOW_NON_CONSTEXPR_GLOBALS=1, but we do not promise to support this forever.\")\n",
      "reference_import_error": null,
      "channel": "G",
      "name": "fused_recurrent_retention",
      "speedup": 1.6245,
      "candidate_rel": "Bench_G_general_purpose/output_gpt-4o_comp/candidate_0095.py"
    },
    {
      "candidate": "/home/mb2412/triton-experiments/experiments/tritonbench_l40s_20260518_184231/materialized_candidates/Bench_G_general_purpose/output_gpt-4o_simp/candidate_0095.py",
      "reference": "/home/mb2412/triton-experiments/data/TritonBench_G_v1/fused_recurrent_retention.py",
      "seed": 0,
      "repo_stdout_equal": true,
      "candidate_stdout": {
        "returncode": 0,
        "stdout": "",
        "stderr": ""
      },
      "reference_stdout": {
        "returncode": 0,
        "stdout": "",
        "stderr": ""
      },
      "candidate_import_ok": true,
      "reference_import_ok": true,
      "candidate_result_name": null,
      "reference_result_name": "result_gold",
      "strict_status": "fail",
      "strict_mismatches": [
        "$: type differs: NoneType != dict"
      ],
      "stdout_false_positive": true,
      "channel": "G",
      "name": "fused_recurrent_retention",
      "speedup": 1.6245,
      "candidate_rel": "Bench_G_general_purpose/output_gpt-4o_simp/candidate_0095.py"
    },
    {
      "candidate": "/home/mb2412/triton-experiments/experiments/tritonbench_l40s_20260518_184231/materialized_candidates/Bench_G_general_purpose/output_o1-2024-12-17_comp/candidate_0095.py",
      "reference": "/home/mb2412/triton-experiments/data/TritonBench_G_v1/fused_recurrent_retention.py",
      "seed": 0,
      "repo_stdout_equal": true,
      "candidate_stdout": {
        "returncode": 1,
        "stdout": "",
        "stderr": "  File \"/tmp/strict_io_stdout_k7tt7quo/candidate_under_test.py\", line 140\n    d_alpha = (-tl.exp(-q_t_scaled)) * (scale * dq_t := 0.)\n                                        ^^^^^^^^^^^^\nSyntaxError: cannot use assignment expressions with expression\n"
      },
      "reference_stdout": {
        "returncode": 0,
        "stdout": "",
        "stderr": ""
      },
      "candidate_import_ok": false,
      "reference_import_ok": true,
      "strict_status": "import_error",
      "candidate_import_error": "Traceback (most recent call last):\n  File \"/home/mb2412/triton-experiments/tools/semantic_checks/strict_io_compare.py\", line 85, in _import_module\n    spec.loader.exec_module(module)\n  File \"<frozen importlib._bootstrap_external>\", line 991, in exec_module\n  File \"<frozen importlib._bootstrap_external>\", line 1129, in get_code\n  File \"<frozen importlib._bootstrap_external>\", line 1059, in source_to_code\n  File \"<frozen importlib._bootstrap>\", line 488, in _call_with_frames_removed\n  File \"/tmp/strict_io_import__zqavovm/candidate_under_test.py\", line 140\n    d_alpha = (-tl.exp(-q_t_scaled)) * (scale * dq_t := 0.)\n                                        ^^^^^^^^^^^^\nSyntaxError: cannot use assignment expressions with expression\n",
      "reference_import_error": null,
      "channel": "G",
      "name": "fused_recurrent_retention",
      "speedup": 1.6245,
      "candidate_rel": "Bench_G_general_purpose/output_o1-2024-12-17_comp/candidate_0095.py"
    },
    {
      "candidate": "/home/mb2412/triton-experiments/experiments/tritonbench_l40s_20260518_184231/materialized_candidates/Bench_G_general_purpose/output_o1-2024-12-17_comp_rag_/candidate_0099.py",
      "reference": "/home/mb2412/triton-experiments/data/TritonBench_G_v1/fused_recurrent_retention.py",
      "seed": 0,
      "repo_stdout_equal": true,
      "candidate_stdout": {
        "returncode": 0,
        "stdout": "",
        "stderr": ""
      },
      "reference_stdout": {
        "returncode": 0,
        "stdout": "",
        "stderr": ""
      },
      "candidate_import_ok": true,
      "reference_import_ok": true,
      "candidate_result_name": null,
      "reference_result_name": "result_gold",
      "strict_status": "fail",
      "strict_mismatches": [
        "$: type differs: NoneType != dict"
      ],
      "stdout_false_positive": true,
      "channel": "G",
      "name": "fused_recurrent_retention",
      "speedup": 1.6245,
      "candidate_rel": "Bench_G_general_purpose/output_o1-2024-12-17_comp_rag_/candidate_0099.py"
    },
    {
      "candidate": "/home/mb2412/triton-experiments/experiments/tritonbench_l40s_20260518_184231/materialized_candidates/Bench_G_coder_specofic/deepseek_094/candidate_0148.py",
      "reference": "/home/mb2412/triton-experiments/data/TritonBench_G_v1/triton_mul2.py",
      "seed": 0,
      "repo_stdout_equal": true,
      "candidate_stdout": {
        "returncode": 0,
        "stdout": "",
        "stderr": ""
      },
      "reference_stdout": {
        "returncode": 0,
        "stdout": "",
        "stderr": ""
      },
      "candidate_import_ok": true,
      "reference_import_ok": true,
      "candidate_result_name": null,
      "reference_result_name": "result_gold",
      "strict_status": "fail",
      "strict_mismatches": [
        "$: type differs: NoneType != dict"
      ],
      "stdout_false_positive": true,
      "channel": "G",
      "name": "triton_mul2",
      "speedup": 1.3112,
      "candidate_rel": "Bench_G_coder_specofic/deepseek_094/candidate_0148.py"
    },
    {
      "candidate": "/home/mb2412/triton-experiments/experiments/tritonbench_l40s_20260518_184231/materialized_candidates/Bench_G_coder_specofic/deepseek_rag_145/candidate_0148.py",
      "reference": "/home/mb2412/triton-experiments/data/TritonBench_G_v1/triton_mul2.py",
      "seed": 0,
      "repo_stdout_equal": true,
      "candidate_stdout": {
        "returncode": 0,
        "stdout": "",
        "stderr": ""
      },
      "reference_stdout": {
        "returncode": 0,
        "stdout": "",
        "stderr": ""
      },
      "candidate_import_ok": true,
      "reference_import_ok": true,
      "candidate_result_name": null,
      "reference_result_name": "result_gold",
      "strict_status": "fail",
      "strict_mismatches": [
        "$: type differs: NoneType != dict"
      ],
      "stdout_false_positive": true,
      "channel": "G",
      "name": "triton_mul2",
      "speedup": 1.3112,
      "candidate_rel": "Bench_G_coder_specofic/deepseek_rag_145/candidate_0148.py"
    },
    {
      "candidate": "/home/mb2412/triton-experiments/experiments/tritonbench_l40s_20260518_184231/materialized_candidates/Bench_G_coder_specofic/deepseek_rag_303/candidate_0148.py",
      "reference": "/home/mb2412/triton-experiments/data/TritonBench_G_v1/triton_mul2.py",
      "seed": 0,
      "repo_stdout_equal": true,
      "candidate_stdout": {
        "returncode": 0,
        "stdout": "",
        "stderr": ""
      },
      "reference_stdout": {
        "returncode": 0,
        "stdout": "",
        "stderr": ""
      },
      "candidate_import_ok": true,
      "reference_import_ok": true,
      "candidate_result_name": null,
      "reference_result_name": "result_gold",
      "strict_status": "fail",
      "strict_mismatches": [
        "$: type differs: NoneType != dict"
      ],
      "stdout_false_positive": true,
      "channel": "G",
      "name": "triton_mul2",
      "speedup": 1.3112,
      "candidate_rel": "Bench_G_coder_specofic/deepseek_rag_303/candidate_0148.py"
    },
    {
      "candidate": "/home/mb2412/triton-experiments/experiments/tritonbench_l40s_20260518_184231/materialized_candidates/Bench_G_coder_specofic/deepseek_tune_255/candidate_0148.py",
      "reference": "/home/mb2412/triton-experiments/data/TritonBench_G_v1/triton_mul2.py",
      "seed": 0,
      "repo_stdout_equal": true,
      "candidate_stdout": {
        "returncode": 0,
        "stdout": "",
        "stderr": ""
      },
      "reference_stdout": {
        "returncode": 0,
        "stdout": "",
        "stderr": ""
      },
      "candidate_import_ok": true,
      "reference_import_ok": true,
      "candidate_result_name": null,
      "reference_result_name": "result_gold",
      "strict_status": "fail",
      "strict_mismatches": [
        "$: type differs: NoneType != dict"
      ],
      "stdout_false_positive": true,
      "channel": "G",
      "name": "triton_mul2",
      "speedup": 1.3112,
      "candidate_rel": "Bench_G_coder_specofic/deepseek_tune_255/candidate_0148.py"
    },
    {
      "candidate": "/home/mb2412/triton-experiments/experiments/tritonbench_l40s_20260518_184231/materialized_candidates/Bench_G_coder_specofic/qwen_rag_145/candidate_0148.py",
      "reference": "/home/mb2412/triton-experiments/data/TritonBench_G_v1/triton_mul2.py",
      "seed": 0,
      "repo_stdout_equal": true,
      "candidate_stdout": {
        "returncode": 0,
        "stdout": "",
        "stderr": ""
      },
      "reference_stdout": {
        "returncode": 0,
        "stdout": "",
        "stderr": ""
      },
      "candidate_import_ok": true,
      "reference_import_ok": true,
      "candidate_result_name": null,
      "reference_result_name": "result_gold",
      "strict_status": "fail",
      "strict_mismatches": [
        "$: type differs: NoneType != dict"
      ],
      "stdout_false_positive": true,
      "channel": "G",
      "name": "triton_mul2",
      "speedup": 1.3112,
      "candidate_rel": "Bench_G_coder_specofic/qwen_rag_145/candidate_0148.py"
    },
    {
      "candidate": "/home/mb2412/triton-experiments/experiments/tritonbench_l40s_20260518_184231/materialized_candidates/Bench_G_coder_specofic/qwen_tune_300/candidate_0148.py",
      "reference": "/home/mb2412/triton-experiments/data/TritonBench_G_v1/triton_mul2.py",
      "seed": 0,
      "repo_stdout_equal": true,
      "candidate_stdout": {
        "returncode": 0,
        "stdout": "",
        "stderr": ""
      },
      "reference_stdout": {
        "returncode": 0,
        "stdout": "",
        "stderr": ""
      },
      "candidate_import_ok": true,
      "reference_import_ok": true,
      "candidate_result_name": null,
      "reference_result_name": "result_gold",
      "strict_status": "fail",
      "strict_mismatches": [
        "$: type differs: NoneType != dict"
      ],
      "stdout_false_positive": true,
      "channel": "G",
      "name": "triton_mul2",
      "speedup": 1.3112,
      "candidate_rel": "Bench_G_coder_specofic/qwen_tune_300/candidate_0148.py"
    },
    {
      "candidate": "/home/mb2412/triton-experiments/experiments/tritonbench_l40s_20260518_184231/materialized_candidates/Bench_G_coder_specofic/qwen_tune_rag_250/candidate_0148.py",
      "reference": "/home/mb2412/triton-experiments/data/TritonBench_G_v1/triton_mul2.py",
      "seed": 0,
      "repo_stdout_equal": true,
      "candidate_stdout": {
        "returncode": 0,
        "stdout": "",
        "stderr": ""
      },
      "reference_stdout": {
        "returncode": 0,
        "stdout": "",
        "stderr": ""
      },
      "candidate_import_ok": true,
      "reference_import_ok": true,
      "candidate_result_name": null,
      "reference_result_name": "result_gold",
      "strict_status": "fail",
      "strict_mismatches": [
        "$: type differs: NoneType != dict"
      ],
      "stdout_false_positive": true,
      "channel": "G",
      "name": "triton_mul2",
      "speedup": 1.3112,
      "candidate_rel": "Bench_G_coder_specofic/qwen_tune_rag_250/candidate_0148.py"
    },
    {
      "candidate": "/home/mb2412/triton-experiments/experiments/tritonbench_l40s_20260518_184231/materialized_candidates/Bench_G_general_purpose/Qwen2.5-72B-Instruct_comp/candidate_0148.py",
      "reference": "/home/mb2412/triton-experiments/data/TritonBench_G_v1/triton_mul2.py",
      "seed": 0,
      "repo_stdout_equal": true,
      "candidate_stdout": {
        "returncode": 0,
        "stdout": "",
        "stderr": ""
      },
      "reference_stdout": {
        "returncode": 0,
        "stdout": "",
        "stderr": ""
      },
      "candidate_import_ok": true,
      "reference_import_ok": true,
      "candidate_result_name": null,
      "reference_result_name": "result_gold",
      "strict_status": "fail",
      "strict_mismatches": [
        "$: type differs: NoneType != dict"
      ],
      "stdout_false_positive": true,
      "channel": "G",
      "name": "triton_mul2",
      "speedup": 1.3112,
      "candidate_rel": "Bench_G_general_purpose/Qwen2.5-72B-Instruct_comp/candidate_0148.py"
    },
    {
      "candidate": "/home/mb2412/triton-experiments/experiments/tritonbench_l40s_20260518_184231/materialized_candidates/Bench_G_general_purpose/Qwen2.5-72B-Instruct_comp_rag/candidate_0146.py",
      "reference": "/home/mb2412/triton-experiments/data/TritonBench_G_v1/triton_mul2.py",
      "seed": 0,
      "repo_stdout_equal": true,
      "candidate_stdout": {
        "returncode": 1,
        "stdout": "",
        "stderr": "Traceback (most recent call last):\n  File \"/tmp/strict_io_stdout_we4xr9qe/candidate_under_test.py\", line 48, in <module>\n    Z = triton_mul2(X, len(X))\n        ^^^^^^^^^^^^^^^^^^^^^^\n  File \"/tmp/strict_io_stdout_we4xr9qe/candidate_under_test.py\", line 31, in triton_mul2\n    Z = tl.zeros_like(X)\n        ^^^^^^^^^^^^^^^^\n  File \"/home/mb2412/.local/lib/python3.12/site-packages/triton/runtime/jit.py\", line 713, in __call__\n    raise RuntimeError(\"Cannot call @triton.jit'd outside of the scope of a kernel\")\nRuntimeError: Cannot call @triton.jit'd outside of the scope of a kernel\n"
      },
      "reference_stdout": {
        "returncode": 0,
        "stdout": "",
        "stderr": ""
      },
      "candidate_import_ok": false,
      "reference_import_ok": true,
      "strict_status": "import_error",
      "candidate_import_error": "Traceback (most recent call last):\n  File \"/home/mb2412/triton-experiments/tools/semantic_checks/strict_io_compare.py\", line 85, in _import_module\n    spec.loader.exec_module(module)\n  File \"<frozen importlib._bootstrap_external>\", line 995, in exec_module\n  File \"<frozen importlib._bootstrap>\", line 488, in _call_with_frames_removed\n  File \"/tmp/strict_io_import_u_cwkom_/candidate_under_test.py\", line 48, in <module>\n  File \"/tmp/strict_io_import_u_cwkom_/candidate_under_test.py\", line 31, in triton_mul2\n  File \"/home/mb2412/.local/lib/python3.12/site-packages/triton/runtime/jit.py\", line 713, in __call__\n    raise RuntimeError(\"Cannot call @triton.jit'd outside of the scope of a kernel\")\nRuntimeError: Cannot call @triton.jit'd outside of the scope of a kernel\n",
      "reference_import_error": null,
      "channel": "G",
      "name": "triton_mul2",
      "speedup": 1.3112,
      "candidate_rel": "Bench_G_general_purpose/Qwen2.5-72B-Instruct_comp_rag/candidate_0146.py"
    },
    {
      "candidate": "/home/mb2412/triton-experiments/experiments/tritonbench_l40s_20260518_184231/materialized_candidates/Bench_G_general_purpose/Qwen2.5-72B-Instruct_simp/candidate_0148.py",
      "reference": "/home/mb2412/triton-experiments/data/TritonBench_G_v1/triton_mul2.py",
      "seed": 0,
      "repo_stdout_equal": false,
      "candidate_stdout": {
        "returncode": 0,
        "stdout": "Original tensor: tensor([1., 2., 3., 4., 5.])\nDoubled tensor (new tensor): tensor([ 2.,  4.,  6.,  8., 10.], device='cuda:0')\nDoubled tensor (in place): tensor([1., 2., 3., 4., 5.])\n",
        "stderr": ""
      },
      "reference_stdout": {
        "returncode": 0,
        "stdout": "",
        "stderr": ""
      },
      "candidate_import_ok": true,
      "reference_import_ok": true,
      "candidate_result_name": null,
      "reference_result_name": "result_gold",
      "strict_status": "fail",
      "strict_mismatches": [
        "$: type differs: NoneType != dict"
      ],
      "stdout_false_positive": false,
      "channel": "G",
      "name": "triton_mul2",
      "speedup": 1.3112,
      "candidate_rel": "Bench_G_general_purpose/Qwen2.5-72B-Instruct_simp/candidate_0148.py"
    },
    {
      "candidate": "/home/mb2412/triton-experiments/experiments/tritonbench_l40s_20260518_184231/materialized_candidates/Bench_G_general_purpose/Qwen2.5-72B-Instruct_simp_rag/candidate_0149.py",
      "reference": "/home/mb2412/triton-experiments/data/TritonBench_G_v1/triton_mul2.py",
      "seed": 0,
      "repo_stdout_equal": false,
      "candidate_stdout": {
        "returncode": 0,
        "stdout": "Original tensor: tensor([1, 2, 3, 4, 5], device='cuda:0')\nResult of triton_mul2: tensor([ 2,  4,  6,  8, 10], device='cuda:0')\nResult of triton_mul2_inplace: tensor([ 2,  4,  6,  8, 10], device='cuda:0')\n",
        "stderr": ""
      },
      "reference_stdout": {
        "returncode": 0,
        "stdout": "",
        "stderr": ""
      },
      "candidate_import_ok": true,
      "reference_import_ok": true,
      "candidate_result_name": null,
      "reference_result_name": "result_gold",
      "strict_status": "fail",
      "strict_mismatches": [
        "$: type differs: NoneType != dict"
      ],
      "stdout_false_positive": false,
      "channel": "G",
      "name": "triton_mul2",
      "speedup": 1.3112,
      "candidate_rel": "Bench_G_general_purpose/Qwen2.5-72B-Instruct_simp_rag/candidate_0149.py"
    },
    {
      "candidate": "/home/mb2412/triton-experiments/experiments/tritonbench_l40s_20260518_184231/materialized_candidates/Bench_G_general_purpose/output_DeepSeek-R1_comp/candidate_0148.py",
      "reference": "/home/mb2412/triton-experiments/data/TritonBench_G_v1/triton_mul2.py",
      "seed": 0,
      "repo_stdout_equal": true,
      "candidate_stdout": {
        "returncode": 0,
        "stdout": "",
        "stderr": ""
      },
      "reference_stdout": {
        "returncode": 0,
        "stdout": "",
        "stderr": ""
      },
      "candidate_import_ok": true,
      "reference_import_ok": true,
      "candidate_result_name": null,
      "reference_result_name": "result_gold",
      "strict_status": "fail",
      "strict_mismatches": [
        "$: type differs: NoneType != dict"
      ],
      "stdout_false_positive": true,
      "channel": "G",
      "name": "triton_mul2",
      "speedup": 1.3112,
      "candidate_rel": "Bench_G_general_purpose/output_DeepSeek-R1_comp/candidate_0148.py"
    },
    {
      "candidate": "/home/mb2412/triton-experiments/experiments/tritonbench_l40s_20260518_184231/materialized_candidates/Bench_G_general_purpose/output_DeepSeek-R1_comp_/candidate_0148.py",
      "reference": "/home/mb2412/triton-experiments/data/TritonBench_G_v1/triton_mul2.py",
      "seed": 0,
      "repo_stdout_equal": true,
      "candidate_stdout": {
        "returncode": 0,
        "stdout": "",
        "stderr": ""
      },
      "reference_stdout": {
        "returncode": 0,
        "stdout": "",
        "stderr": ""
      },
      "candidate_import_ok": true,
      "reference_import_ok": true,
      "candidate_result_name": null,
      "reference_result_name": "result_gold",
      "strict_status": "fail",
      "strict_mismatches": [
        "$: type differs: NoneType != dict"
      ],
      "stdout_false_positive": true,
      "channel": "G",
      "name": "triton_mul2",
      "speedup": 1.3112,
      "candidate_rel": "Bench_G_general_purpose/output_DeepSeek-R1_comp_/candidate_0148.py"
    },
    {
      "candidate": "/home/mb2412/triton-experiments/experiments/tritonbench_l40s_20260518_184231/materialized_candidates/Bench_G_general_purpose/output_DeepSeek-R1_comp_rag/candidate_0151.py",
      "reference": "/home/mb2412/triton-experiments/data/TritonBench_G_v1/triton_mul2.py",
      "seed": 0,
      "repo_stdout_equal": true,
      "candidate_stdout": {
        "returncode": 0,
        "stdout": "",
        "stderr": ""
      },
      "reference_stdout": {
        "returncode": 0,
        "stdout": "",
        "stderr": ""
      },
      "candidate_import_ok": true,
      "reference_import_ok": true,
      "candidate_result_name": null,
      "reference_result_name": "result_gold",
      "strict_status": "fail",
      "strict_mismatches": [
        "$: type differs: NoneType != dict"
      ],
      "stdout_false_positive": true,
      "channel": "G",
      "name": "triton_mul2",
      "speedup": 1.3112,
      "candidate_rel": "Bench_G_general_purpose/output_DeepSeek-R1_comp_rag/candidate_0151.py"
    },
    {
      "candidate": "/home/mb2412/triton-experiments/experiments/tritonbench_l40s_20260518_184231/materialized_candidates/Bench_G_general_purpose/output_DeepSeek-R1_comp_rag_/candidate_0140.py",
      "reference": "/home/mb2412/triton-experiments/data/TritonBench_G_v1/triton_mul2.py",
      "seed": 0,
      "repo_stdout_equal": true,
      "candidate_stdout": {
        "returncode": 0,
        "stdout": "",
        "stderr": ""
      },
      "reference_stdout": {
        "returncode": 0,
        "stdout": "",
        "stderr": ""
      },
      "candidate_import_ok": true,
      "reference_import_ok": true,
      "candidate_result_name": null,
      "reference_result_name": "result_gold",
      "strict_status": "fail",
      "strict_mismatches": [
        "$: type differs: NoneType != dict"
      ],
      "stdout_false_positive": true,
      "channel": "G",
      "name": "triton_mul2",
      "speedup": 1.3112,
      "candidate_rel": "Bench_G_general_purpose/output_DeepSeek-R1_comp_rag_/candidate_0140.py"
    },
    {
      "candidate": "/home/mb2412/triton-experiments/experiments/tritonbench_l40s_20260518_184231/materialized_candidates/Bench_G_general_purpose/output_claude-3-5-sonnet-20240620_comp/candidate_0148.py",
      "reference": "/home/mb2412/triton-experiments/data/TritonBench_G_v1/triton_mul2.py",
      "seed": 0,
      "repo_stdout_equal": true,
      "candidate_stdout": {
        "returncode": 0,
        "stdout": "",
        "stderr": ""
      },
      "reference_stdout": {
        "returncode": 0,
        "stdout": "",
        "stderr": ""
      },
      "candidate_import_ok": true,
      "reference_import_ok": true,
      "candidate_result_name": null,
      "reference_result_name": "result_gold",
      "strict_status": "fail",
      "strict_mismatches": [
        "$: type differs: NoneType != dict"
      ],
      "stdout_false_positive": true,
      "channel": "G",
      "name": "triton_mul2",
      "speedup": 1.3112,
      "candidate_rel": "Bench_G_general_purpose/output_claude-3-5-sonnet-20240620_comp/candidate_0148.py"
    },
    {
      "candidate": "/home/mb2412/triton-experiments/experiments/tritonbench_l40s_20260518_184231/materialized_candidates/Bench_G_general_purpose/output_claude-3-5-sonnet-20240620_comp_rag/candidate_0140.py",
      "reference": "/home/mb2412/triton-experiments/data/TritonBench_G_v1/triton_mul2.py",
      "seed": 0,
      "repo_stdout_equal": true,
      "candidate_stdout": {
        "returncode": 0,
        "stdout": "",
        "stderr": ""
      },
      "reference_stdout": {
        "returncode": 0,
        "stdout": "",
        "stderr": ""
      },
      "candidate_import_ok": true,
      "reference_import_ok": true,
      "candidate_result_name": null,
      "reference_result_name": "result_gold",
      "strict_status": "fail",
      "strict_mismatches": [
        "$: type differs: NoneType != dict"
      ],
      "stdout_false_positive": true,
      "channel": "G",
      "name": "triton_mul2",
      "speedup": 1.3112,
      "candidate_rel": "Bench_G_general_purpose/output_claude-3-5-sonnet-20240620_comp_rag/candidate_0140.py"
    },
    {
      "candidate": "/home/mb2412/triton-experiments/experiments/tritonbench_l40s_20260518_184231/materialized_candidates/Bench_G_general_purpose/output_claude-3-5-sonnet-20240620_simp/candidate_0148.py",
      "reference": "/home/mb2412/triton-experiments/data/TritonBench_G_v1/triton_mul2.py",
      "seed": 0,
      "repo_stdout_equal": true,
      "candidate_stdout": {
        "returncode": 0,
        "stdout": "",
        "stderr": ""
      },
      "reference_stdout": {
        "returncode": 0,
        "stdout": "",
        "stderr": ""
      },
      "candidate_import_ok": true,
      "reference_import_ok": true,
      "candidate_result_name": null,
      "reference_result_name": "result_gold",
      "strict_status": "fail",
      "strict_mismatches": [
        "$: type differs: NoneType != dict"
      ],
      "stdout_false_positive": true,
      "channel": "G",
      "name": "triton_mul2",
      "speedup": 1.3112,
      "candidate_rel": "Bench_G_general_purpose/output_claude-3-5-sonnet-20240620_simp/candidate_0148.py"
    },
    {
      "candidate": "/home/mb2412/triton-experiments/experiments/tritonbench_l40s_20260518_184231/materialized_candidates/Bench_G_general_purpose/output_claude-3-5-sonnet-20240620_simp_rag/candidate_0144.py",
      "reference": "/home/mb2412/triton-experiments/data/TritonBench_G_v1/triton_mul2.py",
      "seed": 0,
      "repo_stdout_equal": true,
      "candidate_stdout": {
        "returncode": 0,
        "stdout": "",
        "stderr": ""
      },
      "reference_stdout": {
        "returncode": 0,
        "stdout": "",
        "stderr": ""
      },
      "candidate_import_ok": true,
      "reference_import_ok": true,
      "candidate_result_name": null,
      "reference_result_name": "result_gold",
      "strict_status": "fail",
      "strict_mismatches": [
        "$: type differs: NoneType != dict"
      ],
      "stdout_false_positive": true,
      "channel": "G",
      "name": "triton_mul2",
      "speedup": 1.3112,
      "candidate_rel": "Bench_G_general_purpose/output_claude-3-5-sonnet-20240620_simp_rag/candidate_0144.py"
    },
    {
      "candidate": "/home/mb2412/triton-experiments/experiments/tritonbench_l40s_20260518_184231/materialized_candidates/Bench_G_general_purpose/output_gpt-4o_comp/candidate_0148.py",
      "reference": "/home/mb2412/triton-experiments/data/TritonBench_G_v1/triton_mul2.py",
      "seed": 0,
      "repo_stdout_equal": true,
      "candidate_stdout": {
        "returncode": 0,
        "stdout": "",
        "stderr": ""
      },
      "reference_stdout": {
        "returncode": 0,
        "stdout": "",
        "stderr": ""
      },
      "candidate_import_ok": true,
      "reference_import_ok": true,
      "candidate_result_name": null,
      "reference_result_name": "result_gold",
      "strict_status": "fail",
      "strict_mismatches": [
        "$: type differs: NoneType != dict"
      ],
      "stdout_false_positive": true,
      "channel": "G",
      "name": "triton_mul2",
      "speedup": 1.3112,
      "candidate_rel": "Bench_G_general_purpose/output_gpt-4o_comp/candidate_0148.py"
    },
    {
      "candidate": "/home/mb2412/triton-experiments/experiments/tritonbench_l40s_20260518_184231/materialized_candidates/Bench_G_general_purpose/output_gpt-4o_comp_rag/candidate_0156.py",
      "reference": "/home/mb2412/triton-experiments/data/TritonBench_G_v1/triton_mul2.py",
      "seed": 0,
      "repo_stdout_equal": true,
      "candidate_stdout": {
        "returncode": 0,
        "stdout": "",
        "stderr": ""
      },
      "reference_stdout": {
        "returncode": 0,
        "stdout": "",
        "stderr": ""
      },
      "candidate_import_ok": true,
      "reference_import_ok": true,
      "candidate_result_name": null,
      "reference_result_name": "result_gold",
      "strict_status": "fail",
      "strict_mismatches": [
        "$: type differs: NoneType != dict"
      ],
      "stdout_false_positive": true,
      "channel": "G",
      "name": "triton_mul2",
      "speedup": 1.3112,
      "candidate_rel": "Bench_G_general_purpose/output_gpt-4o_comp_rag/candidate_0156.py"
    },
    {
      "candidate": "/home/mb2412/triton-experiments/experiments/tritonbench_l40s_20260518_184231/materialized_candidates/Bench_G_general_purpose/output_gpt-4o_simp/candidate_0148.py",
      "reference": "/home/mb2412/triton-experiments/data/TritonBench_G_v1/triton_mul2.py",
      "seed": 0,
      "repo_stdout_equal": false,
      "candidate_stdout": {
        "returncode": 0,
        "stdout": "Output (new tensor): tensor([2., 4., 6., 8.], device='cuda:0')\nOutput (in place): tensor([2., 4., 6., 8.], device='cuda:0')\n",
        "stderr": ""
      },
      "reference_stdout": {
        "returncode": 0,
        "stdout": "",
        "stderr": ""
      },
      "candidate_import_ok": true,
      "reference_import_ok": true,
      "candidate_result_name": null,
      "reference_result_name": "result_gold",
      "strict_status": "fail",
      "strict_mismatches": [
        "$: type differs: NoneType != dict"
      ],
      "stdout_false_positive": false,
      "channel": "G",
      "name": "triton_mul2",
      "speedup": 1.3112,
      "candidate_rel": "Bench_G_general_purpose/output_gpt-4o_simp/candidate_0148.py"
    },
    {
      "candidate": "/home/mb2412/triton-experiments/experiments/tritonbench_l40s_20260518_184231/materialized_candidates/Bench_G_general_purpose/output_gpt-4o_simp_rag/candidate_0143.py",
      "reference": "/home/mb2412/triton-experiments/data/TritonBench_G_v1/triton_mul2.py",
      "seed": 0,
      "repo_stdout_equal": true,
      "candidate_stdout": {
        "returncode": 0,
        "stdout": "",
        "stderr": ""
      },
      "reference_stdout": {
        "returncode": 0,
        "stdout": "",
        "stderr": ""
      },
      "candidate_import_ok": true,
      "reference_import_ok": true,
      "candidate_result_name": null,
      "reference_result_name": "result_gold",
      "strict_status": "fail",
      "strict_mismatches": [
        "$: type differs: NoneType != dict"
      ],
      "stdout_false_positive": true,
      "channel": "G",
      "name": "triton_mul2",
      "speedup": 1.3112,
      "candidate_rel": "Bench_G_general_purpose/output_gpt-4o_simp_rag/candidate_0143.py"
    },
    {
      "candidate": "/home/mb2412/triton-experiments/experiments/tritonbench_l40s_20260518_184231/materialized_candidates/Bench_G_general_purpose/output_o1-2024-12-17_comp/candidate_0148.py",
      "reference": "/home/mb2412/triton-experiments/data/TritonBench_G_v1/triton_mul2.py",
      "seed": 0,
      "repo_stdout_equal": true,
      "candidate_stdout": {
        "returncode": 0,
        "stdout": "",
        "stderr": ""
      },
      "reference_stdout": {
        "returncode": 0,
        "stdout": "",
        "stderr": ""
      },
      "candidate_import_ok": true,
      "reference_import_ok": true,
      "candidate_result_name": null,
      "reference_result_name": "result_gold",
      "strict_status": "fail",
      "strict_mismatches": [
        "$: type differs: NoneType != dict"
      ],
      "stdout_false_positive": true,
      "channel": "G",
      "name": "triton_mul2",
      "speedup": 1.3112,
      "candidate_rel": "Bench_G_general_purpose/output_o1-2024-12-17_comp/candidate_0148.py"
    },
    {
      "candidate": "/home/mb2412/triton-experiments/experiments/tritonbench_l40s_20260518_184231/materialized_candidates/Bench_G_general_purpose/output_o1-2024-12-17_comp_rag_/candidate_0140.py",
      "reference": "/home/mb2412/triton-experiments/data/TritonBench_G_v1/triton_mul2.py",
      "seed": 0,
      "repo_stdout_equal": true,
      "candidate_stdout": {
        "returncode": 1,
        "stdout": "",
        "stderr": "Traceback (most recent call last):\n  File \"/tmp/strict_io_stdout_qf7es7gz/candidate_under_test.py\", line 16, in <module>\n    ret = triton.compile(\n          ^^^^^^^^^^^^^^^\nTypeError: compile() got an unexpected keyword argument 'signature'\n"
      },
      "reference_stdout": {
        "returncode": 0,
        "stdout": "",
        "stderr": ""
      },
      "candidate_import_ok": false,
      "reference_import_ok": true,
      "strict_status": "import_error",
      "candidate_import_error": "Traceback (most recent call last):\n  File \"/home/mb2412/triton-experiments/tools/semantic_checks/strict_io_compare.py\", line 85, in _import_module\n    spec.loader.exec_module(module)\n  File \"<frozen importlib._bootstrap_external>\", line 995, in exec_module\n  File \"<frozen importlib._bootstrap>\", line 488, in _call_with_frames_removed\n  File \"/tmp/strict_io_import_ob147dr8/candidate_under_test.py\", line 16, in <module>\nTypeError: compile() got an unexpected keyword argument 'signature'\n",
      "reference_import_error": null,
      "channel": "G",
      "name": "triton_mul2",
      "speedup": 1.3112,
      "candidate_rel": "Bench_G_general_purpose/output_o1-2024-12-17_comp_rag_/candidate_0140.py"
    },
    {
      "candidate": "/home/mb2412/triton-experiments/experiments/tritonbench_l40s_20260518_184231/materialized_candidates/Bench_G_coder_specofic/qwen_092/candidate_0046.py",
      "reference": "/home/mb2412/triton-experiments/data/TritonBench_G_v1/l2_norm_bwd.py",
      "seed": 0,
      "repo_stdout_equal": true,
      "candidate_stdout": {
        "returncode": 0,
        "stdout": "",
        "stderr": ""
      },
      "reference_stdout": {
        "returncode": 0,
        "stdout": "",
        "stderr": ""
      },
      "candidate_import_ok": true,
      "reference_import_ok": true,
      "candidate_result_name": null,
      "reference_result_name": "result_gold",
      "strict_status": "fail",
      "strict_mismatches": [
        "$: type differs: NoneType != dict"
      ],
      "stdout_false_positive": true,
      "channel": "G",
      "name": "l2_norm_bwd",
      "speedup": 1.4409,
      "candidate_rel": "Bench_G_coder_specofic/qwen_092/candidate_0046.py"
    },
    {
      "candidate": "/home/mb2412/triton-experiments/experiments/tritonbench_l40s_20260518_184231/materialized_candidates/Bench_G_general_purpose/output_claude-3-5-sonnet-20240620_simp/candidate_0175.py",
      "reference": "/home/mb2412/triton-experiments/data/TritonBench_G_v1/l2_norm_bwd.py",
      "seed": 0,
      "repo_stdout_equal": true,
      "candidate_stdout": {
        "returncode": 0,
        "stdout": "",
        "stderr": ""
      },
      "reference_stdout": {
        "returncode": 0,
        "stdout": "",
        "stderr": ""
      },
      "candidate_import_ok": true,
      "reference_import_ok": true,
      "candidate_result_name": null,
      "reference_result_name": "result_gold",
      "strict_status": "fail",
      "strict_mismatches": [
        "$: type differs: NoneType != dict"
      ],
      "stdout_false_positive": true,
      "channel": "G",
      "name": "l2_norm_bwd",
      "speedup": 1.4409,
      "candidate_rel": "Bench_G_general_purpose/output_claude-3-5-sonnet-20240620_simp/candidate_0175.py"
    },
    {
      "candidate": "/home/mb2412/triton-experiments/experiments/tritonbench_l40s_20260518_184231/materialized_candidates/Bench_T_coder_specific/deepseek/def_0092.py",
      "reference": "/home/mb2412/triton-experiments/data/TritonBench_T_v1/tensordot_rsqrt.py",
      "seed": 0,
      "repo_stdout_equal": true,
      "candidate_stdout": {
        "returncode": 0,
        "stdout": "",
        "stderr": ""
      },
      "reference_stdout": {
        "returncode": 0,
        "stdout": "",
        "stderr": ""
      },
      "candidate_import_ok": true,
      "reference_import_ok": true,
      "candidate_result_name": null,
      "reference_result_name": "test_results",
      "strict_status": "fail",
      "strict_mismatches": [
        "$: type differs: NoneType != dict"
      ],
      "stdout_false_positive": true,
      "channel": "T",
      "name": "tensordot_rsqrt",
      "speedup": 2.2318,
      "candidate_rel": "Bench_T_coder_specific/deepseek/def_0092.py"
    },
    {
      "candidate": "/home/mb2412/triton-experiments/experiments/tritonbench_l40s_20260518_184231/materialized_candidates/Bench_T_coder_specific/deepseek_full/def_0092.py",
      "reference": "/home/mb2412/triton-experiments/data/TritonBench_T_v1/tensordot_rsqrt.py",
      "seed": 0,
      "repo_stdout_equal": true,
      "candidate_stdout": {
        "returncode": 0,
        "stdout": "",
        "stderr": ""
      },
      "reference_stdout": {
        "returncode": 0,
        "stdout": "",
        "stderr": ""
      },
      "candidate_import_ok": true,
      "reference_import_ok": true,
      "candidate_result_name": null,
      "reference_result_name": "test_results",
      "strict_status": "fail",
      "strict_mismatches": [
        "$: type differs: NoneType != dict"
      ],
      "stdout_false_positive": true,
      "channel": "T",
      "name": "tensordot_rsqrt",
      "speedup": 2.2318,
      "candidate_rel": "Bench_T_coder_specific/deepseek_full/def_0092.py"
    },
    {
      "candidate": "/home/mb2412/triton-experiments/experiments/tritonbench_l40s_20260518_184231/materialized_candidates/Bench_T_coder_specific/deepseek_full_rag/def_0092.py",
      "reference": "/home/mb2412/triton-experiments/data/TritonBench_T_v1/tensordot_rsqrt.py",
      "seed": 0,
      "repo_stdout_equal": true,
      "candidate_stdout": {
        "returncode": 0,
        "stdout": "",
        "stderr": ""
      },
      "reference_stdout": {
        "returncode": 0,
        "stdout": "",
        "stderr": ""
      },
      "candidate_import_ok": true,
      "reference_import_ok": true,
      "candidate_result_name": null,
      "reference_result_name": "test_results",
      "strict_status": "fail",
      "strict_mismatches": [
        "$: type differs: NoneType != dict"
      ],
      "stdout_false_positive": true,
      "channel": "T",
      "name": "tensordot_rsqrt",
      "speedup": 2.2318,
      "candidate_rel": "Bench_T_coder_specific/deepseek_full_rag/def_0092.py"
    },
    {
      "candidate": "/home/mb2412/triton-experiments/experiments/tritonbench_l40s_20260518_184231/materialized_candidates/Bench_T_coder_specific/deepseek_rag/def_0092.py",
      "reference": "/home/mb2412/triton-experiments/data/TritonBench_T_v1/tensordot_rsqrt.py",
      "seed": 0,
      "repo_stdout_equal": true,
      "candidate_stdout": {
        "returncode": 0,
        "stdout": "",
        "stderr": ""
      },
      "reference_stdout": {
        "returncode": 0,
        "stdout": "",
        "stderr": ""
      },
      "candidate_import_ok": true,
      "reference_import_ok": true,
      "candidate_result_name": null,
      "reference_result_name": "test_results",
      "strict_status": "fail",
      "strict_mismatches": [
        "$: type differs: NoneType != dict"
      ],
      "stdout_false_positive": true,
      "channel": "T",
      "name": "tensordot_rsqrt",
      "speedup": 2.2318,
      "candidate_rel": "Bench_T_coder_specific/deepseek_rag/def_0092.py"
    },
    {
      "candidate": "/home/mb2412/triton-experiments/experiments/tritonbench_l40s_20260518_184231/materialized_candidates/Bench_T_coder_specific/qwen_full/def_0092.py",
      "reference": "/home/mb2412/triton-experiments/data/TritonBench_T_v1/tensordot_rsqrt.py",
      "seed": 0,
      "repo_stdout_equal": true,
      "candidate_stdout": {
        "returncode": 0,
        "stdout": "",
        "stderr": ""
      },
      "reference_stdout": {
        "returncode": 0,
        "stdout": "",
        "stderr": ""
      },
      "candidate_import_ok": true,
      "reference_import_ok": true,
      "candidate_result_name": null,
      "reference_result_name": "test_results",
      "strict_status": "fail",
      "strict_mismatches": [
        "$: type differs: NoneType != dict"
      ],
      "stdout_false_positive": true,
      "channel": "T",
      "name": "tensordot_rsqrt",
      "speedup": 2.2318,
      "candidate_rel": "Bench_T_coder_specific/qwen_full/def_0092.py"
    },
    {
      "candidate": "/home/mb2412/triton-experiments/experiments/tritonbench_l40s_20260518_184231/materialized_candidates/Bench_T_coder_specific/qwen_full_rag/def_0092.py",
      "reference": "/home/mb2412/triton-experiments/data/TritonBench_T_v1/tensordot_rsqrt.py",
      "seed": 0,
      "repo_stdout_equal": true,
      "candidate_stdout": {
        "returncode": 0,
        "stdout": "",
        "stderr": ""
      },
      "reference_stdout": {
        "returncode": 0,
        "stdout": "",
        "stderr": ""
      },
      "candidate_import_ok": true,
      "reference_import_ok": true,
      "candidate_result_name": null,
      "reference_result_name": "test_results",
      "strict_status": "fail",
      "strict_mismatches": [
        "$: type differs: NoneType != dict"
      ],
      "stdout_false_positive": true,
      "channel": "T",
      "name": "tensordot_rsqrt",
      "speedup": 2.2318,
      "candidate_rel": "Bench_T_coder_specific/qwen_full_rag/def_0092.py"
    },
    {
      "candidate": "/home/mb2412/triton-experiments/experiments/tritonbench_l40s_20260518_184231/materialized_candidates/Bench_T_coder_specific/qwen_rag/def_0092.py",
      "reference": "/home/mb2412/triton-experiments/data/TritonBench_T_v1/tensordot_rsqrt.py",
      "seed": 0,
      "repo_stdout_equal": true,
      "candidate_stdout": {
        "returncode": 0,
        "stdout": "",
        "stderr": ""
      },
      "reference_stdout": {
        "returncode": 0,
        "stdout": "",
        "stderr": ""
      },
      "candidate_import_ok": true,
      "reference_import_ok": true,
      "candidate_result_name": null,
      "reference_result_name": "test_results",
      "strict_status": "fail",
      "strict_mismatches": [
        "$: type differs: NoneType != dict"
      ],
      "stdout_false_positive": true,
      "channel": "T",
      "name": "tensordot_rsqrt",
      "speedup": 2.2318,
      "candidate_rel": "Bench_T_coder_specific/qwen_rag/def_0092.py"
    },
    {
      "candidate": "/home/mb2412/triton-experiments/experiments/tritonbench_l40s_20260518_184231/materialized_candidates/Bench_T_general_purpose/output_DeepSeek-R1/def_0092.py",
      "reference": "/home/mb2412/triton-experiments/data/TritonBench_T_v1/tensordot_rsqrt.py",
      "seed": 0,
      "repo_stdout_equal": true,
      "candidate_stdout": {
        "returncode": 0,
        "stdout": "",
        "stderr": ""
      },
      "reference_stdout": {
        "returncode": 0,
        "stdout": "",
        "stderr": ""
      },
      "candidate_import_ok": true,
      "reference_import_ok": true,
      "candidate_result_name": null,
      "reference_result_name": "test_results",
      "strict_status": "fail",
      "strict_mismatches": [
        "$: type differs: NoneType != dict"
      ],
      "stdout_false_positive": true,
      "channel": "T",
      "name": "tensordot_rsqrt",
      "speedup": 2.2318,
      "candidate_rel": "Bench_T_general_purpose/output_DeepSeek-R1/def_0092.py"
    },
    {
      "candidate": "/home/mb2412/triton-experiments/experiments/tritonbench_l40s_20260518_184231/materialized_candidates/Bench_T_general_purpose/output_DeepSeek-R1_rag/def_0092.py",
      "reference": "/home/mb2412/triton-experiments/data/TritonBench_T_v1/tensordot_rsqrt.py",
      "seed": 0,
      "repo_stdout_equal": true,
      "candidate_stdout": {
        "returncode": 0,
        "stdout": "",
        "stderr": ""
      },
      "reference_stdout": {
        "returncode": 0,
        "stdout": "",
        "stderr": ""
      },
      "candidate_import_ok": true,
      "reference_import_ok": true,
      "candidate_result_name": null,
      "reference_result_name": "test_results",
      "strict_status": "fail",
      "strict_mismatches": [
        "$: type differs: NoneType != dict"
      ],
      "stdout_false_positive": true,
      "channel": "T",
      "name": "tensordot_rsqrt",
      "speedup": 2.2318,
      "candidate_rel": "Bench_T_general_purpose/output_DeepSeek-R1_rag/def_0092.py"
    },
    {
      "candidate": "/home/mb2412/triton-experiments/experiments/tritonbench_l40s_20260518_184231/materialized_candidates/Bench_T_general_purpose/output_Qwen2.5-72B-Instruct/def_0092.py",
      "reference": "/home/mb2412/triton-experiments/data/TritonBench_T_v1/tensordot_rsqrt.py",
      "seed": 0,
      "repo_stdout_equal": true,
      "candidate_stdout": {
        "returncode": 0,
        "stdout": "",
        "stderr": ""
      },
      "reference_stdout": {
        "returncode": 0,
        "stdout": "",
        "stderr": ""
      },
      "candidate_import_ok": true,
      "reference_import_ok": true,
      "candidate_result_name": null,
      "reference_result_name": "test_results",
      "strict_status": "fail",
      "strict_mismatches": [
        "$: type differs: NoneType != dict"
      ],
      "stdout_false_positive": true,
      "channel": "T",
      "name": "tensordot_rsqrt",
      "speedup": 2.2318,
      "candidate_rel": "Bench_T_general_purpose/output_Qwen2.5-72B-Instruct/def_0092.py"
    },
    {
      "candidate": "/home/mb2412/triton-experiments/experiments/tritonbench_l40s_20260518_184231/materialized_candidates/Bench_T_general_purpose/output_Qwen2.5-72B-Instruct_rag/def_0092.py",
      "reference": "/home/mb2412/triton-experiments/data/TritonBench_T_v1/tensordot_rsqrt.py",
      "seed": 0,
      "repo_stdout_equal": true,
      "candidate_stdout": {
        "returncode": 0,
        "stdout": "",
        "stderr": ""
      },
      "reference_stdout": {
        "returncode": 0,
        "stdout": "",
        "stderr": ""
      },
      "candidate_import_ok": true,
      "reference_import_ok": true,
      "candidate_result_name": null,
      "reference_result_name": "test_results",
      "strict_status": "fail",
      "strict_mismatches": [
        "$: type differs: NoneType != dict"
      ],
      "stdout_false_positive": true,
      "channel": "T",
      "name": "tensordot_rsqrt",
      "speedup": 2.2318,
      "candidate_rel": "Bench_T_general_purpose/output_Qwen2.5-72B-Instruct_rag/def_0092.py"
    },
    {
      "candidate": "/home/mb2412/triton-experiments/experiments/tritonbench_l40s_20260518_184231/materialized_candidates/Bench_T_general_purpose/output_claude-3-5-sonnet-20240620/def_0092.py",
      "reference": "/home/mb2412/triton-experiments/data/TritonBench_T_v1/tensordot_rsqrt.py",
      "seed": 0,
      "repo_stdout_equal": true,
      "candidate_stdout": {
        "returncode": 0,
        "stdout": "",
        "stderr": ""
      },
      "reference_stdout": {
        "returncode": 0,
        "stdout": "",
        "stderr": ""
      },
      "candidate_import_ok": true,
      "reference_import_ok": true,
      "candidate_result_name": null,
      "reference_result_name": "test_results",
      "strict_status": "fail",
      "strict_mismatches": [
        "$: type differs: NoneType != dict"
      ],
      "stdout_false_positive": true,
      "channel": "T",
      "name": "tensordot_rsqrt",
      "speedup": 2.2318,
      "candidate_rel": "Bench_T_general_purpose/output_claude-3-5-sonnet-20240620/def_0092.py"
    },
    {
      "candidate": "/home/mb2412/triton-experiments/experiments/tritonbench_l40s_20260518_184231/materialized_candidates/Bench_T_general_purpose/output_claude-3-5-sonnet-20240620_rag/def_0092.py",
      "reference": "/home/mb2412/triton-experiments/data/TritonBench_T_v1/tensordot_rsqrt.py",
      "seed": 0,
      "repo_stdout_equal": true,
      "candidate_stdout": {
        "returncode": 0,
        "stdout": "",
        "stderr": ""
      },
      "reference_stdout": {
        "returncode": 0,
        "stdout": "",
        "stderr": ""
      },
      "candidate_import_ok": true,
      "reference_import_ok": true,
      "candidate_result_name": null,
      "reference_result_name": "test_results",
      "strict_status": "fail",
      "strict_mismatches": [
        "$: type differs: NoneType != dict"
      ],
      "stdout_false_positive": true,
      "channel": "T",
      "name": "tensordot_rsqrt",
      "speedup": 2.2318,
      "candidate_rel": "Bench_T_general_purpose/output_claude-3-5-sonnet-20240620_rag/def_0092.py"
    },
    {
      "candidate": "/home/mb2412/triton-experiments/experiments/tritonbench_l40s_20260518_184231/materialized_candidates/Bench_T_general_purpose/output_gpt-4o/def_0092.py",
      "reference": "/home/mb2412/triton-experiments/data/TritonBench_T_v1/tensordot_rsqrt.py",
      "seed": 0,
      "repo_stdout_equal": true,
      "candidate_stdout": {
        "returncode": 0,
        "stdout": "",
        "stderr": ""
      },
      "reference_stdout": {
        "returncode": 0,
        "stdout": "",
        "stderr": ""
      },
      "candidate_import_ok": true,
      "reference_import_ok": true,
      "candidate_result_name": null,
      "reference_result_name": "test_results",
      "strict_status": "fail",
      "strict_mismatches": [
        "$: type differs: NoneType != dict"
      ],
      "stdout_false_positive": true,
      "channel": "T",
      "name": "tensordot_rsqrt",
      "speedup": 2.2318,
      "candidate_rel": "Bench_T_general_purpose/output_gpt-4o/def_0092.py"
    },
    {
      "candidate": "/home/mb2412/triton-experiments/experiments/tritonbench_l40s_20260518_184231/materialized_candidates/Bench_T_general_purpose/output_gpt-4o_rag/def_0092.py",
      "reference": "/home/mb2412/triton-experiments/data/TritonBench_T_v1/tensordot_rsqrt.py",
      "seed": 0,
      "repo_stdout_equal": true,
      "candidate_stdout": {
        "returncode": 1,
        "stdout": "",
        "stderr": "Traceback (most recent call last):\n  File \"/tmp/strict_io_stdout_mx0b3r92/candidate_under_test.py\", line 43, in <module>\n    result = tensordot_rsqrt(a, b, dims)\n             ^^^^^^^^^^^^^^^^^^^^^^^^^^^\n  File \"/tmp/strict_io_stdout_mx0b3r92/candidate_under_test.py\", line 34, in tensordot_rsqrt\n    rsqrt_kernel[(grid_size,)](tensordot_result_flat, rsqrt_result_flat, n_elements, block_size)\n  File \"/home/mb2412/.local/lib/python3.12/site-packages/triton/runtime/jit.py\", line 347, in <lambda>\n    return lambda *args, **kwargs: self.run(grid=grid, warmup=False, *args, **kwargs)\n                                   ^^^^^^^^^^^^^^^^^^^^^^^^^^^^^^^^^^^^^^^^^^^^^^^^^^\n  File \"/home/mb2412/.local/lib/python3.12/site-packages/triton/runtime/jit.py\", line 591, in run\n    kernel.run(grid_0, grid_1, grid_2, stream, kernel.function, kernel.packed_metadata,\n  File \"/home/mb2412/.local/lib/python3.12/site-packages/triton/backends/nvidia/driver.py\", line 529, in __call__\n    self.launch(gridX, gridY, gridZ, stream, function, self.launch_cooperative_grid, global_scratch, *args)\nValueError: Pointer argument (at 0) cannot be accessed from Triton (cpu tensor?)\n"
      },
      "reference_stdout": {
        "returncode": 0,
        "stdout": "",
        "stderr": ""
      },
      "candidate_import_ok": false,
      "reference_import_ok": true,
      "strict_status": "import_error",
      "candidate_import_error": "Traceback (most recent call last):\n  File \"/home/mb2412/triton-experiments/tools/semantic_checks/strict_io_compare.py\", line 85, in _import_module\n    spec.loader.exec_module(module)\n  File \"<frozen importlib._bootstrap_external>\", line 995, in exec_module\n  File \"<frozen importlib._bootstrap>\", line 488, in _call_with_frames_removed\n  File \"/tmp/strict_io_import_zp32t7x3/candidate_under_test.py\", line 43, in <module>\n  File \"/tmp/strict_io_import_zp32t7x3/candidate_under_test.py\", line 34, in tensordot_rsqrt\n  File \"/home/mb2412/.local/lib/python3.12/site-packages/triton/runtime/jit.py\", line 347, in <lambda>\n    return lambda *args, **kwargs: self.run(grid=grid, warmup=False, *args, **kwargs)\n                                   ^^^^^^^^^^^^^^^^^^^^^^^^^^^^^^^^^^^^^^^^^^^^^^^^^^\n  File \"/home/mb2412/.local/lib/python3.12/site-packages/triton/runtime/jit.py\", line 591, in run\n    kernel.run(grid_0, grid_1, grid_2, stream, kernel.function, kernel.packed_metadata,\n  File \"/home/mb2412/.local/lib/python3.12/site-packages/triton/backends/nvidia/driver.py\", line 529, in __call__\n    self.launch(gridX, gridY, gridZ, stream, function, self.launch_cooperative_grid, global_scratch, *args)\nValueError: Pointer argument (at 0) cannot be accessed from Triton (cpu tensor?)\n",
      "reference_import_error": null,
      "channel": "T",
      "name": "tensordot_rsqrt",
      "speedup": 2.2318,
      "candidate_rel": "Bench_T_general_purpose/output_gpt-4o_rag/def_0092.py"
    },
    {
      "candidate": "/home/mb2412/triton-experiments/experiments/tritonbench_l40s_20260518_184231/materialized_candidates/Bench_T_general_purpose/output_o1-2024-12-17/def_0092.py",
      "reference": "/home/mb2412/triton-experiments/data/TritonBench_T_v1/tensordot_rsqrt.py",
      "seed": 0,
      "repo_stdout_equal": true,
      "candidate_stdout": {
        "returncode": 0,
        "stdout": "",
        "stderr": ""
      },
      "reference_stdout": {
        "returncode": 0,
        "stdout": "",
        "stderr": ""
      },
      "candidate_import_ok": true,
      "reference_import_ok": true,
      "candidate_result_name": null,
      "reference_result_name": "test_results",
      "strict_status": "fail",
      "strict_mismatches": [
        "$: type differs: NoneType != dict"
      ],
      "stdout_false_positive": true,
      "channel": "T",
      "name": "tensordot_rsqrt",
      "speedup": 2.2318,
      "candidate_rel": "Bench_T_general_purpose/output_o1-2024-12-17/def_0092.py"
    },
    {
      "candidate": "/home/mb2412/triton-experiments/experiments/tritonbench_l40s_20260518_184231/materialized_candidates/Bench_T_general_purpose/output_o1-2024-12-17_rag/def_0092.py",
      "reference": "/home/mb2412/triton-experiments/data/TritonBench_T_v1/tensordot_rsqrt.py",
      "seed": 0,
      "repo_stdout_equal": true,
      "candidate_stdout": {
        "returncode": 0,
        "stdout": "",
        "stderr": ""
      },
      "reference_stdout": {
        "returncode": 0,
        "stdout": "",
        "stderr": ""
      },
      "candidate_import_ok": true,
      "reference_import_ok": true,
      "candidate_result_name": null,
      "reference_result_name": "test_results",
      "strict_status": "fail",
      "strict_mismatches": [
        "$: type differs: NoneType != dict"
      ],
      "stdout_false_positive": true,
      "channel": "T",
      "name": "tensordot_rsqrt",
      "speedup": 2.2318,
      "candidate_rel": "Bench_T_general_purpose/output_o1-2024-12-17_rag/def_0092.py"
    },
    {
      "candidate": "/home/mb2412/triton-experiments/experiments/tritonbench_l40s_20260518_184231/materialized_candidates/Bench_T_coder_specific/deepseek_full/def_0146.py",
      "reference": "/home/mb2412/triton-experiments/data/TritonBench_T_v1/elu_linear.py",
      "seed": 0,
      "repo_stdout_equal": true,
      "candidate_stdout": {
        "returncode": 0,
        "stdout": "",
        "stderr": ""
      },
      "reference_stdout": {
        "returncode": 0,
        "stdout": "",
        "stderr": ""
      },
      "candidate_import_ok": true,
      "reference_import_ok": true,
      "candidate_result_name": null,
      "reference_result_name": "test_results",
      "strict_status": "fail",
      "strict_mismatches": [
        "$: type differs: NoneType != dict"
      ],
      "stdout_false_positive": true,
      "channel": "T",
      "name": "elu_linear",
      "speedup": 1.9,
      "candidate_rel": "Bench_T_coder_specific/deepseek_full/def_0146.py"
    },
    {
      "candidate": "/home/mb2412/triton-experiments/experiments/tritonbench_l40s_20260518_184231/materialized_candidates/Bench_T_coder_specific/qwen_full_rag/def_0146.py",
      "reference": "/home/mb2412/triton-experiments/data/TritonBench_T_v1/elu_linear.py",
      "seed": 0,
      "repo_stdout_equal": true,
      "candidate_stdout": {
        "returncode": 1,
        "stdout": "",
        "stderr": "Traceback (most recent call last):\n  File \"/tmp/strict_io_stdout_bqwwgzd3/candidate_under_test.py\", line 6, in <module>\n    from .utils import get_tensor_size, contiguous\nImportError: attempted relative import with no known parent package\n"
      },
      "reference_stdout": {
        "returncode": 0,
        "stdout": "",
        "stderr": ""
      },
      "candidate_import_ok": false,
      "reference_import_ok": true,
      "strict_status": "import_error",
      "candidate_import_error": "Traceback (most recent call last):\n  File \"/home/mb2412/triton-experiments/tools/semantic_checks/strict_io_compare.py\", line 85, in _import_module\n    spec.loader.exec_module(module)\n  File \"<frozen importlib._bootstrap_external>\", line 995, in exec_module\n  File \"<frozen importlib._bootstrap>\", line 488, in _call_with_frames_removed\n  File \"/tmp/strict_io_import_3kwbqhs0/candidate_under_test.py\", line 6, in <module>\nImportError: attempted relative import with no known parent package\n",
      "reference_import_error": null,
      "channel": "T",
      "name": "elu_linear",
      "speedup": 1.9,
      "candidate_rel": "Bench_T_coder_specific/qwen_full_rag/def_0146.py"
    },
    {
      "candidate": "/home/mb2412/triton-experiments/experiments/tritonbench_l40s_20260518_184231/materialized_candidates/Bench_T_general_purpose/output_DeepSeek-R1/def_0146.py",
      "reference": "/home/mb2412/triton-experiments/data/TritonBench_T_v1/elu_linear.py",
      "seed": 0,
      "repo_stdout_equal": true,
      "candidate_stdout": {
        "returncode": 0,
        "stdout": "",
        "stderr": ""
      },
      "reference_stdout": {
        "returncode": 0,
        "stdout": "",
        "stderr": ""
      },
      "candidate_import_ok": true,
      "reference_import_ok": true,
      "candidate_result_name": null,
      "reference_result_name": "test_results",
      "strict_status": "fail",
      "strict_mismatches": [
        "$: type differs: NoneType != dict"
      ],
      "stdout_false_positive": true,
      "channel": "T",
      "name": "elu_linear",
      "speedup": 1.9,
      "candidate_rel": "Bench_T_general_purpose/output_DeepSeek-R1/def_0146.py"
    },
    {
      "candidate": "/home/mb2412/triton-experiments/experiments/tritonbench_l40s_20260518_184231/materialized_candidates/Bench_T_general_purpose/output_DeepSeek-R1_rag/def_0146.py",
      "reference": "/home/mb2412/triton-experiments/data/TritonBench_T_v1/elu_linear.py",
      "seed": 0,
      "repo_stdout_equal": false,
      "candidate_stdout": {
        "returncode": 0,
        "stdout": "Max difference: 80.40392303466797\n",
        "stderr": ""
      },
      "reference_stdout": {
        "returncode": 0,
        "stdout": "",
        "stderr": ""
      },
      "candidate_import_ok": true,
      "reference_import_ok": true,
      "candidate_result_name": null,
      "reference_result_name": "test_results",
      "strict_status": "fail",
      "strict_mismatches": [
        "$: type differs: NoneType != dict"
      ],
      "stdout_false_positive": false,
      "channel": "T",
      "name": "elu_linear",
      "speedup": 1.9,
      "candidate_rel": "Bench_T_general_purpose/output_DeepSeek-R1_rag/def_0146.py"
    },
    {
      "candidate": "/home/mb2412/triton-experiments/experiments/tritonbench_l40s_20260518_184231/materialized_candidates/Bench_T_general_purpose/output_Qwen2.5-72B-Instruct/def_0146.py",
      "reference": "/home/mb2412/triton-experiments/data/TritonBench_T_v1/elu_linear.py",
      "seed": 0,
      "repo_stdout_equal": true,
      "candidate_stdout": {
        "returncode": 0,
        "stdout": "",
        "stderr": ""
      },
      "reference_stdout": {
        "returncode": 0,
        "stdout": "",
        "stderr": ""
      },
      "candidate_import_ok": true,
      "reference_import_ok": true,
      "candidate_result_name": null,
      "reference_result_name": "test_results",
      "strict_status": "fail",
      "strict_mismatches": [
        "$: type differs: NoneType != dict"
      ],
      "stdout_false_positive": true,
      "channel": "T",
      "name": "elu_linear",
      "speedup": 1.9,
      "candidate_rel": "Bench_T_general_purpose/output_Qwen2.5-72B-Instruct/def_0146.py"
    },
    {
      "candidate": "/home/mb2412/triton-experiments/experiments/tritonbench_l40s_20260518_184231/materialized_candidates/Bench_T_general_purpose/output_Qwen2.5-72B-Instruct_rag/def_0146.py",
      "reference": "/home/mb2412/triton-experiments/data/TritonBench_T_v1/elu_linear.py",
      "seed": 0,
      "repo_stdout_equal": true,
      "candidate_stdout": {
        "returncode": 1,
        "stdout": "",
        "stderr": "Traceback (most recent call last):\n  File \"/tmp/strict_io_stdout_cujo4e7w/candidate_under_test.py\", line 85, in <module>\n    output_triton = elu_linear(input, weight, bias, alpha, inplace=False)\n                    ^^^^^^^^^^^^^^^^^^^^^^^^^^^^^^^^^^^^^^^^^^^^^^^^^^^^^\n  File \"/tmp/strict_io_stdout_cujo4e7w/candidate_under_test.py\", line 66, in elu_linear\n    elu_linear_kernel[grid](\n  File \"/home/mb2412/.local/lib/python3.12/site-packages/triton/runtime/jit.py\", line 347, in <lambda>\n    return lambda *args, **kwargs: self.run(grid=grid, warmup=False, *args, **kwargs)\n                                   ^^^^^^^^^^^^^^^^^^^^^^^^^^^^^^^^^^^^^^^^^^^^^^^^^^\n  File \"/home/mb2412/.local/lib/python3.12/site-packages/triton/runtime/jit.py\", line 569, in run\n    kernel = self.compile(src, target=target, options=options.__dict__)\n             ^^^^^^^^^^^^^^^^^^^^^^^^^^^^^^^^^^^^^^^^^^^^^^^^^^^^^^^^^^\n  File \"/home/mb2412/.local/lib/python3.12/site-packages/triton/compiler/compiler.py\", line 278, in compile\n    module = src.make_ir(options, codegen_fns, module_map, context)\n             ^^^^^^^^^^^^^^^^^^^^^^^^^^^^^^^^^^^^^^^^^^^^^^^^^^^^^^\n  File \"/home/mb2412/.local/lib/python3.12/site-packages/triton/compiler/compiler.py\", line 81, in make_ir\n    return ast_to_ttir(self.fn, self, context=context, options=options, codegen_fns=codegen_fns,\n           ^^^^^^^^^^^^^^^^^^^^^^^^^^^^^^^^^^^^^^^^^^^^^^^^^^^^^^^^^^^^^^^^^^^^^^^^^^^^^^^^^^^^^\ntriton.compiler.errors.CompilationError: at 31:18:\n    offsets_output = block_start_output + tl.arange(0, BLOCK_SIZE_OUTPUT)\n\n    mask_input = offsets_input < input_size\n    mask_output = offsets_output < output_size\n\n    input = tl.load(input_ptr + offsets_input * input_stride, mask=mask_input)\n    weight = tl.load(weight_ptr + offsets_output * weight_stride, mask=mask_output)\n\n    # Perform the linear transformation\n    output = tl.zeros((BLOCK_SIZE_OUTPUT,), dtype=tl.float32)\n    for i in range(input_size):\n        output += input[i] * weight[i]\n                  ^\nValueError('Did you forget to add @triton.jit ? (`_builder` argument must be provided outside of JIT functions.)')\n"
      },
      "reference_stdout": {
        "returncode": 0,
        "stdout": "",
        "stderr": ""
      },
      "candidate_import_ok": false,
      "reference_import_ok": true,
      "strict_status": "import_error",
      "candidate_import_error": "Traceback (most recent call last):\n  File \"/home/mb2412/triton-experiments/tools/semantic_checks/strict_io_compare.py\", line 85, in _import_module\n    spec.loader.exec_module(module)\n  File \"<frozen importlib._bootstrap_external>\", line 995, in exec_module\n  File \"<frozen importlib._bootstrap>\", line 488, in _call_with_frames_removed\n  File \"/tmp/strict_io_import_q3frbh66/candidate_under_test.py\", line 85, in <module>\n  File \"/tmp/strict_io_import_q3frbh66/candidate_under_test.py\", line 66, in elu_linear\n  File \"/home/mb2412/.local/lib/python3.12/site-packages/triton/runtime/jit.py\", line 347, in <lambda>\n    return lambda *args, **kwargs: self.run(grid=grid, warmup=False, *args, **kwargs)\n                                   ^^^^^^^^^^^^^^^^^^^^^^^^^^^^^^^^^^^^^^^^^^^^^^^^^^\n  File \"/home/mb2412/.local/lib/python3.12/site-packages/triton/runtime/jit.py\", line 569, in run\n    kernel = self.compile(src, target=target, options=options.__dict__)\n             ^^^^^^^^^^^^^^^^^^^^^^^^^^^^^^^^^^^^^^^^^^^^^^^^^^^^^^^^^^\n  File \"/home/mb2412/.local/lib/python3.12/site-packages/triton/compiler/compiler.py\", line 278, in compile\n    module = src.make_ir(options, codegen_fns, module_map, context)\n             ^^^^^^^^^^^^^^^^^^^^^^^^^^^^^^^^^^^^^^^^^^^^^^^^^^^^^^\n  File \"/home/mb2412/.local/lib/python3.12/site-packages/triton/compiler/compiler.py\", line 81, in make_ir\n    return ast_to_ttir(self.fn, self, context=context, options=options, codegen_fns=codegen_fns,\n           ^^^^^^^^^^^^^^^^^^^^^^^^^^^^^^^^^^^^^^^^^^^^^^^^^^^^^^^^^^^^^^^^^^^^^^^^^^^^^^^^^^^^^\ntriton.compiler.errors.CompilationError: at 31:18:\n    offsets_output = block_start_output + tl.arange(0, BLOCK_SIZE_OUTPUT)\n\n    mask_input = offsets_input < input_size\n    mask_output = offsets_output < output_size\n\n    input = tl.load(input_ptr + offsets_input * input_stride, mask=mask_input)\n    weight = tl.load(weight_ptr + offsets_output * weight_stride, mask=mask_output)\n\n    # Perform the linear transformation\n    output = tl.zeros((BLOCK_SIZE_OUTPUT,), dtype=tl.float32)\n    for i in range(input_size):\n        output += input[i] * weight[i]\n                  ^\nValueError('Did you forget to add @triton.jit ? (`_builder` argument must be provided outside of JIT functions.)')\n",
      "reference_import_error": null,
      "channel": "T",
      "name": "elu_linear",
      "speedup": 1.9,
      "candidate_rel": "Bench_T_general_purpose/output_Qwen2.5-72B-Instruct_rag/def_0146.py"
    },
    {
      "candidate": "/home/mb2412/triton-experiments/experiments/tritonbench_l40s_20260518_184231/materialized_candidates/Bench_T_general_purpose/output_claude-3-5-sonnet-20240620/def_0146.py",
      "reference": "/home/mb2412/triton-experiments/data/TritonBench_T_v1/elu_linear.py",
      "seed": 0,
      "repo_stdout_equal": true,
      "candidate_stdout": {
        "returncode": 0,
        "stdout": "",
        "stderr": ""
      },
      "reference_stdout": {
        "returncode": 0,
        "stdout": "",
        "stderr": ""
      },
      "candidate_import_ok": true,
      "reference_import_ok": true,
      "candidate_result_name": null,
      "reference_result_name": "test_results",
      "strict_status": "fail",
      "strict_mismatches": [
        "$: type differs: NoneType != dict"
      ],
      "stdout_false_positive": true,
      "channel": "T",
      "name": "elu_linear",
      "speedup": 1.9,
      "candidate_rel": "Bench_T_general_purpose/output_claude-3-5-sonnet-20240620/def_0146.py"
    },
    {
      "candidate": "/home/mb2412/triton-experiments/experiments/tritonbench_l40s_20260518_184231/materialized_candidates/Bench_T_general_purpose/output_claude-3-5-sonnet-20240620_rag/def_0146.py",
      "reference": "/home/mb2412/triton-experiments/data/TritonBench_T_v1/elu_linear.py",
      "seed": 0,
      "repo_stdout_equal": true,
      "candidate_stdout": {
        "returncode": 1,
        "stdout": "",
        "stderr": "Traceback (most recent call last):\n  File \"/home/mb2412/.local/lib/python3.12/site-packages/triton/language/core.py\", line 34, in wrapper\n    return fn(*args, **kwargs)\n           ^^^^^^^^^^^^^^^^^^^\n  File \"/home/mb2412/.local/lib/python3.12/site-packages/triton/language/core.py\", line 1914, in load\n    return semantic.load(pointer, mask, other, boundary_check, padding_option, cache_modifier, eviction_policy,\n           ^^^^^^^^^^^^^^^^^^^^^^^^^^^^^^^^^^^^^^^^^^^^^^^^^^^^^^^^^^^^^^^^^^^^^^^^^^^^^^^^^^^^^^^^^^^^^^^^^^^^\n  File \"/home/mb2412/.local/lib/python3.12/site-packages/triton/language/semantic.py\", line 1147, in load\n    return _load_legacy(ptr, mask, other, boundary_check, padding, cache, eviction, is_volatile, builder)\n           ^^^^^^^^^^^^^^^^^^^^^^^^^^^^^^^^^^^^^^^^^^^^^^^^^^^^^^^^^^^^^^^^^^^^^^^^^^^^^^^^^^^^^^^^^^^^^^\n  File \"/home/mb2412/.local/lib/python3.12/site-packages/triton/language/semantic.py\", line 1075, in _load_legacy\n    raise ValueError(f\"Unsupported ptr type {ptr.type.__repr__()} in `tl.load`\")\nValueError: Unsupported ptr type triton.language.int64 in `tl.load`\n\nThe above exception was the direct cause of the following exception:\n\nTraceback (most recent call last):\n  File \"/tmp/strict_io_stdout_4d5hg5ep/candidate_under_test.py\", line 56, in <module>\n    output_triton = elu_linear(input_tensor, weight_tensor, bias=bias_tensor, alpha=alpha.item())\n                    ^^^^^^^^^^^^^^^^^^^^^^^^^^^^^^^^^^^^^^^^^^^^^^^^^^^^^^^^^^^^^^^^^^^^^^^^^^^^^\n  File \"/tmp/strict_io_stdout_4d5hg5ep/candidate_under_test.py\", line 43, in elu_linear\n    elu_linear_kernel[grid](input, weight, bias_ptr, alpha, output, n_elements, BLOCK_SIZE=1024)\n  File \"/home/mb2412/.local/lib/python3.12/site-packages/triton/runtime/jit.py\", line 347, in <lambda>\n    return lambda *args, **kwargs: self.run(grid=grid, warmup=False, *args, **kwargs)\n                                   ^^^^^^^^^^^^^^^^^^^^^^^^^^^^^^^^^^^^^^^^^^^^^^^^^^\n  File \"/home/mb2412/.local/lib/python3.12/site-packages/triton/runtime/jit.py\", line 569, in run\n    kernel = self.compile(src, target=target, options=options.__dict__)\n             ^^^^^^^^^^^^^^^^^^^^^^^^^^^^^^^^^^^^^^^^^^^^^^^^^^^^^^^^^^\n  File \"/home/mb2412/.local/lib/python3.12/site-packages/triton/compiler/compiler.py\", line 278, in compile\n    module = src.make_ir(options, codegen_fns, module_map, context)\n             ^^^^^^^^^^^^^^^^^^^^^^^^^^^^^^^^^^^^^^^^^^^^^^^^^^^^^^\n  File \"/home/mb2412/.local/lib/python3.12/site-packages/triton/compiler/compiler.py\", line 81, in make_ir\n    return ast_to_ttir(self.fn, self, context=context, options=options, codegen_fns=codegen_fns,\n           ^^^^^^^^^^^^^^^^^^^^^^^^^^^^^^^^^^^^^^^^^^^^^^^^^^^^^^^^^^^^^^^^^^^^^^^^^^^^^^^^^^^^^\ntriton.compiler.errors.CompilationError: at 11:18:\ndef elu_linear_kernel(input_ptr, weight_ptr, bias_ptr, alpha_ptr, output_ptr, n_elements, BLOCK_SIZE: tl.constexpr):\n    pid = tl.program_id(axis=0)\n    block_start = pid * BLOCK_SIZE\n    offsets = block_start + tl.arange(0, BLOCK_SIZE)\n\n    mask = offsets < n_elements\n\n    # Load input, weight, and bias\n    input_tensor = tl.load(input_ptr + offsets, mask=mask)\n    weight_tensor = tl.load(weight_ptr)\n    bias_tensor = tl.load(bias_ptr) if bias_ptr is not None else 0.0\n                  ^\n"
      },
      "reference_stdout": {
        "returncode": 0,
        "stdout": "",
        "stderr": ""
      },
      "candidate_import_ok": false,
      "reference_import_ok": true,
      "strict_status": "import_error",
      "candidate_import_error": "Traceback (most recent call last):\n  File \"/home/mb2412/.local/lib/python3.12/site-packages/triton/language/core.py\", line 34, in wrapper\n    return fn(*args, **kwargs)\n           ^^^^^^^^^^^^^^^^^^^\n  File \"/home/mb2412/.local/lib/python3.12/site-packages/triton/language/core.py\", line 1914, in load\n    return semantic.load(pointer, mask, other, boundary_check, padding_option, cache_modifier, eviction_policy,\n           ^^^^^^^^^^^^^^^^^^^^^^^^^^^^^^^^^^^^^^^^^^^^^^^^^^^^^^^^^^^^^^^^^^^^^^^^^^^^^^^^^^^^^^^^^^^^^^^^^^^^\n  File \"/home/mb2412/.local/lib/python3.12/site-packages/triton/language/semantic.py\", line 1147, in load\n    return _load_legacy(ptr, mask, other, boundary_check, padding, cache, eviction, is_volatile, builder)\n           ^^^^^^^^^^^^^^^^^^^^^^^^^^^^^^^^^^^^^^^^^^^^^^^^^^^^^^^^^^^^^^^^^^^^^^^^^^^^^^^^^^^^^^^^^^^^^^\n  File \"/home/mb2412/.local/lib/python3.12/site-packages/triton/language/semantic.py\", line 1075, in _load_legacy\n    raise ValueError(f\"Unsupported ptr type {ptr.type.__repr__()} in `tl.load`\")\nValueError: Unsupported ptr type triton.language.int64 in `tl.load`\n\nThe above exception was the direct cause of the following exception:\n\nTraceback (most recent call last):\n  File \"/home/mb2412/triton-experiments/tools/semantic_checks/strict_io_compare.py\", line 85, in _import_module\n    spec.loader.exec_module(module)\n  File \"<frozen importlib._bootstrap_external>\", line 995, in exec_module\n  File \"<frozen importlib._bootstrap>\", line 488, in _call_with_frames_removed\n  File \"/tmp/strict_io_import_cpiadajq/candidate_under_test.py\", line 56, in <module>\n  File \"/tmp/strict_io_import_cpiadajq/candidate_under_test.py\", line 43, in elu_linear\n  File \"/home/mb2412/.local/lib/python3.12/site-packages/triton/runtime/jit.py\", line 347, in <lambda>\n    return lambda *args, **kwargs: self.run(grid=grid, warmup=False, *args, **kwargs)\n                                   ^^^^^^^^^^^^^^^^^^^^^^^^^^^^^^^^^^^^^^^^^^^^^^^^^^\n  File \"/home/mb2412/.local/lib/python3.12/site-packages/triton/runtime/jit.py\", line 569, in run\n    kernel = self.compile(src, target=target, options=options.__dict__)\n             ^^^^^^^^^^^^^^^^^^^^^^^^^^^^^^^^^^^^^^^^^^^^^^^^^^^^^^^^^^\n  File \"/home/mb2412/.local/lib/python3.12/site-packages/triton/compiler/compiler.py\", line 278, in compile\n    module = src.make_ir(options, codegen_fns, module_map, context)\n             ^^^^^^^^^^^^^^^^^^^^^^^^^^^^^^^^^^^^^^^^^^^^^^^^^^^^^^\n  File \"/home/mb2412/.local/lib/python3.12/site-packages/triton/compiler/compiler.py\", line 81, in make_ir\n    return ast_to_ttir(self.fn, self, context=context, options=options, codegen_fns=codegen_fns,\n           ^^^^^^^^^^^^^^^^^^^^^^^^^^^^^^^^^^^^^^^^^^^^^^^^^^^^^^^^^^^^^^^^^^^^^^^^^^^^^^^^^^^^^\ntriton.compiler.errors.CompilationError: at 11:18:\ndef elu_linear_kernel(input_ptr, weight_ptr, bias_ptr, alpha_ptr, output_ptr, n_elements, BLOCK_SIZE: tl.constexpr):\n    pid = tl.program_id(axis=0)\n    block_start = pid * BLOCK_SIZE\n    offsets = block_start + tl.arange(0, BLOCK_SIZE)\n\n    mask = offsets < n_elements\n\n    # Load input, weight, and bias\n    input_tensor = tl.load(input_ptr + offsets, mask=mask)\n    weight_tensor = tl.load(weight_ptr)\n    bias_tensor = tl.load(bias_ptr) if bias_ptr is not None else 0.0\n                  ^\n",
      "reference_import_error": null,
      "channel": "T",
      "name": "elu_linear",
      "speedup": 1.9,
      "candidate_rel": "Bench_T_general_purpose/output_claude-3-5-sonnet-20240620_rag/def_0146.py"
    },
    {
      "candidate": "/home/mb2412/triton-experiments/experiments/tritonbench_l40s_20260518_184231/materialized_candidates/Bench_T_general_purpose/output_gpt-4o/def_0146.py",
      "reference": "/home/mb2412/triton-experiments/data/TritonBench_T_v1/elu_linear.py",
      "seed": 0,
      "repo_stdout_equal": true,
      "candidate_stdout": {
        "returncode": 0,
        "stdout": "",
        "stderr": ""
      },
      "reference_stdout": {
        "returncode": 0,
        "stdout": "",
        "stderr": ""
      },
      "candidate_import_ok": true,
      "reference_import_ok": true,
      "candidate_result_name": null,
      "reference_result_name": "test_results",
      "strict_status": "fail",
      "strict_mismatches": [
        "$: type differs: NoneType != dict"
      ],
      "stdout_false_positive": true,
      "channel": "T",
      "name": "elu_linear",
      "speedup": 1.9,
      "candidate_rel": "Bench_T_general_purpose/output_gpt-4o/def_0146.py"
    },
    {
      "candidate": "/home/mb2412/triton-experiments/experiments/tritonbench_l40s_20260518_184231/materialized_candidates/Bench_T_general_purpose/output_gpt-4o_rag/def_0146.py",
      "reference": "/home/mb2412/triton-experiments/data/TritonBench_T_v1/elu_linear.py",
      "seed": 0,
      "repo_stdout_equal": true,
      "candidate_stdout": {
        "returncode": 1,
        "stdout": "",
        "stderr": "Traceback (most recent call last):\n  File \"/home/mb2412/.local/lib/python3.12/site-packages/triton/language/core.py\", line 34, in wrapper\n    return fn(*args, **kwargs)\n           ^^^^^^^^^^^^^^^^^^^\n  File \"/home/mb2412/.local/lib/python3.12/site-packages/triton/language/core.py\", line 1451, in arange\n    return semantic.arange(start, end, _builder)\n           ^^^^^^^^^^^^^^^^^^^^^^^^^^^^^^^^^^^^^\n  File \"/home/mb2412/.local/lib/python3.12/site-packages/triton/language/semantic.py\", line 614, in arange\n    raise ValueError(\"arange's arguments must be of type tl.constexpr\")\nValueError: arange's arguments must be of type tl.constexpr\n\nThe above exception was the direct cause of the following exception:\n\nTraceback (most recent call last):\n  File \"/tmp/strict_io_stdout_vxcjh8b8/candidate_under_test.py\", line 63, in <module>\n    output = elu_linear(input, weight, bias, alpha, inplace=False)\n             ^^^^^^^^^^^^^^^^^^^^^^^^^^^^^^^^^^^^^^^^^^^^^^^^^^^^^\n  File \"/tmp/strict_io_stdout_vxcjh8b8/candidate_under_test.py\", line 51, in elu_linear\n    elu_linear_kernel[grid](input, weight, bias, output, alpha_tensor, n_elements, n_features, BLOCK_SIZE=1024)\n  File \"/home/mb2412/.local/lib/python3.12/site-packages/triton/runtime/jit.py\", line 347, in <lambda>\n    return lambda *args, **kwargs: self.run(grid=grid, warmup=False, *args, **kwargs)\n                                   ^^^^^^^^^^^^^^^^^^^^^^^^^^^^^^^^^^^^^^^^^^^^^^^^^^\n  File \"/home/mb2412/.local/lib/python3.12/site-packages/triton/runtime/jit.py\", line 569, in run\n    kernel = self.compile(src, target=target, options=options.__dict__)\n             ^^^^^^^^^^^^^^^^^^^^^^^^^^^^^^^^^^^^^^^^^^^^^^^^^^^^^^^^^^\n  File \"/home/mb2412/.local/lib/python3.12/site-packages/triton/compiler/compiler.py\", line 278, in compile\n    module = src.make_ir(options, codegen_fns, module_map, context)\n             ^^^^^^^^^^^^^^^^^^^^^^^^^^^^^^^^^^^^^^^^^^^^^^^^^^^^^^\n  File \"/home/mb2412/.local/lib/python3.12/site-packages/triton/compiler/compiler.py\", line 81, in make_ir\n    return ast_to_ttir(self.fn, self, context=context, options=options, codegen_fns=codegen_fns,\n           ^^^^^^^^^^^^^^^^^^^^^^^^^^^^^^^^^^^^^^^^^^^^^^^^^^^^^^^^^^^^^^^^^^^^^^^^^^^^^^^^^^^^^\ntriton.compiler.errors.CompilationError: at 11:34:\ndef elu_linear_kernel(input_ptr, weight_ptr, bias_ptr, output_ptr, alpha_ptr,\n                      n_elements, n_features, BLOCK_SIZE: tl.constexpr):\n    pid = tl.program_id(axis=0)\n    block_start = pid * BLOCK_SIZE\n    offsets = block_start + tl.arange(0, BLOCK_SIZE)\n\n    mask = offsets < n_elements\n\n    # Load input and weights\n    input = tl.load(input_ptr + offsets, mask=mask)\n    weight = tl.load(weight_ptr + tl.arange(0, n_features))\n                                  ^\n"
      },
      "reference_stdout": {
        "returncode": 0,
        "stdout": "",
        "stderr": ""
      },
      "candidate_import_ok": false,
      "reference_import_ok": true,
      "strict_status": "import_error",
      "candidate_import_error": "Traceback (most recent call last):\n  File \"/home/mb2412/.local/lib/python3.12/site-packages/triton/language/core.py\", line 34, in wrapper\n    return fn(*args, **kwargs)\n           ^^^^^^^^^^^^^^^^^^^\n  File \"/home/mb2412/.local/lib/python3.12/site-packages/triton/language/core.py\", line 1451, in arange\n    return semantic.arange(start, end, _builder)\n           ^^^^^^^^^^^^^^^^^^^^^^^^^^^^^^^^^^^^^\n  File \"/home/mb2412/.local/lib/python3.12/site-packages/triton/language/semantic.py\", line 614, in arange\n    raise ValueError(\"arange's arguments must be of type tl.constexpr\")\nValueError: arange's arguments must be of type tl.constexpr\n\nThe above exception was the direct cause of the following exception:\n\nTraceback (most recent call last):\n  File \"/home/mb2412/triton-experiments/tools/semantic_checks/strict_io_compare.py\", line 85, in _import_module\n    spec.loader.exec_module(module)\n  File \"<frozen importlib._bootstrap_external>\", line 995, in exec_module\n  File \"<frozen importlib._bootstrap>\", line 488, in _call_with_frames_removed\n  File \"/tmp/strict_io_import_cbz6rn0j/candidate_under_test.py\", line 63, in <module>\n  File \"/tmp/strict_io_import_cbz6rn0j/candidate_under_test.py\", line 51, in elu_linear\n  File \"/home/mb2412/.local/lib/python3.12/site-packages/triton/runtime/jit.py\", line 347, in <lambda>\n    return lambda *args, **kwargs: self.run(grid=grid, warmup=False, *args, **kwargs)\n                                   ^^^^^^^^^^^^^^^^^^^^^^^^^^^^^^^^^^^^^^^^^^^^^^^^^^\n  File \"/home/mb2412/.local/lib/python3.12/site-packages/triton/runtime/jit.py\", line 569, in run\n    kernel = self.compile(src, target=target, options=options.__dict__)\n             ^^^^^^^^^^^^^^^^^^^^^^^^^^^^^^^^^^^^^^^^^^^^^^^^^^^^^^^^^^\n  File \"/home/mb2412/.local/lib/python3.12/site-packages/triton/compiler/compiler.py\", line 278, in compile\n    module = src.make_ir(options, codegen_fns, module_map, context)\n             ^^^^^^^^^^^^^^^^^^^^^^^^^^^^^^^^^^^^^^^^^^^^^^^^^^^^^^\n  File \"/home/mb2412/.local/lib/python3.12/site-packages/triton/compiler/compiler.py\", line 81, in make_ir\n    return ast_to_ttir(self.fn, self, context=context, options=options, codegen_fns=codegen_fns,\n           ^^^^^^^^^^^^^^^^^^^^^^^^^^^^^^^^^^^^^^^^^^^^^^^^^^^^^^^^^^^^^^^^^^^^^^^^^^^^^^^^^^^^^\ntriton.compiler.errors.CompilationError: at 11:34:\ndef elu_linear_kernel(input_ptr, weight_ptr, bias_ptr, output_ptr, alpha_ptr,\n                      n_elements, n_features, BLOCK_SIZE: tl.constexpr):\n    pid = tl.program_id(axis=0)\n    block_start = pid * BLOCK_SIZE\n    offsets = block_start + tl.arange(0, BLOCK_SIZE)\n\n    mask = offsets < n_elements\n\n    # Load input and weights\n    input = tl.load(input_ptr + offsets, mask=mask)\n    weight = tl.load(weight_ptr + tl.arange(0, n_features))\n                                  ^\n",
      "reference_import_error": null,
      "channel": "T",
      "name": "elu_linear",
      "speedup": 1.9,
      "candidate_rel": "Bench_T_general_purpose/output_gpt-4o_rag/def_0146.py"
    },
    {
      "candidate": "/home/mb2412/triton-experiments/experiments/tritonbench_l40s_20260518_184231/materialized_candidates/Bench_T_general_purpose/output_o1-2024-12-17/def_0146.py",
      "reference": "/home/mb2412/triton-experiments/data/TritonBench_T_v1/elu_linear.py",
      "seed": 0,
      "repo_stdout_equal": true,
      "candidate_stdout": {
        "returncode": 0,
        "stdout": "",
        "stderr": ""
      },
      "reference_stdout": {
        "returncode": 0,
        "stdout": "",
        "stderr": ""
      },
      "candidate_import_ok": true,
      "reference_import_ok": true,
      "candidate_result_name": null,
      "reference_result_name": "test_results",
      "strict_status": "fail",
      "strict_mismatches": [
        "$: type differs: NoneType != dict"
      ],
      "stdout_false_positive": true,
      "channel": "T",
      "name": "elu_linear",
      "speedup": 1.9,
      "candidate_rel": "Bench_T_general_purpose/output_o1-2024-12-17/def_0146.py"
    },
    {
      "candidate": "/home/mb2412/triton-experiments/experiments/tritonbench_l40s_20260518_184231/materialized_candidates/Bench_T_general_purpose/output_o1-2024-12-17_rag/def_0146.py",
      "reference": "/home/mb2412/triton-experiments/data/TritonBench_T_v1/elu_linear.py",
      "seed": 0,
      "repo_stdout_equal": true,
      "candidate_stdout": {
        "returncode": 0,
        "stdout": "",
        "stderr": ""
      },
      "reference_stdout": {
        "returncode": 0,
        "stdout": "",
        "stderr": ""
      },
      "candidate_import_ok": true,
      "reference_import_ok": true,
      "candidate_result_name": null,
      "reference_result_name": "test_results",
      "strict_status": "fail",
      "strict_mismatches": [
        "$: type differs: NoneType != dict"
      ],
      "stdout_false_positive": true,
      "channel": "T",
      "name": "elu_linear",
      "speedup": 1.9,
      "candidate_rel": "Bench_T_general_purpose/output_o1-2024-12-17_rag/def_0146.py"
    },
    {
      "candidate": "/home/mb2412/triton-experiments/experiments/tritonbench_l40s_20260518_184231/materialized_candidates/Bench_T_coder_specific/deepseek_full/linalg.py",
      "reference": "/home/mb2412/triton-experiments/data/TritonBench_T_v1/det.py",
      "seed": 0,
      "repo_stdout_equal": true,
      "candidate_stdout": {
        "returncode": 1,
        "stdout": "",
        "stderr": "Traceback (most recent call last):\n  File \"/tmp/strict_io_stdout_aexc07ym/candidate_under_test.py\", line 5, in <module>\n    from torch._inductor.triton_heuristics import reduction\nModuleNotFoundError: No module named 'torch._inductor.triton_heuristics'\n"
      },
      "reference_stdout": {
        "returncode": 0,
        "stdout": "",
        "stderr": ""
      },
      "candidate_import_ok": false,
      "reference_import_ok": true,
      "strict_status": "import_error",
      "candidate_import_error": "Traceback (most recent call last):\n  File \"/home/mb2412/triton-experiments/tools/semantic_checks/strict_io_compare.py\", line 85, in _import_module\n    spec.loader.exec_module(module)\n  File \"<frozen importlib._bootstrap_external>\", line 995, in exec_module\n  File \"<frozen importlib._bootstrap>\", line 488, in _call_with_frames_removed\n  File \"/tmp/strict_io_import_tmx1caru/candidate_under_test.py\", line 5, in <module>\nModuleNotFoundError: No module named 'torch._inductor.triton_heuristics'\n",
      "reference_import_error": null,
      "channel": "T",
      "name": "det",
      "speedup": 1.5777,
      "candidate_rel": "Bench_T_coder_specific/deepseek_full/linalg.py"
    },
    {
      "candidate": "/home/mb2412/triton-experiments/experiments/tritonbench_l40s_20260518_184231/materialized_candidates/Bench_T_coder_specific/qwen_full/linalg.py",
      "reference": "/home/mb2412/triton-experiments/data/TritonBench_T_v1/det.py",
      "seed": 0,
      "repo_stdout_equal": true,
      "candidate_stdout": {
        "returncode": 0,
        "stdout": "",
        "stderr": ""
      },
      "reference_stdout": {
        "returncode": 0,
        "stdout": "",
        "stderr": ""
      },
      "candidate_import_ok": true,
      "reference_import_ok": true,
      "candidate_result_name": null,
      "reference_result_name": "test_results",
      "strict_status": "fail",
      "strict_mismatches": [
        "$: type differs: NoneType != dict"
      ],
      "stdout_false_positive": true,
      "channel": "T",
      "name": "det",
      "speedup": 1.5777,
      "candidate_rel": "Bench_T_coder_specific/qwen_full/linalg.py"
    },
    {
      "candidate": "/home/mb2412/triton-experiments/experiments/tritonbench_l40s_20260518_184231/materialized_candidates/Bench_T_coder_specific/qwen_full_rag/linalg.py",
      "reference": "/home/mb2412/triton-experiments/data/TritonBench_T_v1/det.py",
      "seed": 0,
      "repo_stdout_equal": true,
      "candidate_stdout": {
        "returncode": 0,
        "stdout": "",
        "stderr": ""
      },
      "reference_stdout": {
        "returncode": 0,
        "stdout": "",
        "stderr": ""
      },
      "candidate_import_ok": true,
      "reference_import_ok": true,
      "candidate_result_name": null,
      "reference_result_name": "test_results",
      "strict_status": "fail",
      "strict_mismatches": [
        "$: type differs: NoneType != dict"
      ],
      "stdout_false_positive": true,
      "channel": "T",
      "name": "det",
      "speedup": 1.5777,
      "candidate_rel": "Bench_T_coder_specific/qwen_full_rag/linalg.py"
    },
    {
      "candidate": "/home/mb2412/triton-experiments/experiments/tritonbench_l40s_20260518_184231/materialized_candidates/Bench_T_general_purpose/output_DeepSeek-R1/linalg.py",
      "reference": "/home/mb2412/triton-experiments/data/TritonBench_T_v1/det.py",
      "seed": 0,
      "repo_stdout_equal": true,
      "candidate_stdout": {
        "returncode": 0,
        "stdout": "",
        "stderr": ""
      },
      "reference_stdout": {
        "returncode": 0,
        "stdout": "",
        "stderr": ""
      },
      "candidate_import_ok": true,
      "reference_import_ok": true,
      "candidate_result_name": null,
      "reference_result_name": "test_results",
      "strict_status": "fail",
      "strict_mismatches": [
        "$: type differs: NoneType != dict"
      ],
      "stdout_false_positive": true,
      "channel": "T",
      "name": "det",
      "speedup": 1.5777,
      "candidate_rel": "Bench_T_general_purpose/output_DeepSeek-R1/linalg.py"
    },
    {
      "candidate": "/home/mb2412/triton-experiments/experiments/tritonbench_l40s_20260518_184231/materialized_candidates/Bench_T_general_purpose/output_DeepSeek-R1_rag/linalg.py",
      "reference": "/home/mb2412/triton-experiments/data/TritonBench_T_v1/det.py",
      "seed": 0,
      "repo_stdout_equal": true,
      "candidate_stdout": {
        "returncode": 0,
        "stdout": "",
        "stderr": ""
      },
      "reference_stdout": {
        "returncode": 0,
        "stdout": "",
        "stderr": ""
      },
      "candidate_import_ok": true,
      "reference_import_ok": true,
      "candidate_result_name": null,
      "reference_result_name": "test_results",
      "strict_status": "fail",
      "strict_mismatches": [
        "$: type differs: NoneType != dict"
      ],
      "stdout_false_positive": true,
      "channel": "T",
      "name": "det",
      "speedup": 1.5777,
      "candidate_rel": "Bench_T_general_purpose/output_DeepSeek-R1_rag/linalg.py"
    },
    {
      "candidate": "/home/mb2412/triton-experiments/experiments/tritonbench_l40s_20260518_184231/materialized_candidates/Bench_T_general_purpose/output_claude-3-5-sonnet-20240620/linalg.py",
      "reference": "/home/mb2412/triton-experiments/data/TritonBench_T_v1/det.py",
      "seed": 0,
      "repo_stdout_equal": true,
      "candidate_stdout": {
        "returncode": 0,
        "stdout": "",
        "stderr": ""
      },
      "reference_stdout": {
        "returncode": 0,
        "stdout": "",
        "stderr": ""
      },
      "candidate_import_ok": true,
      "reference_import_ok": true,
      "candidate_result_name": null,
      "reference_result_name": "test_results",
      "strict_status": "fail",
      "strict_mismatches": [
        "$: type differs: NoneType != dict"
      ],
      "stdout_false_positive": true,
      "channel": "T",
      "name": "det",
      "speedup": 1.5777,
      "candidate_rel": "Bench_T_general_purpose/output_claude-3-5-sonnet-20240620/linalg.py"
    },
    {
      "candidate": "/home/mb2412/triton-experiments/experiments/tritonbench_l40s_20260518_184231/materialized_candidates/Bench_T_general_purpose/output_claude-3-5-sonnet-20240620_rag/linalg.py",
      "reference": "/home/mb2412/triton-experiments/data/TritonBench_T_v1/det.py",
      "seed": 0,
      "repo_stdout_equal": true,
      "candidate_stdout": {
        "returncode": 0,
        "stdout": "",
        "stderr": ""
      },
      "reference_stdout": {
        "returncode": 0,
        "stdout": "",
        "stderr": ""
      },
      "candidate_import_ok": true,
      "reference_import_ok": true,
      "candidate_result_name": null,
      "reference_result_name": "test_results",
      "strict_status": "fail",
      "strict_mismatches": [
        "$: type differs: NoneType != dict"
      ],
      "stdout_false_positive": true,
      "channel": "T",
      "name": "det",
      "speedup": 1.5777,
      "candidate_rel": "Bench_T_general_purpose/output_claude-3-5-sonnet-20240620_rag/linalg.py"
    },
    {
      "candidate": "/home/mb2412/triton-experiments/experiments/tritonbench_l40s_20260518_184231/materialized_candidates/Bench_T_general_purpose/output_gpt-4o/linalg.py",
      "reference": "/home/mb2412/triton-experiments/data/TritonBench_T_v1/det.py",
      "seed": 0,
      "repo_stdout_equal": true,
      "candidate_stdout": {
        "returncode": 0,
        "stdout": "",
        "stderr": ""
      },
      "reference_stdout": {
        "returncode": 0,
        "stdout": "",
        "stderr": ""
      },
      "candidate_import_ok": true,
      "reference_import_ok": true,
      "candidate_result_name": null,
      "reference_result_name": "test_results",
      "strict_status": "fail",
      "strict_mismatches": [
        "$: type differs: NoneType != dict"
      ],
      "stdout_false_positive": true,
      "channel": "T",
      "name": "det",
      "speedup": 1.5777,
      "candidate_rel": "Bench_T_general_purpose/output_gpt-4o/linalg.py"
    },
    {
      "candidate": "/home/mb2412/triton-experiments/experiments/tritonbench_l40s_20260518_184231/materialized_candidates/Bench_T_general_purpose/output_gpt-4o_rag/linalg.py",
      "reference": "/home/mb2412/triton-experiments/data/TritonBench_T_v1/det.py",
      "seed": 0,
      "repo_stdout_equal": true,
      "candidate_stdout": {
        "returncode": 0,
        "stdout": "",
        "stderr": ""
      },
      "reference_stdout": {
        "returncode": 0,
        "stdout": "",
        "stderr": ""
      },
      "candidate_import_ok": true,
      "reference_import_ok": true,
      "candidate_result_name": null,
      "reference_result_name": "test_results",
      "strict_status": "fail",
      "strict_mismatches": [
        "$: type differs: NoneType != dict"
      ],
      "stdout_false_positive": true,
      "channel": "T",
      "name": "det",
      "speedup": 1.5777,
      "candidate_rel": "Bench_T_general_purpose/output_gpt-4o_rag/linalg.py"
    },
    {
      "candidate": "/home/mb2412/triton-experiments/experiments/tritonbench_l40s_20260518_184231/materialized_candidates/Bench_T_general_purpose/output_o1-2024-12-17/linalg.py",
      "reference": "/home/mb2412/triton-experiments/data/TritonBench_T_v1/det.py",
      "seed": 0,
      "repo_stdout_equal": true,
      "candidate_stdout": {
        "returncode": 0,
        "stdout": "",
        "stderr": ""
      },
      "reference_stdout": {
        "returncode": 0,
        "stdout": "",
        "stderr": ""
      },
      "candidate_import_ok": true,
      "reference_import_ok": true,
      "candidate_result_name": null,
      "reference_result_name": "test_results",
      "strict_status": "fail",
      "strict_mismatches": [
        "$: type differs: NoneType != dict"
      ],
      "stdout_false_positive": true,
      "channel": "T",
      "name": "det",
      "speedup": 1.5777,
      "candidate_rel": "Bench_T_general_purpose/output_o1-2024-12-17/linalg.py"
    },
    {
      "candidate": "/home/mb2412/triton-experiments/experiments/tritonbench_l40s_20260518_184231/materialized_candidates/Bench_T_general_purpose/output_o1-2024-12-17_rag/linalg.py",
      "reference": "/home/mb2412/triton-experiments/data/TritonBench_T_v1/det.py",
      "seed": 0,
      "repo_stdout_equal": true,
      "candidate_stdout": {
        "returncode": 0,
        "stdout": "",
        "stderr": ""
      },
      "reference_stdout": {
        "returncode": 0,
        "stdout": "",
        "stderr": ""
      },
      "candidate_import_ok": true,
      "reference_import_ok": true,
      "candidate_result_name": null,
      "reference_result_name": "test_results",
      "strict_status": "fail",
      "strict_mismatches": [
        "$: type differs: NoneType != dict"
      ],
      "stdout_false_positive": true,
      "channel": "T",
      "name": "det",
      "speedup": 1.5777,
      "candidate_rel": "Bench_T_general_purpose/output_o1-2024-12-17_rag/linalg.py"
    },
    {
      "candidate": "/home/mb2412/triton-experiments/experiments/tritonbench_l40s_20260518_184231/materialized_candidates/Bench_T_coder_specific/deepseek/lu.py",
      "reference": "/home/mb2412/triton-experiments/data/TritonBench_T_v1/lu.py",
      "seed": 0,
      "repo_stdout_equal": true,
      "candidate_stdout": {
        "returncode": 1,
        "stdout": "",
        "stderr": "  File \"/tmp/strict_io_stdout_sb2_oh54/candidate_under_test.py\", line 1\n    The provided Triton wrapper function seems to be correctly written. It correctly matches the input parameters and output parameters as described in the functional description. The math description also matches the functionality. The only potential improvement could be in the comments, as they may not fully explain the functionality of the function.\n        ^^^^^^^^\nSyntaxError: invalid syntax\n"
      },
      "reference_stdout": {
        "returncode": 0,
        "stdout": "",
        "stderr": ""
      },
      "candidate_import_ok": false,
      "reference_import_ok": true,
      "strict_status": "import_error",
      "candidate_import_error": "Traceback (most recent call last):\n  File \"/home/mb2412/triton-experiments/tools/semantic_checks/strict_io_compare.py\", line 85, in _import_module\n    spec.loader.exec_module(module)\n  File \"<frozen importlib._bootstrap_external>\", line 991, in exec_module\n  File \"<frozen importlib._bootstrap_external>\", line 1129, in get_code\n  File \"<frozen importlib._bootstrap_external>\", line 1059, in source_to_code\n  File \"<frozen importlib._bootstrap>\", line 488, in _call_with_frames_removed\n  File \"/tmp/strict_io_import__hxpp2_j/candidate_under_test.py\", line 1\n    The provided Triton wrapper function seems to be correctly written. It correctly matches the input parameters and output parameters as described in the functional description. The math description also matches the functionality. The only potential improvement could be in the comments, as they may not fully explain the functionality of the function.\n        ^^^^^^^^\nSyntaxError: invalid syntax\n",
      "reference_import_error": null,
      "channel": "T",
      "name": "lu.py",
      "speedup": 1.1829,
      "candidate_rel": "Bench_T_coder_specific/deepseek/lu.py"
    },
    {
      "candidate": "/home/mb2412/triton-experiments/experiments/tritonbench_l40s_20260518_184231/materialized_candidates/Bench_T_coder_specific/deepseek_full/lu.py",
      "reference": "/home/mb2412/triton-experiments/data/TritonBench_T_v1/lu.py",
      "seed": 0,
      "repo_stdout_equal": true,
      "candidate_stdout": {
        "returncode": 1,
        "stdout": "",
        "stderr": "Traceback (most recent call last):\n  File \"/tmp/strict_io_stdout_jgt7efee/candidate_under_test.py\", line 5, in <module>\n    from triton.runtime.driver import Backend, get_backend\nImportError: cannot import name 'Backend' from 'triton.runtime.driver' (/home/mb2412/.local/lib/python3.12/site-packages/triton/runtime/driver.py). Did you mean: 'backends'?\n"
      },
      "reference_stdout": {
        "returncode": 0,
        "stdout": "",
        "stderr": ""
      },
      "candidate_import_ok": false,
      "reference_import_ok": true,
      "strict_status": "import_error",
      "candidate_import_error": "Traceback (most recent call last):\n  File \"/home/mb2412/triton-experiments/tools/semantic_checks/strict_io_compare.py\", line 85, in _import_module\n    spec.loader.exec_module(module)\n  File \"<frozen importlib._bootstrap_external>\", line 995, in exec_module\n  File \"<frozen importlib._bootstrap>\", line 488, in _call_with_frames_removed\n  File \"/tmp/strict_io_import_cil8furn/candidate_under_test.py\", line 5, in <module>\nImportError: cannot import name 'Backend' from 'triton.runtime.driver' (/home/mb2412/.local/lib/python3.12/site-packages/triton/runtime/driver.py). Did you mean: 'backends'?\n",
      "reference_import_error": null,
      "channel": "T",
      "name": "lu.py",
      "speedup": 1.1829,
      "candidate_rel": "Bench_T_coder_specific/deepseek_full/lu.py"
    },
    {
      "candidate": "/home/mb2412/triton-experiments/experiments/tritonbench_l40s_20260518_184231/materialized_candidates/Bench_T_coder_specific/deepseek_full_rag/lu.py",
      "reference": "/home/mb2412/triton-experiments/data/TritonBench_T_v1/lu.py",
      "seed": 0,
      "repo_stdout_equal": true,
      "candidate_stdout": {
        "returncode": 1,
        "stdout": "",
        "stderr": "  File \"/tmp/strict_io_stdout_iluwpqbh/candidate_under_test.py\", line 1\n    angular with ones on the diagonal, U is upper triangular. If pivot=False, A = LU.\n            ^^^^\nSyntaxError: invalid syntax\n"
      },
      "reference_stdout": {
        "returncode": 0,
        "stdout": "",
        "stderr": ""
      },
      "candidate_import_ok": false,
      "reference_import_ok": true,
      "strict_status": "import_error",
      "candidate_import_error": "Traceback (most recent call last):\n  File \"/home/mb2412/triton-experiments/tools/semantic_checks/strict_io_compare.py\", line 85, in _import_module\n    spec.loader.exec_module(module)\n  File \"<frozen importlib._bootstrap_external>\", line 991, in exec_module\n  File \"<frozen importlib._bootstrap_external>\", line 1129, in get_code\n  File \"<frozen importlib._bootstrap_external>\", line 1059, in source_to_code\n  File \"<frozen importlib._bootstrap>\", line 488, in _call_with_frames_removed\n  File \"/tmp/strict_io_import_70tfautc/candidate_under_test.py\", line 1\n    angular with ones on the diagonal, U is upper triangular. If pivot=False, A = LU.\n            ^^^^\nSyntaxError: invalid syntax\n",
      "reference_import_error": null,
      "channel": "T",
      "name": "lu.py",
      "speedup": 1.1829,
      "candidate_rel": "Bench_T_coder_specific/deepseek_full_rag/lu.py"
    },
    {
      "candidate": "/home/mb2412/triton-experiments/experiments/tritonbench_l40s_20260518_184231/materialized_candidates/Bench_T_coder_specific/deepseek_rag/lu.py",
      "reference": "/home/mb2412/triton-experiments/data/TritonBench_T_v1/lu.py",
      "seed": 0,
      "repo_stdout_equal": true,
      "candidate_stdout": {
        "returncode": 1,
        "stdout": "",
        "stderr": "  File \"/tmp/strict_io_stdout_ew_2fo6b/candidate_under_test.py\", line 4\n    Use triton language to create kernels that compute the upper triangular part of matrices. The 'triu_kernel' function takes 7 parameters: input matrix pointer (X), output matrix pointer (Y), number of rows (M), number of columns (N), diagonal offset (diagonal), row block size (M_BLOCK_SIZE), and column block size (N_BLOCK_SIZE). It computes the upper triangular elements for a 2D matrix. The 'triu_batch_kernel' function takes 8 parameters: input matrix batch pointer (X), output matrix batch pointer (Y), number of matrices (batch), number of elements in each matrix (MN), number of columns (N), diagonal offset (diagonal), batch block size (BATCH_BLOCK_SIZE), and matrix element block size (MN_BLOCK_SIZE). It computes the upper triangular elements for a batch of matrices. The 'triu' function handles input tensors of 2D or higher dimensions, calling the appropriate kernel based on the tensor dimensions. import triton\n                                                                                                                                                                                                                                                                                                                                                                                              ^\nSyntaxError: invalid decimal literal\n"
      },
      "reference_stdout": {
        "returncode": 0,
        "stdout": "",
        "stderr": ""
      },
      "candidate_import_ok": false,
      "reference_import_ok": true,
      "strict_status": "import_error",
      "candidate_import_error": "Traceback (most recent call last):\n  File \"/home/mb2412/triton-experiments/tools/semantic_checks/strict_io_compare.py\", line 85, in _import_module\n    spec.loader.exec_module(module)\n  File \"<frozen importlib._bootstrap_external>\", line 991, in exec_module\n  File \"<frozen importlib._bootstrap_external>\", line 1129, in get_code\n  File \"<frozen importlib._bootstrap_external>\", line 1059, in source_to_code\n  File \"<frozen importlib._bootstrap>\", line 488, in _call_with_frames_removed\n  File \"/tmp/strict_io_import_qsc7v3z5/candidate_under_test.py\", line 4\n    Use triton language to create kernels that compute the upper triangular part of matrices. The 'triu_kernel' function takes 7 parameters: input matrix pointer (X), output matrix pointer (Y), number of rows (M), number of columns (N), diagonal offset (diagonal), row block size (M_BLOCK_SIZE), and column block size (N_BLOCK_SIZE). It computes the upper triangular elements for a 2D matrix. The 'triu_batch_kernel' function takes 8 parameters: input matrix batch pointer (X), output matrix batch pointer (Y), number of matrices (batch), number of elements in each matrix (MN), number of columns (N), diagonal offset (diagonal), batch block size (BATCH_BLOCK_SIZE), and matrix element block size (MN_BLOCK_SIZE). It computes the upper triangular elements for a batch of matrices. The 'triu' function handles input tensors of 2D or higher dimensions, calling the appropriate kernel based on the tensor dimensions. import triton\n                                                                                                                                                                                                                                                                                                                                                                                              ^\nSyntaxError: invalid decimal literal\n",
      "reference_import_error": null,
      "channel": "T",
      "name": "lu.py",
      "speedup": 1.1829,
      "candidate_rel": "Bench_T_coder_specific/deepseek_rag/lu.py"
    },
    {
      "candidate": "/home/mb2412/triton-experiments/experiments/tritonbench_l40s_20260518_184231/materialized_candidates/Bench_T_coder_specific/qwen/lu.py",
      "reference": "/home/mb2412/triton-experiments/data/TritonBench_T_v1/lu.py",
      "seed": 0,
      "repo_stdout_equal": true,
      "candidate_stdout": {
        "returncode": 1,
        "stdout": "",
        "stderr": "Traceback (most recent call last):\n  File \"/tmp/strict_io_stdout_xfxznjlg/candidate_under_test.py\", line 9, in <module>\n    pid=triton.program_id(0), block_size=32):\n        ^^^^^^^^^^^^^^^^^\nAttributeError: module 'triton' has no attribute 'program_id'\n"
      },
      "reference_stdout": {
        "returncode": 0,
        "stdout": "",
        "stderr": ""
      },
      "candidate_import_ok": false,
      "reference_import_ok": true,
      "strict_status": "import_error",
      "candidate_import_error": "Traceback (most recent call last):\n  File \"/home/mb2412/triton-experiments/tools/semantic_checks/strict_io_compare.py\", line 85, in _import_module\n    spec.loader.exec_module(module)\n  File \"<frozen importlib._bootstrap_external>\", line 995, in exec_module\n  File \"<frozen importlib._bootstrap>\", line 488, in _call_with_frames_removed\n  File \"/tmp/strict_io_import_i2o92oln/candidate_under_test.py\", line 9, in <module>\nAttributeError: module 'triton' has no attribute 'program_id'\n",
      "reference_import_error": null,
      "channel": "T",
      "name": "lu.py",
      "speedup": 1.1829,
      "candidate_rel": "Bench_T_coder_specific/qwen/lu.py"
    },
    {
      "candidate": "/home/mb2412/triton-experiments/experiments/tritonbench_l40s_20260518_184231/materialized_candidates/Bench_T_coder_specific/qwen_full/lu.py",
      "reference": "/home/mb2412/triton-experiments/data/TritonBench_T_v1/lu.py",
      "seed": 0,
      "repo_stdout_equal": true,
      "candidate_stdout": {
        "returncode": 0,
        "stdout": "",
        "stderr": ""
      },
      "reference_stdout": {
        "returncode": 0,
        "stdout": "",
        "stderr": ""
      },
      "candidate_import_ok": true,
      "reference_import_ok": true,
      "candidate_result_name": null,
      "reference_result_name": "test_results",
      "strict_status": "fail",
      "strict_mismatches": [
        "$: type differs: NoneType != dict"
      ],
      "stdout_false_positive": true,
      "channel": "T",
      "name": "lu.py",
      "speedup": 1.1829,
      "candidate_rel": "Bench_T_coder_specific/qwen_full/lu.py"
    },
    {
      "candidate": "/home/mb2412/triton-experiments/experiments/tritonbench_l40s_20260518_184231/materialized_candidates/Bench_T_coder_specific/qwen_full_rag/lu.py",
      "reference": "/home/mb2412/triton-experiments/data/TritonBench_T_v1/lu.py",
      "seed": 0,
      "repo_stdout_equal": true,
      "candidate_stdout": {
        "returncode": 1,
        "stdout": "",
        "stderr": "  File \"/tmp/strict_io_stdout_10_2bkpa/candidate_under_test.py\", line 150\n    future = _lu_partial_pivoting[(num_tile_m, num_tile_n)](a, pivot, m, n, 0, info, sgn,\n                                                           ^\nSyntaxError: '(' was never closed\n"
      },
      "reference_stdout": {
        "returncode": 0,
        "stdout": "",
        "stderr": ""
      },
      "candidate_import_ok": false,
      "reference_import_ok": true,
      "strict_status": "import_error",
      "candidate_import_error": "Traceback (most recent call last):\n  File \"/home/mb2412/triton-experiments/tools/semantic_checks/strict_io_compare.py\", line 85, in _import_module\n    spec.loader.exec_module(module)\n  File \"<frozen importlib._bootstrap_external>\", line 991, in exec_module\n  File \"<frozen importlib._bootstrap_external>\", line 1129, in get_code\n  File \"<frozen importlib._bootstrap_external>\", line 1059, in source_to_code\n  File \"<frozen importlib._bootstrap>\", line 488, in _call_with_frames_removed\n  File \"/tmp/strict_io_import_v6gm0c5x/candidate_under_test.py\", line 150\n    future = _lu_partial_pivoting[(num_tile_m, num_tile_n)](a, pivot, m, n, 0, info, sgn,\n                                                           ^\nSyntaxError: '(' was never closed\n",
      "reference_import_error": null,
      "channel": "T",
      "name": "lu.py",
      "speedup": 1.1829,
      "candidate_rel": "Bench_T_coder_specific/qwen_full_rag/lu.py"
    },
    {
      "candidate": "/home/mb2412/triton-experiments/experiments/tritonbench_l40s_20260518_184231/materialized_candidates/Bench_T_coder_specific/qwen_rag/lu.py",
      "reference": "/home/mb2412/triton-experiments/data/TritonBench_T_v1/lu.py",
      "seed": 0,
      "repo_stdout_equal": true,
      "candidate_stdout": {
        "returncode": 0,
        "stdout": "",
        "stderr": ""
      },
      "reference_stdout": {
        "returncode": 0,
        "stdout": "",
        "stderr": ""
      },
      "candidate_import_ok": true,
      "reference_import_ok": true,
      "candidate_result_name": null,
      "reference_result_name": "test_results",
      "strict_status": "fail",
      "strict_mismatches": [
        "$: type differs: NoneType != dict"
      ],
      "stdout_false_positive": true,
      "channel": "T",
      "name": "lu.py",
      "speedup": 1.1829,
      "candidate_rel": "Bench_T_coder_specific/qwen_rag/lu.py"
    },
    {
      "candidate": "/home/mb2412/triton-experiments/experiments/tritonbench_l40s_20260518_184231/materialized_candidates/Bench_T_general_purpose/output_DeepSeek-R1/lu.py",
      "reference": "/home/mb2412/triton-experiments/data/TritonBench_T_v1/lu.py",
      "seed": 0,
      "repo_stdout_equal": true,
      "candidate_stdout": {
        "returncode": 0,
        "stdout": "",
        "stderr": ""
      },
      "reference_stdout": {
        "returncode": 0,
        "stdout": "",
        "stderr": ""
      },
      "candidate_import_ok": true,
      "reference_import_ok": true,
      "candidate_result_name": null,
      "reference_result_name": "test_results",
      "strict_status": "fail",
      "strict_mismatches": [
        "$: type differs: NoneType != dict"
      ],
      "stdout_false_positive": true,
      "channel": "T",
      "name": "lu.py",
      "speedup": 1.1829,
      "candidate_rel": "Bench_T_general_purpose/output_DeepSeek-R1/lu.py"
    },
    {
      "candidate": "/home/mb2412/triton-experiments/experiments/tritonbench_l40s_20260518_184231/materialized_candidates/Bench_T_general_purpose/output_DeepSeek-R1_rag/lu.py",
      "reference": "/home/mb2412/triton-experiments/data/TritonBench_T_v1/lu.py",
      "seed": 0,
      "repo_stdout_equal": true,
      "candidate_stdout": {
        "returncode": 0,
        "stdout": "",
        "stderr": ""
      },
      "reference_stdout": {
        "returncode": 0,
        "stdout": "",
        "stderr": ""
      },
      "candidate_import_ok": true,
      "reference_import_ok": true,
      "candidate_result_name": null,
      "reference_result_name": "test_results",
      "strict_status": "fail",
      "strict_mismatches": [
        "$: type differs: NoneType != dict"
      ],
      "stdout_false_positive": true,
      "channel": "T",
      "name": "lu.py",
      "speedup": 1.1829,
      "candidate_rel": "Bench_T_general_purpose/output_DeepSeek-R1_rag/lu.py"
    },
    {
      "candidate": "/home/mb2412/triton-experiments/experiments/tritonbench_l40s_20260518_184231/materialized_candidates/Bench_T_general_purpose/output_Qwen2.5-72B-Instruct/lu.py",
      "reference": "/home/mb2412/triton-experiments/data/TritonBench_T_v1/lu.py",
      "seed": 0,
      "repo_stdout_equal": true,
      "candidate_stdout": {
        "returncode": 0,
        "stdout": "",
        "stderr": ""
      },
      "reference_stdout": {
        "returncode": 0,
        "stdout": "",
        "stderr": ""
      },
      "candidate_import_ok": true,
      "reference_import_ok": true,
      "candidate_result_name": null,
      "reference_result_name": "test_results",
      "strict_status": "fail",
      "strict_mismatches": [
        "$: type differs: NoneType != dict"
      ],
      "stdout_false_positive": true,
      "channel": "T",
      "name": "lu.py",
      "speedup": 1.1829,
      "candidate_rel": "Bench_T_general_purpose/output_Qwen2.5-72B-Instruct/lu.py"
    },
    {
      "candidate": "/home/mb2412/triton-experiments/experiments/tritonbench_l40s_20260518_184231/materialized_candidates/Bench_T_general_purpose/output_Qwen2.5-72B-Instruct_rag/lu.py",
      "reference": "/home/mb2412/triton-experiments/data/TritonBench_T_v1/lu.py",
      "seed": 0,
      "repo_stdout_equal": true,
      "candidate_stdout": {
        "returncode": 0,
        "stdout": "",
        "stderr": ""
      },
      "reference_stdout": {
        "returncode": 0,
        "stdout": "",
        "stderr": ""
      },
      "candidate_import_ok": true,
      "reference_import_ok": true,
      "candidate_result_name": null,
      "reference_result_name": "test_results",
      "strict_status": "fail",
      "strict_mismatches": [
        "$: type differs: NoneType != dict"
      ],
      "stdout_false_positive": true,
      "channel": "T",
      "name": "lu.py",
      "speedup": 1.1829,
      "candidate_rel": "Bench_T_general_purpose/output_Qwen2.5-72B-Instruct_rag/lu.py"
    },
    {
      "candidate": "/home/mb2412/triton-experiments/experiments/tritonbench_l40s_20260518_184231/materialized_candidates/Bench_T_general_purpose/output_claude-3-5-sonnet-20240620/lu.py",
      "reference": "/home/mb2412/triton-experiments/data/TritonBench_T_v1/lu.py",
      "seed": 0,
      "repo_stdout_equal": true,
      "candidate_stdout": {
        "returncode": 0,
        "stdout": "",
        "stderr": ""
      },
      "reference_stdout": {
        "returncode": 0,
        "stdout": "",
        "stderr": ""
      },
      "candidate_import_ok": true,
      "reference_import_ok": true,
      "candidate_result_name": null,
      "reference_result_name": "test_results",
      "strict_status": "fail",
      "strict_mismatches": [
        "$: type differs: NoneType != dict"
      ],
      "stdout_false_positive": true,
      "channel": "T",
      "name": "lu.py",
      "speedup": 1.1829,
      "candidate_rel": "Bench_T_general_purpose/output_claude-3-5-sonnet-20240620/lu.py"
    },
    {
      "candidate": "/home/mb2412/triton-experiments/experiments/tritonbench_l40s_20260518_184231/materialized_candidates/Bench_T_general_purpose/output_claude-3-5-sonnet-20240620_rag/lu.py",
      "reference": "/home/mb2412/triton-experiments/data/TritonBench_T_v1/lu.py",
      "seed": 0,
      "repo_stdout_equal": true,
      "candidate_stdout": {
        "returncode": 0,
        "stdout": "",
        "stderr": ""
      },
      "reference_stdout": {
        "returncode": 0,
        "stdout": "",
        "stderr": ""
      },
      "candidate_import_ok": true,
      "reference_import_ok": true,
      "candidate_result_name": null,
      "reference_result_name": "test_results",
      "strict_status": "fail",
      "strict_mismatches": [
        "$: type differs: NoneType != dict"
      ],
      "stdout_false_positive": true,
      "channel": "T",
      "name": "lu.py",
      "speedup": 1.1829,
      "candidate_rel": "Bench_T_general_purpose/output_claude-3-5-sonnet-20240620_rag/lu.py"
    },
    {
      "candidate": "/home/mb2412/triton-experiments/experiments/tritonbench_l40s_20260518_184231/materialized_candidates/Bench_T_general_purpose/output_gpt-4o/lu.py",
      "reference": "/home/mb2412/triton-experiments/data/TritonBench_T_v1/lu.py",
      "seed": 0,
      "repo_stdout_equal": true,
      "candidate_stdout": {
        "returncode": 0,
        "stdout": "",
        "stderr": ""
      },
      "reference_stdout": {
        "returncode": 0,
        "stdout": "",
        "stderr": ""
      },
      "candidate_import_ok": true,
      "reference_import_ok": true,
      "candidate_result_name": null,
      "reference_result_name": "test_results",
      "strict_status": "fail",
      "strict_mismatches": [
        "$: type differs: NoneType != dict"
      ],
      "stdout_false_positive": true,
      "channel": "T",
      "name": "lu.py",
      "speedup": 1.1829,
      "candidate_rel": "Bench_T_general_purpose/output_gpt-4o/lu.py"
    },
    {
      "candidate": "/home/mb2412/triton-experiments/experiments/tritonbench_l40s_20260518_184231/materialized_candidates/Bench_T_general_purpose/output_gpt-4o_rag/lu.py",
      "reference": "/home/mb2412/triton-experiments/data/TritonBench_T_v1/lu.py",
      "seed": 0,
      "repo_stdout_equal": true,
      "candidate_stdout": {
        "returncode": 1,
        "stdout": "",
        "stderr": "Traceback (most recent call last):\n  File \"/tmp/strict_io_stdout_lv8uxe9d/candidate_under_test.py\", line 64, in <module>\n    P, L, U = lu(A, pivot=True)\n              ^^^^^^^^^^^^^^^^^\n  File \"/tmp/strict_io_stdout_lv8uxe9d/candidate_under_test.py\", line 55, in lu\n    lu_kernel[grid](\n  File \"/home/mb2412/.local/lib/python3.12/site-packages/triton/runtime/jit.py\", line 347, in <lambda>\n    return lambda *args, **kwargs: self.run(grid=grid, warmup=False, *args, **kwargs)\n                                   ^^^^^^^^^^^^^^^^^^^^^^^^^^^^^^^^^^^^^^^^^^^^^^^^^^\n  File \"/home/mb2412/.local/lib/python3.12/site-packages/triton/runtime/jit.py\", line 569, in run\n    kernel = self.compile(src, target=target, options=options.__dict__)\n             ^^^^^^^^^^^^^^^^^^^^^^^^^^^^^^^^^^^^^^^^^^^^^^^^^^^^^^^^^^\n  File \"/home/mb2412/.local/lib/python3.12/site-packages/triton/compiler/compiler.py\", line 278, in compile\n    module = src.make_ir(options, codegen_fns, module_map, context)\n             ^^^^^^^^^^^^^^^^^^^^^^^^^^^^^^^^^^^^^^^^^^^^^^^^^^^^^^\n  File \"/home/mb2412/.local/lib/python3.12/site-packages/triton/compiler/compiler.py\", line 81, in make_ir\n    return ast_to_ttir(self.fn, self, context=context, options=options, codegen_fns=codegen_fns,\n           ^^^^^^^^^^^^^^^^^^^^^^^^^^^^^^^^^^^^^^^^^^^^^^^^^^^^^^^^^^^^^^^^^^^^^^^^^^^^^^^^^^^^^\ntriton.compiler.errors.CompilationError: at 30:46:\n    for k in range(N):\n        # Load the k-th column\n        a_col = tl.load(A + k * M + row)\n\n        # Apply pivoting if enabled\n        if pivot:\n            # Implement row swapping logic here\n            pass\n\n        # Compute L and U matrices\n        if row >= k:\n            tl.store(L + k * M + row, a_col / a_col[k])\n                                              ^\nValueError('Did you forget to add @triton.jit ? (`_builder` argument must be provided outside of JIT functions.)')\n"
      },
      "reference_stdout": {
        "returncode": 0,
        "stdout": "",
        "stderr": ""
      },
      "candidate_import_ok": false,
      "reference_import_ok": true,
      "strict_status": "import_error",
      "candidate_import_error": "Traceback (most recent call last):\n  File \"/home/mb2412/triton-experiments/tools/semantic_checks/strict_io_compare.py\", line 85, in _import_module\n    spec.loader.exec_module(module)\n  File \"<frozen importlib._bootstrap_external>\", line 995, in exec_module\n  File \"<frozen importlib._bootstrap>\", line 488, in _call_with_frames_removed\n  File \"/tmp/strict_io_import_nyz8lhjj/candidate_under_test.py\", line 64, in <module>\n  File \"/tmp/strict_io_import_nyz8lhjj/candidate_under_test.py\", line 55, in lu\n  File \"/home/mb2412/.local/lib/python3.12/site-packages/triton/runtime/jit.py\", line 347, in <lambda>\n    return lambda *args, **kwargs: self.run(grid=grid, warmup=False, *args, **kwargs)\n                                   ^^^^^^^^^^^^^^^^^^^^^^^^^^^^^^^^^^^^^^^^^^^^^^^^^^\n  File \"/home/mb2412/.local/lib/python3.12/site-packages/triton/runtime/jit.py\", line 569, in run\n    kernel = self.compile(src, target=target, options=options.__dict__)\n             ^^^^^^^^^^^^^^^^^^^^^^^^^^^^^^^^^^^^^^^^^^^^^^^^^^^^^^^^^^\n  File \"/home/mb2412/.local/lib/python3.12/site-packages/triton/compiler/compiler.py\", line 278, in compile\n    module = src.make_ir(options, codegen_fns, module_map, context)\n             ^^^^^^^^^^^^^^^^^^^^^^^^^^^^^^^^^^^^^^^^^^^^^^^^^^^^^^\n  File \"/home/mb2412/.local/lib/python3.12/site-packages/triton/compiler/compiler.py\", line 81, in make_ir\n    return ast_to_ttir(self.fn, self, context=context, options=options, codegen_fns=codegen_fns,\n           ^^^^^^^^^^^^^^^^^^^^^^^^^^^^^^^^^^^^^^^^^^^^^^^^^^^^^^^^^^^^^^^^^^^^^^^^^^^^^^^^^^^^^\ntriton.compiler.errors.CompilationError: at 30:46:\n    for k in range(N):\n        # Load the k-th column\n        a_col = tl.load(A + k * M + row)\n\n        # Apply pivoting if enabled\n        if pivot:\n            # Implement row swapping logic here\n            pass\n\n        # Compute L and U matrices\n        if row >= k:\n            tl.store(L + k * M + row, a_col / a_col[k])\n                                              ^\nValueError('Did you forget to add @triton.jit ? (`_builder` argument must be provided outside of JIT functions.)')\n",
      "reference_import_error": null,
      "channel": "T",
      "name": "lu.py",
      "speedup": 1.1829,
      "candidate_rel": "Bench_T_general_purpose/output_gpt-4o_rag/lu.py"
    },
    {
      "candidate": "/home/mb2412/triton-experiments/experiments/tritonbench_l40s_20260518_184231/materialized_candidates/Bench_T_general_purpose/output_o1-2024-12-17/lu.py",
      "reference": "/home/mb2412/triton-experiments/data/TritonBench_T_v1/lu.py",
      "seed": 0,
      "repo_stdout_equal": true,
      "candidate_stdout": {
        "returncode": 0,
        "stdout": "",
        "stderr": ""
      },
      "reference_stdout": {
        "returncode": 0,
        "stdout": "",
        "stderr": ""
      },
      "candidate_import_ok": true,
      "reference_import_ok": true,
      "candidate_result_name": null,
      "reference_result_name": "test_results",
      "strict_status": "fail",
      "strict_mismatches": [
        "$: type differs: NoneType != dict"
      ],
      "stdout_false_positive": true,
      "channel": "T",
      "name": "lu.py",
      "speedup": 1.1829,
      "candidate_rel": "Bench_T_general_purpose/output_o1-2024-12-17/lu.py"
    },
    {
      "candidate": "/home/mb2412/triton-experiments/experiments/tritonbench_l40s_20260518_184231/materialized_candidates/Bench_T_general_purpose/output_o1-2024-12-17_rag/lu.py",
      "reference": "/home/mb2412/triton-experiments/data/TritonBench_T_v1/lu.py",
      "seed": 0,
      "repo_stdout_equal": true,
      "candidate_stdout": {
        "returncode": 1,
        "stdout": "",
        "stderr": "  File \"/tmp/strict_io_stdout_yp69ulr3/candidate_under_test.py\", line 137\n    else\n        ^\nSyntaxError: expected ':'\n"
      },
      "reference_stdout": {
        "returncode": 0,
        "stdout": "",
        "stderr": ""
      },
      "candidate_import_ok": false,
      "reference_import_ok": true,
      "strict_status": "import_error",
      "candidate_import_error": "Traceback (most recent call last):\n  File \"/home/mb2412/triton-experiments/tools/semantic_checks/strict_io_compare.py\", line 85, in _import_module\n    spec.loader.exec_module(module)\n  File \"<frozen importlib._bootstrap_external>\", line 991, in exec_module\n  File \"<frozen importlib._bootstrap_external>\", line 1129, in get_code\n  File \"<frozen importlib._bootstrap_external>\", line 1059, in source_to_code\n  File \"<frozen importlib._bootstrap>\", line 488, in _call_with_frames_removed\n  File \"/tmp/strict_io_import_os3wfdt4/candidate_under_test.py\", line 137\n    else\n        ^\nSyntaxError: expected ':'\n",
      "reference_import_error": null,
      "channel": "T",
      "name": "lu.py",
      "speedup": 1.1829,
      "candidate_rel": "Bench_T_general_purpose/output_o1-2024-12-17_rag/lu.py"
    },
    {
      "candidate": "/home/mb2412/triton-experiments/experiments/tritonbench_l40s_20260518_184231/materialized_candidates/Bench_T_coder_specific/deepseek/invert_matrix_lu.py",
      "reference": "/home/mb2412/triton-experiments/data/TritonBench_T_v1/invert_matrix_lu.py",
      "seed": 0,
      "repo_stdout_equal": true,
      "candidate_stdout": {
        "returncode": 1,
        "stdout": "",
        "stderr": "Traceback (most recent call last):\n  File \"/tmp/strict_io_stdout_mrhl7afe/candidate_under_test.py\", line 5, in <module>\n    A = triton.tensor(np.array([[1, 2, 3], [0, 1, 4], [5, 6, 0]], dtype=np.float32))\n        ^^^^^^^^^^^^^\nAttributeError: module 'triton' has no attribute 'tensor'\n"
      },
      "reference_stdout": {
        "returncode": 0,
        "stdout": "",
        "stderr": ""
      },
      "candidate_import_ok": false,
      "reference_import_ok": true,
      "strict_status": "import_error",
      "candidate_import_error": "Traceback (most recent call last):\n  File \"/home/mb2412/triton-experiments/tools/semantic_checks/strict_io_compare.py\", line 85, in _import_module\n    spec.loader.exec_module(module)\n  File \"<frozen importlib._bootstrap_external>\", line 995, in exec_module\n  File \"<frozen importlib._bootstrap>\", line 488, in _call_with_frames_removed\n  File \"/tmp/strict_io_import_up_t_shp/candidate_under_test.py\", line 5, in <module>\nAttributeError: module 'triton' has no attribute 'tensor'\n",
      "reference_import_error": null,
      "channel": "T",
      "name": "invert_matrix_lu",
      "speedup": 1.6266,
      "candidate_rel": "Bench_T_coder_specific/deepseek/invert_matrix_lu.py"
    },
    {
      "candidate": "/home/mb2412/triton-experiments/experiments/tritonbench_l40s_20260518_184231/materialized_candidates/Bench_T_coder_specific/deepseek_full/invert_matrix_lu.py",
      "reference": "/home/mb2412/triton-experiments/data/TritonBench_T_v1/invert_matrix_lu.py",
      "seed": 0,
      "repo_stdout_equal": true,
      "candidate_stdout": {
        "returncode": 1,
        "stdout": "",
        "stderr": "Traceback (most recent call last):\n  File \"/tmp/strict_io_stdout_t9zrfu_b/candidate_under_test.py\", line 4, in <module>\n    from triton.language.libdevice import cdiv, clz\nModuleNotFoundError: No module named 'triton.language.libdevice'\n"
      },
      "reference_stdout": {
        "returncode": 0,
        "stdout": "",
        "stderr": ""
      },
      "candidate_import_ok": false,
      "reference_import_ok": true,
      "strict_status": "import_error",
      "candidate_import_error": "Traceback (most recent call last):\n  File \"/home/mb2412/triton-experiments/tools/semantic_checks/strict_io_compare.py\", line 85, in _import_module\n    spec.loader.exec_module(module)\n  File \"<frozen importlib._bootstrap_external>\", line 995, in exec_module\n  File \"<frozen importlib._bootstrap>\", line 488, in _call_with_frames_removed\n  File \"/tmp/strict_io_import_6eahllz0/candidate_under_test.py\", line 4, in <module>\nModuleNotFoundError: No module named 'triton.language.libdevice'\n",
      "reference_import_error": null,
      "channel": "T",
      "name": "invert_matrix_lu",
      "speedup": 1.6266,
      "candidate_rel": "Bench_T_coder_specific/deepseek_full/invert_matrix_lu.py"
    },
    {
      "candidate": "/home/mb2412/triton-experiments/experiments/tritonbench_l40s_20260518_184231/materialized_candidates/Bench_T_coder_specific/deepseek_full_rag/invert_matrix_lu.py",
      "reference": "/home/mb2412/triton-experiments/data/TritonBench_T_v1/invert_matrix_lu.py",
      "seed": 0,
      "repo_stdout_equal": true,
      "candidate_stdout": {
        "returncode": 1,
        "stdout": "",
        "stderr": "  File \"/tmp/strict_io_stdout_ow_pgq_0/candidate_under_test.py\", line 9\n    Calculates the L1 or L2 norm of the input along a specific dimension.\nIndentationError: unexpected indent\n"
      },
      "reference_stdout": {
        "returncode": 0,
        "stdout": "",
        "stderr": ""
      },
      "candidate_import_ok": false,
      "reference_import_ok": true,
      "strict_status": "import_error",
      "candidate_import_error": "Traceback (most recent call last):\n  File \"/home/mb2412/triton-experiments/tools/semantic_checks/strict_io_compare.py\", line 85, in _import_module\n    spec.loader.exec_module(module)\n  File \"<frozen importlib._bootstrap_external>\", line 991, in exec_module\n  File \"<frozen importlib._bootstrap_external>\", line 1129, in get_code\n  File \"<frozen importlib._bootstrap_external>\", line 1059, in source_to_code\n  File \"<frozen importlib._bootstrap>\", line 488, in _call_with_frames_removed\n  File \"/tmp/strict_io_import_88yaau_4/candidate_under_test.py\", line 9\n    Calculates the L1 or L2 norm of the input along a specific dimension.\nIndentationError: unexpected indent\n",
      "reference_import_error": null,
      "channel": "T",
      "name": "invert_matrix_lu",
      "speedup": 1.6266,
      "candidate_rel": "Bench_T_coder_specific/deepseek_full_rag/invert_matrix_lu.py"
    },
    {
      "candidate": "/home/mb2412/triton-experiments/experiments/tritonbench_l40s_20260518_184231/materialized_candidates/Bench_T_coder_specific/deepseek_rag/invert_matrix_lu.py",
      "reference": "/home/mb2412/triton-experiments/data/TritonBench_T_v1/invert_matrix_lu.py",
      "seed": 0,
      "repo_stdout_equal": true,
      "candidate_stdout": {
        "returncode": 1,
        "stdout": "",
        "stderr": "Traceback (most recent call last):\n  File \"/tmp/strict_io_stdout_ba6kmp7y/candidate_under_test.py\", line 3, in <module>\n    from .act_kernels import apply_act_func\nImportError: attempted relative import with no known parent package\n"
      },
      "reference_stdout": {
        "returncode": 0,
        "stdout": "",
        "stderr": ""
      },
      "candidate_import_ok": false,
      "reference_import_ok": true,
      "strict_status": "import_error",
      "candidate_import_error": "Traceback (most recent call last):\n  File \"/home/mb2412/triton-experiments/tools/semantic_checks/strict_io_compare.py\", line 85, in _import_module\n    spec.loader.exec_module(module)\n  File \"<frozen importlib._bootstrap_external>\", line 995, in exec_module\n  File \"<frozen importlib._bootstrap>\", line 488, in _call_with_frames_removed\n  File \"/tmp/strict_io_import_e077u8ho/candidate_under_test.py\", line 3, in <module>\nImportError: attempted relative import with no known parent package\n",
      "reference_import_error": null,
      "channel": "T",
      "name": "invert_matrix_lu",
      "speedup": 1.6266,
      "candidate_rel": "Bench_T_coder_specific/deepseek_rag/invert_matrix_lu.py"
    },
    {
      "candidate": "/home/mb2412/triton-experiments/experiments/tritonbench_l40s_20260518_184231/materialized_candidates/Bench_T_coder_specific/qwen/invert_matrix_lu.py",
      "reference": "/home/mb2412/triton-experiments/data/TritonBench_T_v1/invert_matrix_lu.py",
      "seed": 0,
      "repo_stdout_equal": true,
      "candidate_stdout": {
        "returncode": 1,
        "stdout": "",
        "stderr": "Traceback (most recent call last):\n  File \"/tmp/strict_io_stdout_u1pidfs6/candidate_under_test.py\", line 13, in <module>\n    pid=triton.program_id(0),\n        ^^^^^^^^^^^^^^^^^\nAttributeError: module 'triton' has no attribute 'program_id'\n"
      },
      "reference_stdout": {
        "returncode": 0,
        "stdout": "",
        "stderr": ""
      },
      "candidate_import_ok": false,
      "reference_import_ok": true,
      "strict_status": "import_error",
      "candidate_import_error": "Traceback (most recent call last):\n  File \"/home/mb2412/triton-experiments/tools/semantic_checks/strict_io_compare.py\", line 85, in _import_module\n    spec.loader.exec_module(module)\n  File \"<frozen importlib._bootstrap_external>\", line 995, in exec_module\n  File \"<frozen importlib._bootstrap>\", line 488, in _call_with_frames_removed\n  File \"/tmp/strict_io_import_ui55z4n9/candidate_under_test.py\", line 13, in <module>\nAttributeError: module 'triton' has no attribute 'program_id'\n",
      "reference_import_error": null,
      "channel": "T",
      "name": "invert_matrix_lu",
      "speedup": 1.6266,
      "candidate_rel": "Bench_T_coder_specific/qwen/invert_matrix_lu.py"
    },
    {
      "candidate": "/home/mb2412/triton-experiments/experiments/tritonbench_l40s_20260518_184231/materialized_candidates/Bench_T_coder_specific/qwen_full/invert_matrix_lu.py",
      "reference": "/home/mb2412/triton-experiments/data/TritonBench_T_v1/invert_matrix_lu.py",
      "seed": 0,
      "repo_stdout_equal": true,
      "candidate_stdout": {
        "returncode": 1,
        "stdout": "",
        "stderr": "Traceback (most recent call last):\n  File \"/tmp/strict_io_stdout_640r15ul/candidate_under_test.py\", line 5, in <module>\n    from flag_gems.utils.shape_utils import volume\nModuleNotFoundError: No module named 'flag_gems'\n"
      },
      "reference_stdout": {
        "returncode": 0,
        "stdout": "",
        "stderr": ""
      },
      "candidate_import_ok": false,
      "reference_import_ok": true,
      "strict_status": "import_error",
      "candidate_import_error": "Traceback (most recent call last):\n  File \"/home/mb2412/triton-experiments/tools/semantic_checks/strict_io_compare.py\", line 85, in _import_module\n    spec.loader.exec_module(module)\n  File \"<frozen importlib._bootstrap_external>\", line 995, in exec_module\n  File \"<frozen importlib._bootstrap>\", line 488, in _call_with_frames_removed\n  File \"/tmp/strict_io_import_y3hfalcg/candidate_under_test.py\", line 5, in <module>\nModuleNotFoundError: No module named 'flag_gems'\n",
      "reference_import_error": null,
      "channel": "T",
      "name": "invert_matrix_lu",
      "speedup": 1.6266,
      "candidate_rel": "Bench_T_coder_specific/qwen_full/invert_matrix_lu.py"
    },
    {
      "candidate": "/home/mb2412/triton-experiments/experiments/tritonbench_l40s_20260518_184231/materialized_candidates/Bench_T_coder_specific/qwen_full_rag/invert_matrix_lu.py",
      "reference": "/home/mb2412/triton-experiments/data/TritonBench_T_v1/invert_matrix_lu.py",
      "seed": 0,
      "repo_stdout_equal": true,
      "candidate_stdout": {
        "returncode": 1,
        "stdout": "",
        "stderr": "Traceback (most recent call last):\n  File \"/tmp/strict_io_stdout_3b3lmsp8/candidate_under_test.py\", line 103, in <module>\n    out: Optional[torch.Tensor] = None,\n         ^^^^^^^^\nNameError: name 'Optional' is not defined\n"
      },
      "reference_stdout": {
        "returncode": 0,
        "stdout": "",
        "stderr": ""
      },
      "candidate_import_ok": false,
      "reference_import_ok": true,
      "strict_status": "import_error",
      "candidate_import_error": "Traceback (most recent call last):\n  File \"/home/mb2412/triton-experiments/tools/semantic_checks/strict_io_compare.py\", line 85, in _import_module\n    spec.loader.exec_module(module)\n  File \"<frozen importlib._bootstrap_external>\", line 995, in exec_module\n  File \"<frozen importlib._bootstrap>\", line 488, in _call_with_frames_removed\n  File \"/tmp/strict_io_import_drjrbgxx/candidate_under_test.py\", line 103, in <module>\nNameError: name 'Optional' is not defined\n",
      "reference_import_error": null,
      "channel": "T",
      "name": "invert_matrix_lu",
      "speedup": 1.6266,
      "candidate_rel": "Bench_T_coder_specific/qwen_full_rag/invert_matrix_lu.py"
    },
    {
      "candidate": "/home/mb2412/triton-experiments/experiments/tritonbench_l40s_20260518_184231/materialized_candidates/Bench_T_coder_specific/qwen_rag/invert_matrix_lu.py",
      "reference": "/home/mb2412/triton-experiments/data/TritonBench_T_v1/invert_matrix_lu.py",
      "seed": 0,
      "repo_stdout_equal": true,
      "candidate_stdout": {
        "returncode": 0,
        "stdout": "",
        "stderr": ""
      },
      "reference_stdout": {
        "returncode": 0,
        "stdout": "",
        "stderr": ""
      },
      "candidate_import_ok": true,
      "reference_import_ok": true,
      "candidate_result_name": null,
      "reference_result_name": "test_results",
      "strict_status": "fail",
      "strict_mismatches": [
        "$: type differs: NoneType != dict"
      ],
      "stdout_false_positive": true,
      "channel": "T",
      "name": "invert_matrix_lu",
      "speedup": 1.6266,
      "candidate_rel": "Bench_T_coder_specific/qwen_rag/invert_matrix_lu.py"
    },
    {
      "candidate": "/home/mb2412/triton-experiments/experiments/tritonbench_l40s_20260518_184231/materialized_candidates/Bench_T_general_purpose/output_DeepSeek-R1/invert_matrix_lu.py",
      "reference": "/home/mb2412/triton-experiments/data/TritonBench_T_v1/invert_matrix_lu.py",
      "seed": 0,
      "repo_stdout_equal": true,
      "candidate_stdout": {
        "returncode": 0,
        "stdout": "",
        "stderr": ""
      },
      "reference_stdout": {
        "returncode": 0,
        "stdout": "",
        "stderr": ""
      },
      "candidate_import_ok": true,
      "reference_import_ok": true,
      "candidate_result_name": null,
      "reference_result_name": "test_results",
      "strict_status": "fail",
      "strict_mismatches": [
        "$: type differs: NoneType != dict"
      ],
      "stdout_false_positive": true,
      "channel": "T",
      "name": "invert_matrix_lu",
      "speedup": 1.6266,
      "candidate_rel": "Bench_T_general_purpose/output_DeepSeek-R1/invert_matrix_lu.py"
    },
    {
      "candidate": "/home/mb2412/triton-experiments/experiments/tritonbench_l40s_20260518_184231/materialized_candidates/Bench_T_general_purpose/output_DeepSeek-R1_rag/invert_matrix_lu.py",
      "reference": "/home/mb2412/triton-experiments/data/TritonBench_T_v1/invert_matrix_lu.py",
      "seed": 0,
      "repo_stdout_equal": true,
      "candidate_stdout": {
        "returncode": 0,
        "stdout": "",
        "stderr": ""
      },
      "reference_stdout": {
        "returncode": 0,
        "stdout": "",
        "stderr": ""
      },
      "candidate_import_ok": true,
      "reference_import_ok": true,
      "candidate_result_name": null,
      "reference_result_name": "test_results",
      "strict_status": "fail",
      "strict_mismatches": [
        "$: type differs: NoneType != dict"
      ],
      "stdout_false_positive": true,
      "channel": "T",
      "name": "invert_matrix_lu",
      "speedup": 1.6266,
      "candidate_rel": "Bench_T_general_purpose/output_DeepSeek-R1_rag/invert_matrix_lu.py"
    },
    {
      "candidate": "/home/mb2412/triton-experiments/experiments/tritonbench_l40s_20260518_184231/materialized_candidates/Bench_T_general_purpose/output_Qwen2.5-72B-Instruct/invert_matrix_lu.py",
      "reference": "/home/mb2412/triton-experiments/data/TritonBench_T_v1/invert_matrix_lu.py",
      "seed": 0,
      "repo_stdout_equal": true,
      "candidate_stdout": {
        "returncode": 0,
        "stdout": "",
        "stderr": ""
      },
      "reference_stdout": {
        "returncode": 0,
        "stdout": "",
        "stderr": ""
      },
      "candidate_import_ok": true,
      "reference_import_ok": true,
      "candidate_result_name": null,
      "reference_result_name": "test_results",
      "strict_status": "fail",
      "strict_mismatches": [
        "$: type differs: NoneType != dict"
      ],
      "stdout_false_positive": true,
      "channel": "T",
      "name": "invert_matrix_lu",
      "speedup": 1.6266,
      "candidate_rel": "Bench_T_general_purpose/output_Qwen2.5-72B-Instruct/invert_matrix_lu.py"
    },
    {
      "candidate": "/home/mb2412/triton-experiments/experiments/tritonbench_l40s_20260518_184231/materialized_candidates/Bench_T_general_purpose/output_Qwen2.5-72B-Instruct_rag/invert_matrix_lu.py",
      "reference": "/home/mb2412/triton-experiments/data/TritonBench_T_v1/invert_matrix_lu.py",
      "seed": 0,
      "repo_stdout_equal": true,
      "candidate_stdout": {
        "returncode": 0,
        "stdout": "",
        "stderr": ""
      },
      "reference_stdout": {
        "returncode": 0,
        "stdout": "",
        "stderr": ""
      },
      "candidate_import_ok": true,
      "reference_import_ok": true,
      "candidate_result_name": null,
      "reference_result_name": "test_results",
      "strict_status": "fail",
      "strict_mismatches": [
        "$: type differs: NoneType != dict"
      ],
      "stdout_false_positive": true,
      "channel": "T",
      "name": "invert_matrix_lu",
      "speedup": 1.6266,
      "candidate_rel": "Bench_T_general_purpose/output_Qwen2.5-72B-Instruct_rag/invert_matrix_lu.py"
    },
    {
      "candidate": "/home/mb2412/triton-experiments/experiments/tritonbench_l40s_20260518_184231/materialized_candidates/Bench_T_general_purpose/output_claude-3-5-sonnet-20240620/invert_matrix_lu.py",
      "reference": "/home/mb2412/triton-experiments/data/TritonBench_T_v1/invert_matrix_lu.py",
      "seed": 0,
      "repo_stdout_equal": true,
      "candidate_stdout": {
        "returncode": 0,
        "stdout": "",
        "stderr": ""
      },
      "reference_stdout": {
        "returncode": 0,
        "stdout": "",
        "stderr": ""
      },
      "candidate_import_ok": true,
      "reference_import_ok": true,
      "candidate_result_name": null,
      "reference_result_name": "test_results",
      "strict_status": "fail",
      "strict_mismatches": [
        "$: type differs: NoneType != dict"
      ],
      "stdout_false_positive": true,
      "channel": "T",
      "name": "invert_matrix_lu",
      "speedup": 1.6266,
      "candidate_rel": "Bench_T_general_purpose/output_claude-3-5-sonnet-20240620/invert_matrix_lu.py"
    },
    {
      "candidate": "/home/mb2412/triton-experiments/experiments/tritonbench_l40s_20260518_184231/materialized_candidates/Bench_T_general_purpose/output_claude-3-5-sonnet-20240620_rag/invert_matrix_lu.py",
      "reference": "/home/mb2412/triton-experiments/data/TritonBench_T_v1/invert_matrix_lu.py",
      "seed": 0,
      "repo_stdout_equal": true,
      "candidate_stdout": {
        "returncode": 1,
        "stdout": "",
        "stderr": "  File \"/tmp/strict_io_stdout_kb5lfra9/candidate_under_test.py\", line 11\n    @triton.jit\n    ^\nIndentationError: expected an indented block after function definition on line 5\n"
      },
      "reference_stdout": {
        "returncode": 0,
        "stdout": "",
        "stderr": ""
      },
      "candidate_import_ok": false,
      "reference_import_ok": true,
      "strict_status": "import_error",
      "candidate_import_error": "Traceback (most recent call last):\n  File \"/home/mb2412/triton-experiments/tools/semantic_checks/strict_io_compare.py\", line 85, in _import_module\n    spec.loader.exec_module(module)\n  File \"<frozen importlib._bootstrap_external>\", line 991, in exec_module\n  File \"<frozen importlib._bootstrap_external>\", line 1129, in get_code\n  File \"<frozen importlib._bootstrap_external>\", line 1059, in source_to_code\n  File \"<frozen importlib._bootstrap>\", line 488, in _call_with_frames_removed\n  File \"/tmp/strict_io_import_mrz045g2/candidate_under_test.py\", line 11\n    @triton.jit\n    ^\nIndentationError: expected an indented block after function definition on line 5\n",
      "reference_import_error": null,
      "channel": "T",
      "name": "invert_matrix_lu",
      "speedup": 1.6266,
      "candidate_rel": "Bench_T_general_purpose/output_claude-3-5-sonnet-20240620_rag/invert_matrix_lu.py"
    },
    {
      "candidate": "/home/mb2412/triton-experiments/experiments/tritonbench_l40s_20260518_184231/materialized_candidates/Bench_T_general_purpose/output_gpt-4o/invert_matrix_lu.py",
      "reference": "/home/mb2412/triton-experiments/data/TritonBench_T_v1/invert_matrix_lu.py",
      "seed": 0,
      "repo_stdout_equal": true,
      "candidate_stdout": {
        "returncode": 1,
        "stdout": "",
        "stderr": "Traceback (most recent call last):\n  File \"/tmp/strict_io_stdout_altjerj2/candidate_under_test.py\", line 68, in <module>\n    A_inv = invert_matrix_lu(A)\n            ^^^^^^^^^^^^^^^^^^^\n  File \"/tmp/strict_io_stdout_altjerj2/candidate_under_test.py\", line 52, in invert_matrix_lu\n    lu_decomposition_kernel[grid](A, L, U, P, N, stride, BLOCK_SIZE=N)\n  File \"/home/mb2412/.local/lib/python3.12/site-packages/triton/runtime/jit.py\", line 347, in <lambda>\n    return lambda *args, **kwargs: self.run(grid=grid, warmup=False, *args, **kwargs)\n                                   ^^^^^^^^^^^^^^^^^^^^^^^^^^^^^^^^^^^^^^^^^^^^^^^^^^\n  File \"/home/mb2412/.local/lib/python3.12/site-packages/triton/runtime/jit.py\", line 569, in run\n    kernel = self.compile(src, target=target, options=options.__dict__)\n             ^^^^^^^^^^^^^^^^^^^^^^^^^^^^^^^^^^^^^^^^^^^^^^^^^^^^^^^^^^\n  File \"/home/mb2412/.local/lib/python3.12/site-packages/triton/compiler/compiler.py\", line 230, in compile\n    key = f\"{triton_key()}-{src.hash()}-{backend.hash()}-{options.hash()}-{str(sorted(env_vars.items()))}\"\n                            ^^^^^^^^^^\n  File \"/home/mb2412/.local/lib/python3.12/site-packages/triton/compiler/compiler.py\", line 77, in hash\n    key = f\"{self.fn.cache_key}-{str(self.attrs)}-{sorted_sig}-{constants_key}\"\n             ^^^^^^^^^^^^^^^^^\n  File \"/home/mb2412/.local/lib/python3.12/site-packages/triton/runtime/jit.py\", line 665, in cache_key\n    dependencies_finder.visit(self.parse())\n  File \"/opt/conda/lib/python3.12/ast.py\", line 407, in visit\n    return visitor(node)\n           ^^^^^^^^^^^^^\n  File \"/opt/conda/lib/python3.12/ast.py\", line 415, in generic_visit\n    self.visit(item)\n  File \"/opt/conda/lib/python3.12/ast.py\", line 407, in visit\n    return visitor(node)\n           ^^^^^^^^^^^^^\n  File \"/home/mb2412/.local/lib/python3.12/site-packages/triton/runtime/jit.py\", line 149, in visit_FunctionDef\n    self.generic_visit(node)\n  File \"/opt/conda/lib/python3.12/ast.py\", line 415, in generic_visit\n    self.visit(item)\n  File \"/opt/conda/lib/python3.12/ast.py\", line 407, in visit\n    return visitor(node)\n           ^^^^^^^^^^^^^\n  File \"/home/mb2412/.local/lib/python3.12/site-packages/triton/runtime/jit.py\", line 203, in visit_Assign\n    self.generic_visit(node)\n  File \"/opt/conda/lib/python3.12/ast.py\", line 417, in generic_visit\n    self.visit(value)\n  File \"/opt/conda/lib/python3.12/ast.py\", line 407, in visit\n    return visitor(node)\n           ^^^^^^^^^^^^^\n  File \"/opt/conda/lib/python3.12/ast.py\", line 417, in generic_visit\n    self.visit(value)\n  File \"/opt/conda/lib/python3.12/ast.py\", line 407, in visit\n    return visitor(node)\n           ^^^^^^^^^^^^^\n  File \"/home/mb2412/.local/lib/python3.12/site-packages/triton/runtime/jit.py\", line 142, in visit_Attribute\n    ret = getattr(lhs, node.attr)\n          ^^^^^^^^^^^^^^^^^^^^^^^\nAttributeError: module 'triton.language' has no attribute 'eye'\n"
      },
      "reference_stdout": {
        "returncode": 0,
        "stdout": "",
        "stderr": ""
      },
      "candidate_import_ok": false,
      "reference_import_ok": true,
      "strict_status": "import_error",
      "candidate_import_error": "Traceback (most recent call last):\n  File \"/home/mb2412/triton-experiments/tools/semantic_checks/strict_io_compare.py\", line 85, in _import_module\n    spec.loader.exec_module(module)\n  File \"<frozen importlib._bootstrap_external>\", line 995, in exec_module\n  File \"<frozen importlib._bootstrap>\", line 488, in _call_with_frames_removed\n  File \"/tmp/strict_io_import_u94v0wvo/candidate_under_test.py\", line 68, in <module>\n  File \"/tmp/strict_io_import_u94v0wvo/candidate_under_test.py\", line 52, in invert_matrix_lu\n  File \"/home/mb2412/.local/lib/python3.12/site-packages/triton/runtime/jit.py\", line 347, in <lambda>\n    return lambda *args, **kwargs: self.run(grid=grid, warmup=False, *args, **kwargs)\n                                   ^^^^^^^^^^^^^^^^^^^^^^^^^^^^^^^^^^^^^^^^^^^^^^^^^^\n  File \"/home/mb2412/.local/lib/python3.12/site-packages/triton/runtime/jit.py\", line 569, in run\n    kernel = self.compile(src, target=target, options=options.__dict__)\n             ^^^^^^^^^^^^^^^^^^^^^^^^^^^^^^^^^^^^^^^^^^^^^^^^^^^^^^^^^^\n  File \"/home/mb2412/.local/lib/python3.12/site-packages/triton/compiler/compiler.py\", line 230, in compile\n    key = f\"{triton_key()}-{src.hash()}-{backend.hash()}-{options.hash()}-{str(sorted(env_vars.items()))}\"\n                            ^^^^^^^^^^\n  File \"/home/mb2412/.local/lib/python3.12/site-packages/triton/compiler/compiler.py\", line 77, in hash\n    key = f\"{self.fn.cache_key}-{str(self.attrs)}-{sorted_sig}-{constants_key}\"\n             ^^^^^^^^^^^^^^^^^\n  File \"/home/mb2412/.local/lib/python3.12/site-packages/triton/runtime/jit.py\", line 665, in cache_key\n    dependencies_finder.visit(self.parse())\n  File \"/opt/conda/lib/python3.12/ast.py\", line 407, in visit\n    return visitor(node)\n           ^^^^^^^^^^^^^\n  File \"/opt/conda/lib/python3.12/ast.py\", line 415, in generic_visit\n    self.visit(item)\n  File \"/opt/conda/lib/python3.12/ast.py\", line 407, in visit\n    return visitor(node)\n           ^^^^^^^^^^^^^\n  File \"/home/mb2412/.local/lib/python3.12/site-packages/triton/runtime/jit.py\", line 149, in visit_FunctionDef\n    self.generic_visit(node)\n  File \"/opt/conda/lib/python3.12/ast.py\", line 415, in generic_visit\n    self.visit(item)\n  File \"/opt/conda/lib/python3.12/ast.py\", line 407, in visit\n    return visitor(node)\n           ^^^^^^^^^^^^^\n  File \"/home/mb2412/.local/lib/python3.12/site-packages/triton/runtime/jit.py\", line 203, in visit_Assign\n    self.generic_visit(node)\n  File \"/opt/conda/lib/python3.12/ast.py\", line 417, in generic_visit\n    self.visit(value)\n  File \"/opt/conda/lib/python3.12/ast.py\", line 407, in visit\n    return visitor(node)\n           ^^^^^^^^^^^^^\n  File \"/opt/conda/lib/python3.12/ast.py\", line 417, in generic_visit\n    self.visit(value)\n  File \"/opt/conda/lib/python3.12/ast.py\", line 407, in visit\n    return visitor(node)\n           ^^^^^^^^^^^^^\n  File \"/home/mb2412/.local/lib/python3.12/site-packages/triton/runtime/jit.py\", line 142, in visit_Attribute\n    ret = getattr(lhs, node.attr)\n          ^^^^^^^^^^^^^^^^^^^^^^^\nAttributeError: module 'triton.language' has no attribute 'eye'\n",
      "reference_import_error": null,
      "channel": "T",
      "name": "invert_matrix_lu",
      "speedup": 1.6266,
      "candidate_rel": "Bench_T_general_purpose/output_gpt-4o/invert_matrix_lu.py"
    },
    {
      "candidate": "/home/mb2412/triton-experiments/experiments/tritonbench_l40s_20260518_184231/materialized_candidates/Bench_T_general_purpose/output_gpt-4o_rag/invert_matrix_lu.py",
      "reference": "/home/mb2412/triton-experiments/data/TritonBench_T_v1/invert_matrix_lu.py",
      "seed": 0,
      "repo_stdout_equal": true,
      "candidate_stdout": {
        "returncode": 1,
        "stdout": "",
        "stderr": "Traceback (most recent call last):\n  File \"/tmp/strict_io_stdout_3ubngr_p/candidate_under_test.py\", line 71, in <module>\n    A_inv = invert_matrix_lu(A)\n            ^^^^^^^^^^^^^^^^^^^\n  File \"/tmp/strict_io_stdout_3ubngr_p/candidate_under_test.py\", line 55, in invert_matrix_lu\n    lu_decomposition_kernel[grid](A, P, L, U, N, BLOCK_SIZE=32)\n  File \"/home/mb2412/.local/lib/python3.12/site-packages/triton/runtime/jit.py\", line 347, in <lambda>\n    return lambda *args, **kwargs: self.run(grid=grid, warmup=False, *args, **kwargs)\n                                   ^^^^^^^^^^^^^^^^^^^^^^^^^^^^^^^^^^^^^^^^^^^^^^^^^^\n  File \"/home/mb2412/.local/lib/python3.12/site-packages/triton/runtime/jit.py\", line 569, in run\n    kernel = self.compile(src, target=target, options=options.__dict__)\n             ^^^^^^^^^^^^^^^^^^^^^^^^^^^^^^^^^^^^^^^^^^^^^^^^^^^^^^^^^^\n  File \"/home/mb2412/.local/lib/python3.12/site-packages/triton/compiler/compiler.py\", line 230, in compile\n    key = f\"{triton_key()}-{src.hash()}-{backend.hash()}-{options.hash()}-{str(sorted(env_vars.items()))}\"\n                            ^^^^^^^^^^\n  File \"/home/mb2412/.local/lib/python3.12/site-packages/triton/compiler/compiler.py\", line 77, in hash\n    key = f\"{self.fn.cache_key}-{str(self.attrs)}-{sorted_sig}-{constants_key}\"\n             ^^^^^^^^^^^^^^^^^\n  File \"/home/mb2412/.local/lib/python3.12/site-packages/triton/runtime/jit.py\", line 665, in cache_key\n    dependencies_finder.visit(self.parse())\n  File \"/opt/conda/lib/python3.12/ast.py\", line 407, in visit\n    return visitor(node)\n           ^^^^^^^^^^^^^\n  File \"/opt/conda/lib/python3.12/ast.py\", line 415, in generic_visit\n    self.visit(item)\n  File \"/opt/conda/lib/python3.12/ast.py\", line 407, in visit\n    return visitor(node)\n           ^^^^^^^^^^^^^\n  File \"/home/mb2412/.local/lib/python3.12/site-packages/triton/runtime/jit.py\", line 149, in visit_FunctionDef\n    self.generic_visit(node)\n  File \"/opt/conda/lib/python3.12/ast.py\", line 415, in generic_visit\n    self.visit(item)\n  File \"/opt/conda/lib/python3.12/ast.py\", line 407, in visit\n    return visitor(node)\n           ^^^^^^^^^^^^^\n  File \"/home/mb2412/.local/lib/python3.12/site-packages/triton/runtime/jit.py\", line 203, in visit_Assign\n    self.generic_visit(node)\n  File \"/opt/conda/lib/python3.12/ast.py\", line 417, in generic_visit\n    self.visit(value)\n  File \"/opt/conda/lib/python3.12/ast.py\", line 407, in visit\n    return visitor(node)\n           ^^^^^^^^^^^^^\n  File \"/opt/conda/lib/python3.12/ast.py\", line 417, in generic_visit\n    self.visit(value)\n  File \"/opt/conda/lib/python3.12/ast.py\", line 407, in visit\n    return visitor(node)\n           ^^^^^^^^^^^^^\n  File \"/home/mb2412/.local/lib/python3.12/site-packages/triton/runtime/jit.py\", line 142, in visit_Attribute\n    ret = getattr(lhs, node.attr)\n          ^^^^^^^^^^^^^^^^^^^^^^^\nAttributeError: module 'triton.language' has no attribute 'eye'\n"
      },
      "reference_stdout": {
        "returncode": 0,
        "stdout": "",
        "stderr": ""
      },
      "candidate_import_ok": false,
      "reference_import_ok": true,
      "strict_status": "import_error",
      "candidate_import_error": "Traceback (most recent call last):\n  File \"/home/mb2412/triton-experiments/tools/semantic_checks/strict_io_compare.py\", line 85, in _import_module\n    spec.loader.exec_module(module)\n  File \"<frozen importlib._bootstrap_external>\", line 995, in exec_module\n  File \"<frozen importlib._bootstrap>\", line 488, in _call_with_frames_removed\n  File \"/tmp/strict_io_import_hkh5xe4u/candidate_under_test.py\", line 71, in <module>\n  File \"/tmp/strict_io_import_hkh5xe4u/candidate_under_test.py\", line 55, in invert_matrix_lu\n  File \"/home/mb2412/.local/lib/python3.12/site-packages/triton/runtime/jit.py\", line 347, in <lambda>\n    return lambda *args, **kwargs: self.run(grid=grid, warmup=False, *args, **kwargs)\n                                   ^^^^^^^^^^^^^^^^^^^^^^^^^^^^^^^^^^^^^^^^^^^^^^^^^^\n  File \"/home/mb2412/.local/lib/python3.12/site-packages/triton/runtime/jit.py\", line 569, in run\n    kernel = self.compile(src, target=target, options=options.__dict__)\n             ^^^^^^^^^^^^^^^^^^^^^^^^^^^^^^^^^^^^^^^^^^^^^^^^^^^^^^^^^^\n  File \"/home/mb2412/.local/lib/python3.12/site-packages/triton/compiler/compiler.py\", line 230, in compile\n    key = f\"{triton_key()}-{src.hash()}-{backend.hash()}-{options.hash()}-{str(sorted(env_vars.items()))}\"\n                            ^^^^^^^^^^\n  File \"/home/mb2412/.local/lib/python3.12/site-packages/triton/compiler/compiler.py\", line 77, in hash\n    key = f\"{self.fn.cache_key}-{str(self.attrs)}-{sorted_sig}-{constants_key}\"\n             ^^^^^^^^^^^^^^^^^\n  File \"/home/mb2412/.local/lib/python3.12/site-packages/triton/runtime/jit.py\", line 665, in cache_key\n    dependencies_finder.visit(self.parse())\n  File \"/opt/conda/lib/python3.12/ast.py\", line 407, in visit\n    return visitor(node)\n           ^^^^^^^^^^^^^\n  File \"/opt/conda/lib/python3.12/ast.py\", line 415, in generic_visit\n    self.visit(item)\n  File \"/opt/conda/lib/python3.12/ast.py\", line 407, in visit\n    return visitor(node)\n           ^^^^^^^^^^^^^\n  File \"/home/mb2412/.local/lib/python3.12/site-packages/triton/runtime/jit.py\", line 149, in visit_FunctionDef\n    self.generic_visit(node)\n  File \"/opt/conda/lib/python3.12/ast.py\", line 415, in generic_visit\n    self.visit(item)\n  File \"/opt/conda/lib/python3.12/ast.py\", line 407, in visit\n    return visitor(node)\n           ^^^^^^^^^^^^^\n  File \"/home/mb2412/.local/lib/python3.12/site-packages/triton/runtime/jit.py\", line 203, in visit_Assign\n    self.generic_visit(node)\n  File \"/opt/conda/lib/python3.12/ast.py\", line 417, in generic_visit\n    self.visit(value)\n  File \"/opt/conda/lib/python3.12/ast.py\", line 407, in visit\n    return visitor(node)\n           ^^^^^^^^^^^^^\n  File \"/opt/conda/lib/python3.12/ast.py\", line 417, in generic_visit\n    self.visit(value)\n  File \"/opt/conda/lib/python3.12/ast.py\", line 407, in visit\n    return visitor(node)\n           ^^^^^^^^^^^^^\n  File \"/home/mb2412/.local/lib/python3.12/site-packages/triton/runtime/jit.py\", line 142, in visit_Attribute\n    ret = getattr(lhs, node.attr)\n          ^^^^^^^^^^^^^^^^^^^^^^^\nAttributeError: module 'triton.language' has no attribute 'eye'\n",
      "reference_import_error": null,
      "channel": "T",
      "name": "invert_matrix_lu",
      "speedup": 1.6266,
      "candidate_rel": "Bench_T_general_purpose/output_gpt-4o_rag/invert_matrix_lu.py"
    },
    {
      "candidate": "/home/mb2412/triton-experiments/experiments/tritonbench_l40s_20260518_184231/materialized_candidates/Bench_T_general_purpose/output_o1-2024-12-17/invert_matrix_lu.py",
      "reference": "/home/mb2412/triton-experiments/data/TritonBench_T_v1/invert_matrix_lu.py",
      "seed": 0,
      "repo_stdout_equal": true,
      "candidate_stdout": {
        "returncode": 0,
        "stdout": "",
        "stderr": ""
      },
      "reference_stdout": {
        "returncode": 0,
        "stdout": "",
        "stderr": ""
      },
      "candidate_import_ok": true,
      "reference_import_ok": true,
      "candidate_result_name": null,
      "reference_result_name": "test_results",
      "strict_status": "fail",
      "strict_mismatches": [
        "$: type differs: NoneType != dict"
      ],
      "stdout_false_positive": true,
      "channel": "T",
      "name": "invert_matrix_lu",
      "speedup": 1.6266,
      "candidate_rel": "Bench_T_general_purpose/output_o1-2024-12-17/invert_matrix_lu.py"
    },
    {
      "candidate": "/home/mb2412/triton-experiments/experiments/tritonbench_l40s_20260518_184231/materialized_candidates/Bench_T_general_purpose/output_o1-2024-12-17_rag/invert_matrix_lu.py",
      "reference": "/home/mb2412/triton-experiments/data/TritonBench_T_v1/invert_matrix_lu.py",
      "seed": 0,
      "repo_stdout_equal": true,
      "candidate_stdout": {
        "returncode": 1,
        "stdout": "",
        "stderr": "  File \"/tmp/strict_io_stdout_7hpvdi3p/candidate_under_test.py\", line 239\n    args=[\n         ^\nSyntaxError: '[' was never closed\n"
      },
      "reference_stdout": {
        "returncode": 0,
        "stdout": "",
        "stderr": ""
      },
      "candidate_import_ok": false,
      "reference_import_ok": true,
      "strict_status": "import_error",
      "candidate_import_error": "Traceback (most recent call last):\n  File \"/home/mb2412/triton-experiments/tools/semantic_checks/strict_io_compare.py\", line 85, in _import_module\n    spec.loader.exec_module(module)\n  File \"<frozen importlib._bootstrap_external>\", line 991, in exec_module\n  File \"<frozen importlib._bootstrap_external>\", line 1129, in get_code\n  File \"<frozen importlib._bootstrap_external>\", line 1059, in source_to_code\n  File \"<frozen importlib._bootstrap>\", line 488, in _call_with_frames_removed\n  File \"/tmp/strict_io_import_gvynf7ga/candidate_under_test.py\", line 239\n    args=[\n         ^\nSyntaxError: '[' was never closed\n",
      "reference_import_error": null,
      "channel": "T",
      "name": "invert_matrix_lu",
      "speedup": 1.6266,
      "candidate_rel": "Bench_T_general_purpose/output_o1-2024-12-17_rag/invert_matrix_lu.py"
    },
    {
      "candidate": "/home/mb2412/triton-experiments/experiments/tritonbench_l40s_20260518_184231/materialized_candidates/Bench_T_coder_specific/deepseek/broadcast_tensors.py",
      "reference": "/home/mb2412/triton-experiments/data/TritonBench_T_v1/broadcast_tensors.py",
      "seed": 0,
      "repo_stdout_equal": true,
      "candidate_stdout": {
        "returncode": 0,
        "stdout": "",
        "stderr": ""
      },
      "reference_stdout": {
        "returncode": 0,
        "stdout": "",
        "stderr": ""
      },
      "candidate_import_ok": true,
      "reference_import_ok": true,
      "candidate_result_name": null,
      "reference_result_name": "test_results",
      "strict_status": "fail",
      "strict_mismatches": [
        "$: type differs: NoneType != dict"
      ],
      "stdout_false_positive": true,
      "channel": "T",
      "name": "broadcast_tensors",
      "speedup": 2.7575,
      "candidate_rel": "Bench_T_coder_specific/deepseek/broadcast_tensors.py"
    },
    {
      "candidate": "/home/mb2412/triton-experiments/experiments/tritonbench_l40s_20260518_184231/materialized_candidates/Bench_T_coder_specific/deepseek_full/broadcast_tensors.py",
      "reference": "/home/mb2412/triton-experiments/data/TritonBench_T_v1/broadcast_tensors.py",
      "seed": 0,
      "repo_stdout_equal": true,
      "candidate_stdout": {
        "returncode": 0,
        "stdout": "",
        "stderr": ""
      },
      "reference_stdout": {
        "returncode": 0,
        "stdout": "",
        "stderr": ""
      },
      "candidate_import_ok": true,
      "reference_import_ok": true,
      "candidate_result_name": null,
      "reference_result_name": "test_results",
      "strict_status": "fail",
      "strict_mismatches": [
        "$: type differs: NoneType != dict"
      ],
      "stdout_false_positive": true,
      "channel": "T",
      "name": "broadcast_tensors",
      "speedup": 2.7575,
      "candidate_rel": "Bench_T_coder_specific/deepseek_full/broadcast_tensors.py"
    },
    {
      "candidate": "/home/mb2412/triton-experiments/experiments/tritonbench_l40s_20260518_184231/materialized_candidates/Bench_T_coder_specific/deepseek_full_rag/broadcast_tensors.py",
      "reference": "/home/mb2412/triton-experiments/data/TritonBench_T_v1/broadcast_tensors.py",
      "seed": 0,
      "repo_stdout_equal": true,
      "candidate_stdout": {
        "returncode": 1,
        "stdout": "",
        "stderr": "  File \"/tmp/strict_io_stdout_9_8bkoip/candidate_under_test.py\", line 1\n    )\n    ^\nSyntaxError: unmatched ')'\n"
      },
      "reference_stdout": {
        "returncode": 0,
        "stdout": "",
        "stderr": ""
      },
      "candidate_import_ok": false,
      "reference_import_ok": true,
      "strict_status": "import_error",
      "candidate_import_error": "Traceback (most recent call last):\n  File \"/home/mb2412/triton-experiments/tools/semantic_checks/strict_io_compare.py\", line 85, in _import_module\n    spec.loader.exec_module(module)\n  File \"<frozen importlib._bootstrap_external>\", line 991, in exec_module\n  File \"<frozen importlib._bootstrap_external>\", line 1129, in get_code\n  File \"<frozen importlib._bootstrap_external>\", line 1059, in source_to_code\n  File \"<frozen importlib._bootstrap>\", line 488, in _call_with_frames_removed\n  File \"/tmp/strict_io_import_c9_yvipo/candidate_under_test.py\", line 1\n    )\n    ^\nSyntaxError: unmatched ')'\n",
      "reference_import_error": null,
      "channel": "T",
      "name": "broadcast_tensors",
      "speedup": 2.7575,
      "candidate_rel": "Bench_T_coder_specific/deepseek_full_rag/broadcast_tensors.py"
    },
    {
      "candidate": "/home/mb2412/triton-experiments/experiments/tritonbench_l40s_20260518_184231/materialized_candidates/Bench_T_coder_specific/deepseek_rag/broadcast_tensors.py",
      "reference": "/home/mb2412/triton-experiments/data/TritonBench_T_v1/broadcast_tensors.py",
      "seed": 0,
      "repo_stdout_equal": true,
      "candidate_stdout": {
        "returncode": 0,
        "stdout": "",
        "stderr": ""
      },
      "reference_stdout": {
        "returncode": 0,
        "stdout": "",
        "stderr": ""
      },
      "candidate_import_ok": true,
      "reference_import_ok": true,
      "candidate_result_name": null,
      "reference_result_name": "test_results",
      "strict_status": "fail",
      "strict_mismatches": [
        "$: type differs: NoneType != dict"
      ],
      "stdout_false_positive": true,
      "channel": "T",
      "name": "broadcast_tensors",
      "speedup": 2.7575,
      "candidate_rel": "Bench_T_coder_specific/deepseek_rag/broadcast_tensors.py"
    },
    {
      "candidate": "/home/mb2412/triton-experiments/experiments/tritonbench_l40s_20260518_184231/materialized_candidates/Bench_T_coder_specific/qwen/broadcast_tensors.py",
      "reference": "/home/mb2412/triton-experiments/data/TritonBench_T_v1/broadcast_tensors.py",
      "seed": 0,
      "repo_stdout_equal": true,
      "candidate_stdout": {
        "returncode": 1,
        "stdout": "",
        "stderr": "  File \"/tmp/strict_io_stdout_3cfz5yse/candidate_under_test.py\", line 59\n    broadcast_kernel[grid=num_blocks, block=block_size](\n                     ^^^^^^^^^^^^^^^\nSyntaxError: invalid syntax. Maybe you meant '==' or ':=' instead of '='?\n"
      },
      "reference_stdout": {
        "returncode": 0,
        "stdout": "",
        "stderr": ""
      },
      "candidate_import_ok": false,
      "reference_import_ok": true,
      "strict_status": "import_error",
      "candidate_import_error": "Traceback (most recent call last):\n  File \"/home/mb2412/triton-experiments/tools/semantic_checks/strict_io_compare.py\", line 85, in _import_module\n    spec.loader.exec_module(module)\n  File \"<frozen importlib._bootstrap_external>\", line 991, in exec_module\n  File \"<frozen importlib._bootstrap_external>\", line 1129, in get_code\n  File \"<frozen importlib._bootstrap_external>\", line 1059, in source_to_code\n  File \"<frozen importlib._bootstrap>\", line 488, in _call_with_frames_removed\n  File \"/tmp/strict_io_import_ivcz3v2l/candidate_under_test.py\", line 59\n    broadcast_kernel[grid=num_blocks, block=block_size](\n                     ^^^^^^^^^^^^^^^\nSyntaxError: invalid syntax. Maybe you meant '==' or ':=' instead of '='?\n",
      "reference_import_error": null,
      "channel": "T",
      "name": "broadcast_tensors",
      "speedup": 2.7575,
      "candidate_rel": "Bench_T_coder_specific/qwen/broadcast_tensors.py"
    },
    {
      "candidate": "/home/mb2412/triton-experiments/experiments/tritonbench_l40s_20260518_184231/materialized_candidates/Bench_T_coder_specific/qwen_full/broadcast_tensors.py",
      "reference": "/home/mb2412/triton-experiments/data/TritonBench_T_v1/broadcast_tensors.py",
      "seed": 0,
      "repo_stdout_equal": true,
      "candidate_stdout": {
        "returncode": 0,
        "stdout": "",
        "stderr": ""
      },
      "reference_stdout": {
        "returncode": 0,
        "stdout": "",
        "stderr": ""
      },
      "candidate_import_ok": true,
      "reference_import_ok": true,
      "candidate_result_name": null,
      "reference_result_name": "test_results",
      "strict_status": "fail",
      "strict_mismatches": [
        "$: type differs: NoneType != dict"
      ],
      "stdout_false_positive": true,
      "channel": "T",
      "name": "broadcast_tensors",
      "speedup": 2.7575,
      "candidate_rel": "Bench_T_coder_specific/qwen_full/broadcast_tensors.py"
    },
    {
      "candidate": "/home/mb2412/triton-experiments/experiments/tritonbench_l40s_20260518_184231/materialized_candidates/Bench_T_coder_specific/qwen_full_rag/broadcast_tensors.py",
      "reference": "/home/mb2412/triton-experiments/data/TritonBench_T_v1/broadcast_tensors.py",
      "seed": 0,
      "repo_stdout_equal": true,
      "candidate_stdout": {
        "returncode": 0,
        "stdout": "",
        "stderr": ""
      },
      "reference_stdout": {
        "returncode": 0,
        "stdout": "",
        "stderr": ""
      },
      "candidate_import_ok": true,
      "reference_import_ok": true,
      "candidate_result_name": null,
      "reference_result_name": "test_results",
      "strict_status": "fail",
      "strict_mismatches": [
        "$: type differs: NoneType != dict"
      ],
      "stdout_false_positive": true,
      "channel": "T",
      "name": "broadcast_tensors",
      "speedup": 2.7575,
      "candidate_rel": "Bench_T_coder_specific/qwen_full_rag/broadcast_tensors.py"
    },
    {
      "candidate": "/home/mb2412/triton-experiments/experiments/tritonbench_l40s_20260518_184231/materialized_candidates/Bench_T_coder_specific/qwen_rag/broadcast_tensors.py",
      "reference": "/home/mb2412/triton-experiments/data/TritonBench_T_v1/broadcast_tensors.py",
      "seed": 0,
      "repo_stdout_equal": true,
      "candidate_stdout": {
        "returncode": 0,
        "stdout": "",
        "stderr": ""
      },
      "reference_stdout": {
        "returncode": 0,
        "stdout": "",
        "stderr": ""
      },
      "candidate_import_ok": true,
      "reference_import_ok": true,
      "candidate_result_name": null,
      "reference_result_name": "test_results",
      "strict_status": "fail",
      "strict_mismatches": [
        "$: type differs: NoneType != dict"
      ],
      "stdout_false_positive": true,
      "channel": "T",
      "name": "broadcast_tensors",
      "speedup": 2.7575,
      "candidate_rel": "Bench_T_coder_specific/qwen_rag/broadcast_tensors.py"
    },
    {
      "candidate": "/home/mb2412/triton-experiments/experiments/tritonbench_l40s_20260518_184231/materialized_candidates/Bench_T_general_purpose/output_DeepSeek-R1/broadcast_tensors.py",
      "reference": "/home/mb2412/triton-experiments/data/TritonBench_T_v1/broadcast_tensors.py",
      "seed": 0,
      "repo_stdout_equal": true,
      "candidate_stdout": {
        "returncode": 0,
        "stdout": "",
        "stderr": ""
      },
      "reference_stdout": {
        "returncode": 0,
        "stdout": "",
        "stderr": ""
      },
      "candidate_import_ok": true,
      "reference_import_ok": true,
      "candidate_result_name": null,
      "reference_result_name": "test_results",
      "strict_status": "fail",
      "strict_mismatches": [
        "$: type differs: NoneType != dict"
      ],
      "stdout_false_positive": true,
      "channel": "T",
      "name": "broadcast_tensors",
      "speedup": 2.7575,
      "candidate_rel": "Bench_T_general_purpose/output_DeepSeek-R1/broadcast_tensors.py"
    },
    {
      "candidate": "/home/mb2412/triton-experiments/experiments/tritonbench_l40s_20260518_184231/materialized_candidates/Bench_T_general_purpose/output_DeepSeek-R1_rag/broadcast_tensors.py",
      "reference": "/home/mb2412/triton-experiments/data/TritonBench_T_v1/broadcast_tensors.py",
      "seed": 0,
      "repo_stdout_equal": true,
      "candidate_stdout": {
        "returncode": 0,
        "stdout": "",
        "stderr": ""
      },
      "reference_stdout": {
        "returncode": 0,
        "stdout": "",
        "stderr": ""
      },
      "candidate_import_ok": true,
      "reference_import_ok": true,
      "candidate_result_name": null,
      "reference_result_name": "test_results",
      "strict_status": "fail",
      "strict_mismatches": [
        "$: type differs: NoneType != dict"
      ],
      "stdout_false_positive": true,
      "channel": "T",
      "name": "broadcast_tensors",
      "speedup": 2.7575,
      "candidate_rel": "Bench_T_general_purpose/output_DeepSeek-R1_rag/broadcast_tensors.py"
    },
    {
      "candidate": "/home/mb2412/triton-experiments/experiments/tritonbench_l40s_20260518_184231/materialized_candidates/Bench_T_general_purpose/output_Qwen2.5-72B-Instruct/broadcast_tensors.py",
      "reference": "/home/mb2412/triton-experiments/data/TritonBench_T_v1/broadcast_tensors.py",
      "seed": 0,
      "repo_stdout_equal": true,
      "candidate_stdout": {
        "returncode": 1,
        "stdout": "",
        "stderr": "Traceback (most recent call last):\n  File \"/tmp/strict_io_stdout_jp_hldxa/candidate_under_test.py\", line 104, in <module>\n    a, b = broadcast_tensors(x, y)\n           ^^^^^^^^^^^^^^^^^^^^^^^\n  File \"/tmp/strict_io_stdout_jp_hldxa/candidate_under_test.py\", line 88, in broadcast_tensors\n    broadcast_kernel[grid, block](\n  File \"/home/mb2412/.local/lib/python3.12/site-packages/triton/runtime/jit.py\", line 347, in <lambda>\n    return lambda *args, **kwargs: self.run(grid=grid, warmup=False, *args, **kwargs)\n                                   ^^^^^^^^^^^^^^^^^^^^^^^^^^^^^^^^^^^^^^^^^^^^^^^^^^\n  File \"/home/mb2412/.local/lib/python3.12/site-packages/triton/runtime/jit.py\", line 537, in run\n    bound_args, specialization, options = binder(*args, **kwargs)\n                                          ^^^^^^^^^^^^^^^^^^^^^^^\nTypeError: dynamic_func() missing 2 required positional arguments: 'num_inputs' and 'num_elements'\n"
      },
      "reference_stdout": {
        "returncode": 0,
        "stdout": "",
        "stderr": ""
      },
      "candidate_import_ok": false,
      "reference_import_ok": true,
      "strict_status": "import_error",
      "candidate_import_error": "Traceback (most recent call last):\n  File \"/home/mb2412/triton-experiments/tools/semantic_checks/strict_io_compare.py\", line 85, in _import_module\n    spec.loader.exec_module(module)\n  File \"<frozen importlib._bootstrap_external>\", line 995, in exec_module\n  File \"<frozen importlib._bootstrap>\", line 488, in _call_with_frames_removed\n  File \"/tmp/strict_io_import_9_syq996/candidate_under_test.py\", line 104, in <module>\n  File \"/tmp/strict_io_import_9_syq996/candidate_under_test.py\", line 88, in broadcast_tensors\n  File \"/home/mb2412/.local/lib/python3.12/site-packages/triton/runtime/jit.py\", line 347, in <lambda>\n    return lambda *args, **kwargs: self.run(grid=grid, warmup=False, *args, **kwargs)\n                                   ^^^^^^^^^^^^^^^^^^^^^^^^^^^^^^^^^^^^^^^^^^^^^^^^^^\n  File \"/home/mb2412/.local/lib/python3.12/site-packages/triton/runtime/jit.py\", line 537, in run\n    bound_args, specialization, options = binder(*args, **kwargs)\n                                          ^^^^^^^^^^^^^^^^^^^^^^^\nTypeError: dynamic_func() missing 2 required positional arguments: 'num_inputs' and 'num_elements'\n",
      "reference_import_error": null,
      "channel": "T",
      "name": "broadcast_tensors",
      "speedup": 2.7575,
      "candidate_rel": "Bench_T_general_purpose/output_Qwen2.5-72B-Instruct/broadcast_tensors.py"
    },
    {
      "candidate": "/home/mb2412/triton-experiments/experiments/tritonbench_l40s_20260518_184231/materialized_candidates/Bench_T_general_purpose/output_Qwen2.5-72B-Instruct_rag/broadcast_tensors.py",
      "reference": "/home/mb2412/triton-experiments/data/TritonBench_T_v1/broadcast_tensors.py",
      "seed": 0,
      "repo_stdout_equal": true,
      "candidate_stdout": {
        "returncode": 1,
        "stdout": "",
        "stderr": "Traceback (most recent call last):\n  File \"/tmp/strict_io_stdout_4ebv6k07/candidate_under_test.py\", line 41, in <module>\n    a, b = broadcast_tensors(x, y)\n           ^^^^^^^^^^^^^^^^^^^^^^^\n  File \"/tmp/strict_io_stdout_4ebv6k07/candidate_under_test.py\", line 31, in broadcast_tensors\n    _elementwise_op_kernel[grid](x, y, output, x.numel(), BLOCK_SIZE=1024)\n  File \"/home/mb2412/.local/lib/python3.12/site-packages/triton/runtime/jit.py\", line 347, in <lambda>\n    return lambda *args, **kwargs: self.run(grid=grid, warmup=False, *args, **kwargs)\n                                   ^^^^^^^^^^^^^^^^^^^^^^^^^^^^^^^^^^^^^^^^^^^^^^^^^^\n  File \"/home/mb2412/.local/lib/python3.12/site-packages/triton/runtime/jit.py\", line 557, in run\n    raise KeyError(\"Keyword argument %s was specified but unrecognised\" % k)\nKeyError: 'Keyword argument BLOCK_SIZE was specified but unrecognised'\n"
      },
      "reference_stdout": {
        "returncode": 0,
        "stdout": "",
        "stderr": ""
      },
      "candidate_import_ok": false,
      "reference_import_ok": true,
      "strict_status": "import_error",
      "candidate_import_error": "Traceback (most recent call last):\n  File \"/home/mb2412/triton-experiments/tools/semantic_checks/strict_io_compare.py\", line 85, in _import_module\n    spec.loader.exec_module(module)\n  File \"<frozen importlib._bootstrap_external>\", line 995, in exec_module\n  File \"<frozen importlib._bootstrap>\", line 488, in _call_with_frames_removed\n  File \"/tmp/strict_io_import_nnphh4py/candidate_under_test.py\", line 41, in <module>\n  File \"/tmp/strict_io_import_nnphh4py/candidate_under_test.py\", line 31, in broadcast_tensors\n  File \"/home/mb2412/.local/lib/python3.12/site-packages/triton/runtime/jit.py\", line 347, in <lambda>\n    return lambda *args, **kwargs: self.run(grid=grid, warmup=False, *args, **kwargs)\n                                   ^^^^^^^^^^^^^^^^^^^^^^^^^^^^^^^^^^^^^^^^^^^^^^^^^^\n  File \"/home/mb2412/.local/lib/python3.12/site-packages/triton/runtime/jit.py\", line 557, in run\n    raise KeyError(\"Keyword argument %s was specified but unrecognised\" % k)\nKeyError: 'Keyword argument BLOCK_SIZE was specified but unrecognised'\n",
      "reference_import_error": null,
      "channel": "T",
      "name": "broadcast_tensors",
      "speedup": 2.7575,
      "candidate_rel": "Bench_T_general_purpose/output_Qwen2.5-72B-Instruct_rag/broadcast_tensors.py"
    },
    {
      "candidate": "/home/mb2412/triton-experiments/experiments/tritonbench_l40s_20260518_184231/materialized_candidates/Bench_T_general_purpose/output_claude-3-5-sonnet-20240620/broadcast_tensors.py",
      "reference": "/home/mb2412/triton-experiments/data/TritonBench_T_v1/broadcast_tensors.py",
      "seed": 0,
      "repo_stdout_equal": true,
      "candidate_stdout": {
        "returncode": 0,
        "stdout": "",
        "stderr": ""
      },
      "reference_stdout": {
        "returncode": 0,
        "stdout": "",
        "stderr": ""
      },
      "candidate_import_ok": true,
      "reference_import_ok": true,
      "candidate_result_name": null,
      "reference_result_name": "test_results",
      "strict_status": "fail",
      "strict_mismatches": [
        "$: type differs: NoneType != dict"
      ],
      "stdout_false_positive": true,
      "channel": "T",
      "name": "broadcast_tensors",
      "speedup": 2.7575,
      "candidate_rel": "Bench_T_general_purpose/output_claude-3-5-sonnet-20240620/broadcast_tensors.py"
    },
    {
      "candidate": "/home/mb2412/triton-experiments/experiments/tritonbench_l40s_20260518_184231/materialized_candidates/Bench_T_general_purpose/output_claude-3-5-sonnet-20240620_rag/broadcast_tensors.py",
      "reference": "/home/mb2412/triton-experiments/data/TritonBench_T_v1/broadcast_tensors.py",
      "seed": 0,
      "repo_stdout_equal": true,
      "candidate_stdout": {
        "returncode": 0,
        "stdout": "",
        "stderr": ""
      },
      "reference_stdout": {
        "returncode": 0,
        "stdout": "",
        "stderr": ""
      },
      "candidate_import_ok": true,
      "reference_import_ok": true,
      "candidate_result_name": null,
      "reference_result_name": "test_results",
      "strict_status": "fail",
      "strict_mismatches": [
        "$: type differs: NoneType != dict"
      ],
      "stdout_false_positive": true,
      "channel": "T",
      "name": "broadcast_tensors",
      "speedup": 2.7575,
      "candidate_rel": "Bench_T_general_purpose/output_claude-3-5-sonnet-20240620_rag/broadcast_tensors.py"
    },
    {
      "candidate": "/home/mb2412/triton-experiments/experiments/tritonbench_l40s_20260518_184231/materialized_candidates/Bench_T_general_purpose/output_gpt-4o/broadcast_tensors.py",
      "reference": "/home/mb2412/triton-experiments/data/TritonBench_T_v1/broadcast_tensors.py",
      "seed": 0,
      "repo_stdout_equal": true,
      "candidate_stdout": {
        "returncode": 1,
        "stdout": "",
        "stderr": "Traceback (most recent call last):\n  File \"/tmp/strict_io_stdout_2hstseqz/candidate_under_test.py\", line 41, in <module>\n    a, b = broadcast_tensors(x, y)\n           ^^^^^^^^^^^^^^^^^^^^^^^\n  File \"/tmp/strict_io_stdout_2hstseqz/candidate_under_test.py\", line 34, in broadcast_tensors\n    elementwise_kernel[grid](a, b, out, a.numel(), BLOCK_SIZE=BLOCK_SIZE)\n  File \"/home/mb2412/.local/lib/python3.12/site-packages/triton/runtime/jit.py\", line 347, in <lambda>\n    return lambda *args, **kwargs: self.run(grid=grid, warmup=False, *args, **kwargs)\n                                   ^^^^^^^^^^^^^^^^^^^^^^^^^^^^^^^^^^^^^^^^^^^^^^^^^^\n  File \"/home/mb2412/.local/lib/python3.12/site-packages/triton/runtime/jit.py\", line 591, in run\n    kernel.run(grid_0, grid_1, grid_2, stream, kernel.function, kernel.packed_metadata,\n  File \"/home/mb2412/.local/lib/python3.12/site-packages/triton/backends/nvidia/driver.py\", line 529, in __call__\n    self.launch(gridX, gridY, gridZ, stream, function, self.launch_cooperative_grid, global_scratch, *args)\nValueError: Pointer argument (at 0) cannot be accessed from Triton (cpu tensor?)\n"
      },
      "reference_stdout": {
        "returncode": 0,
        "stdout": "",
        "stderr": ""
      },
      "candidate_import_ok": false,
      "reference_import_ok": true,
      "strict_status": "import_error",
      "candidate_import_error": "Traceback (most recent call last):\n  File \"/home/mb2412/triton-experiments/tools/semantic_checks/strict_io_compare.py\", line 85, in _import_module\n    spec.loader.exec_module(module)\n  File \"<frozen importlib._bootstrap_external>\", line 995, in exec_module\n  File \"<frozen importlib._bootstrap>\", line 488, in _call_with_frames_removed\n  File \"/tmp/strict_io_import_l9405fk3/candidate_under_test.py\", line 41, in <module>\n  File \"/tmp/strict_io_import_l9405fk3/candidate_under_test.py\", line 34, in broadcast_tensors\n  File \"/home/mb2412/.local/lib/python3.12/site-packages/triton/runtime/jit.py\", line 347, in <lambda>\n    return lambda *args, **kwargs: self.run(grid=grid, warmup=False, *args, **kwargs)\n                                   ^^^^^^^^^^^^^^^^^^^^^^^^^^^^^^^^^^^^^^^^^^^^^^^^^^\n  File \"/home/mb2412/.local/lib/python3.12/site-packages/triton/runtime/jit.py\", line 591, in run\n    kernel.run(grid_0, grid_1, grid_2, stream, kernel.function, kernel.packed_metadata,\n  File \"/home/mb2412/.local/lib/python3.12/site-packages/triton/backends/nvidia/driver.py\", line 529, in __call__\n    self.launch(gridX, gridY, gridZ, stream, function, self.launch_cooperative_grid, global_scratch, *args)\nValueError: Pointer argument (at 0) cannot be accessed from Triton (cpu tensor?)\n",
      "reference_import_error": null,
      "channel": "T",
      "name": "broadcast_tensors",
      "speedup": 2.7575,
      "candidate_rel": "Bench_T_general_purpose/output_gpt-4o/broadcast_tensors.py"
    },
    {
      "candidate": "/home/mb2412/triton-experiments/experiments/tritonbench_l40s_20260518_184231/materialized_candidates/Bench_T_general_purpose/output_gpt-4o_rag/broadcast_tensors.py",
      "reference": "/home/mb2412/triton-experiments/data/TritonBench_T_v1/broadcast_tensors.py",
      "seed": 0,
      "repo_stdout_equal": true,
      "candidate_stdout": {
        "returncode": 1,
        "stdout": "",
        "stderr": "/tmp/strict_io_stdout_8dboy3p4/candidate_under_test.py:19: UserWarning: TypedStorage is deprecated. It will be removed in the future and UntypedStorage will be the only storage class. This should only matter to you if you are using storages directly.  To access UntypedStorage directly, use tensor.untyped_storage() instead of tensor.storage()\n  if tensor.storage().size() != tensor.numel():\nTraceback (most recent call last):\n  File \"/tmp/strict_io_stdout_8dboy3p4/candidate_under_test.py\", line 29, in <module>\n    a, b = broadcast_tensors(x, y)\n           ^^^^^^^^^^^^^^^^^^^^^^^\n  File \"/tmp/strict_io_stdout_8dboy3p4/candidate_under_test.py\", line 22, in broadcast_tensors\n    broadcasted_tensors[i] = tensor.clone()\n    ~~~~~~~~~~~~~~~~~~~^^^\nTypeError: 'tuple' object does not support item assignment\n"
      },
      "reference_stdout": {
        "returncode": 0,
        "stdout": "",
        "stderr": ""
      },
      "candidate_import_ok": false,
      "reference_import_ok": true,
      "strict_status": "import_error",
      "candidate_import_error": "Traceback (most recent call last):\n  File \"/home/mb2412/triton-experiments/tools/semantic_checks/strict_io_compare.py\", line 85, in _import_module\n    spec.loader.exec_module(module)\n  File \"<frozen importlib._bootstrap_external>\", line 995, in exec_module\n  File \"<frozen importlib._bootstrap>\", line 488, in _call_with_frames_removed\n  File \"/tmp/strict_io_import_8u1ndeq9/candidate_under_test.py\", line 29, in <module>\n  File \"/tmp/strict_io_import_8u1ndeq9/candidate_under_test.py\", line 22, in broadcast_tensors\nTypeError: 'tuple' object does not support item assignment\n",
      "reference_import_error": null,
      "channel": "T",
      "name": "broadcast_tensors",
      "speedup": 2.7575,
      "candidate_rel": "Bench_T_general_purpose/output_gpt-4o_rag/broadcast_tensors.py"
    },
    {
      "candidate": "/home/mb2412/triton-experiments/experiments/tritonbench_l40s_20260518_184231/materialized_candidates/Bench_T_general_purpose/output_o1-2024-12-17/broadcast_tensors.py",
      "reference": "/home/mb2412/triton-experiments/data/TritonBench_T_v1/broadcast_tensors.py",
      "seed": 0,
      "repo_stdout_equal": true,
      "candidate_stdout": {
        "returncode": 0,
        "stdout": "",
        "stderr": ""
      },
      "reference_stdout": {
        "returncode": 0,
        "stdout": "",
        "stderr": ""
      },
      "candidate_import_ok": true,
      "reference_import_ok": true,
      "candidate_result_name": null,
      "reference_result_name": "test_results",
      "strict_status": "fail",
      "strict_mismatches": [
        "$: type differs: NoneType != dict"
      ],
      "stdout_false_positive": true,
      "channel": "T",
      "name": "broadcast_tensors",
      "speedup": 2.7575,
      "candidate_rel": "Bench_T_general_purpose/output_o1-2024-12-17/broadcast_tensors.py"
    },
    {
      "candidate": "/home/mb2412/triton-experiments/experiments/tritonbench_l40s_20260518_184231/materialized_candidates/Bench_T_general_purpose/output_o1-2024-12-17_rag/broadcast_tensors.py",
      "reference": "/home/mb2412/triton-experiments/data/TritonBench_T_v1/broadcast_tensors.py",
      "seed": 0,
      "repo_stdout_equal": true,
      "candidate_stdout": {
        "returncode": 0,
        "stdout": "",
        "stderr": ""
      },
      "reference_stdout": {
        "returncode": 0,
        "stdout": "",
        "stderr": ""
      },
      "candidate_import_ok": true,
      "reference_import_ok": true,
      "candidate_result_name": null,
      "reference_result_name": "test_results",
      "strict_status": "fail",
      "strict_mismatches": [
        "$: type differs: NoneType != dict"
      ],
      "stdout_false_positive": true,
      "channel": "T",
      "name": "broadcast_tensors",
      "speedup": 2.7575,
      "candidate_rel": "Bench_T_general_purpose/output_o1-2024-12-17_rag/broadcast_tensors.py"
    },
    {
      "candidate": "/home/mb2412/triton-experiments/experiments/tritonbench_l40s_20260518_184231/materialized_candidates/Bench_T_coder_specific/deepseek/def_0080.py",
      "reference": "/home/mb2412/triton-experiments/data/TritonBench_T_v1/fused_qr_solve.py",
      "seed": 0,
      "repo_stdout_equal": true,
      "candidate_stdout": {
        "returncode": 0,
        "stdout": "",
        "stderr": ""
      },
      "reference_stdout": {
        "returncode": 0,
        "stdout": "",
        "stderr": ""
      },
      "candidate_import_ok": true,
      "reference_import_ok": true,
      "candidate_result_name": null,
      "reference_result_name": "test_results",
      "strict_status": "fail",
      "strict_mismatches": [
        "$: type differs: NoneType != dict"
      ],
      "stdout_false_positive": true,
      "channel": "T",
      "name": "fused_qr_solve",
      "speedup": 1.7538,
      "candidate_rel": "Bench_T_coder_specific/deepseek/def_0080.py"
    },
    {
      "candidate": "/home/mb2412/triton-experiments/experiments/tritonbench_l40s_20260518_184231/materialized_candidates/Bench_T_coder_specific/deepseek_full/def_0080.py",
      "reference": "/home/mb2412/triton-experiments/data/TritonBench_T_v1/fused_qr_solve.py",
      "seed": 0,
      "repo_stdout_equal": true,
      "candidate_stdout": {
        "returncode": 0,
        "stdout": "",
        "stderr": ""
      },
      "reference_stdout": {
        "returncode": 0,
        "stdout": "",
        "stderr": ""
      },
      "candidate_import_ok": true,
      "reference_import_ok": true,
      "candidate_result_name": null,
      "reference_result_name": "test_results",
      "strict_status": "fail",
      "strict_mismatches": [
        "$: type differs: NoneType != dict"
      ],
      "stdout_false_positive": true,
      "channel": "T",
      "name": "fused_qr_solve",
      "speedup": 1.7538,
      "candidate_rel": "Bench_T_coder_specific/deepseek_full/def_0080.py"
    },
    {
      "candidate": "/home/mb2412/triton-experiments/experiments/tritonbench_l40s_20260518_184231/materialized_candidates/Bench_T_coder_specific/deepseek_full_rag/def_0080.py",
      "reference": "/home/mb2412/triton-experiments/data/TritonBench_T_v1/fused_qr_solve.py",
      "seed": 0,
      "repo_stdout_equal": true,
      "candidate_stdout": {
        "returncode": 0,
        "stdout": "",
        "stderr": ""
      },
      "reference_stdout": {
        "returncode": 0,
        "stdout": "",
        "stderr": ""
      },
      "candidate_import_ok": true,
      "reference_import_ok": true,
      "candidate_result_name": null,
      "reference_result_name": "test_results",
      "strict_status": "fail",
      "strict_mismatches": [
        "$: type differs: NoneType != dict"
      ],
      "stdout_false_positive": true,
      "channel": "T",
      "name": "fused_qr_solve",
      "speedup": 1.7538,
      "candidate_rel": "Bench_T_coder_specific/deepseek_full_rag/def_0080.py"
    },
    {
      "candidate": "/home/mb2412/triton-experiments/experiments/tritonbench_l40s_20260518_184231/materialized_candidates/Bench_T_coder_specific/qwen/def_0080.py",
      "reference": "/home/mb2412/triton-experiments/data/TritonBench_T_v1/fused_qr_solve.py",
      "seed": 0,
      "repo_stdout_equal": true,
      "candidate_stdout": {
        "returncode": 1,
        "stdout": "",
        "stderr": "Traceback (most recent call last):\n  File \"/tmp/strict_io_stdout_82mm989u/candidate_under_test.py\", line 90, in <module>\n    A = tl.tensor([[1.0, 2.0, 3.0], [4.0, 5.0, 6.0], [7.0, 8.0, 9.0], [10.0, 11.0, 12.0]], dtype=tl.float32)\n        ^^^^^^^^^^^^^^^^^^^^^^^^^^^^^^^^^^^^^^^^^^^^^^^^^^^^^^^^^^^^^^^^^^^^^^^^^^^^^^^^^^^^^^^^^^^^^^^^^^^^\nTypeError: tensor.__init__() got an unexpected keyword argument 'dtype'\n"
      },
      "reference_stdout": {
        "returncode": 0,
        "stdout": "",
        "stderr": ""
      },
      "candidate_import_ok": false,
      "reference_import_ok": true,
      "strict_status": "import_error",
      "candidate_import_error": "Traceback (most recent call last):\n  File \"/home/mb2412/triton-experiments/tools/semantic_checks/strict_io_compare.py\", line 85, in _import_module\n    spec.loader.exec_module(module)\n  File \"<frozen importlib._bootstrap_external>\", line 995, in exec_module\n  File \"<frozen importlib._bootstrap>\", line 488, in _call_with_frames_removed\n  File \"/tmp/strict_io_import_04irpco9/candidate_under_test.py\", line 90, in <module>\nTypeError: tensor.__init__() got an unexpected keyword argument 'dtype'\n",
      "reference_import_error": null,
      "channel": "T",
      "name": "fused_qr_solve",
      "speedup": 1.7538,
      "candidate_rel": "Bench_T_coder_specific/qwen/def_0080.py"
    },
    {
      "candidate": "/home/mb2412/triton-experiments/experiments/tritonbench_l40s_20260518_184231/materialized_candidates/Bench_T_coder_specific/qwen_full/def_0080.py",
      "reference": "/home/mb2412/triton-experiments/data/TritonBench_T_v1/fused_qr_solve.py",
      "seed": 0,
      "repo_stdout_equal": true,
      "candidate_stdout": {
        "returncode": 1,
        "stdout": "",
        "stderr": "Traceback (most recent call last):\n  File \"/tmp/strict_io_stdout_dj5dah1a/candidate_under_test.py\", line 4, in <module>\n    from triton.language.extra import householder\nImportError: cannot import name 'householder' from 'triton.language.extra' (/home/mb2412/.local/lib/python3.12/site-packages/triton/language/extra/__init__.py)\n"
      },
      "reference_stdout": {
        "returncode": 0,
        "stdout": "",
        "stderr": ""
      },
      "candidate_import_ok": false,
      "reference_import_ok": true,
      "strict_status": "import_error",
      "candidate_import_error": "Traceback (most recent call last):\n  File \"/home/mb2412/triton-experiments/tools/semantic_checks/strict_io_compare.py\", line 85, in _import_module\n    spec.loader.exec_module(module)\n  File \"<frozen importlib._bootstrap_external>\", line 995, in exec_module\n  File \"<frozen importlib._bootstrap>\", line 488, in _call_with_frames_removed\n  File \"/tmp/strict_io_import_ab77o78o/candidate_under_test.py\", line 4, in <module>\nImportError: cannot import name 'householder' from 'triton.language.extra' (/home/mb2412/.local/lib/python3.12/site-packages/triton/language/extra/__init__.py)\n",
      "reference_import_error": null,
      "channel": "T",
      "name": "fused_qr_solve",
      "speedup": 1.7538,
      "candidate_rel": "Bench_T_coder_specific/qwen_full/def_0080.py"
    },
    {
      "candidate": "/home/mb2412/triton-experiments/experiments/tritonbench_l40s_20260518_184231/materialized_candidates/Bench_T_coder_specific/qwen_rag/def_0080.py",
      "reference": "/home/mb2412/triton-experiments/data/TritonBench_T_v1/fused_qr_solve.py",
      "seed": 0,
      "repo_stdout_equal": true,
      "candidate_stdout": {
        "returncode": 0,
        "stdout": "",
        "stderr": ""
      },
      "reference_stdout": {
        "returncode": 0,
        "stdout": "",
        "stderr": ""
      },
      "candidate_import_ok": true,
      "reference_import_ok": true,
      "candidate_result_name": null,
      "reference_result_name": "test_results",
      "strict_status": "fail",
      "strict_mismatches": [
        "$: type differs: NoneType != dict"
      ],
      "stdout_false_positive": true,
      "channel": "T",
      "name": "fused_qr_solve",
      "speedup": 1.7538,
      "candidate_rel": "Bench_T_coder_specific/qwen_rag/def_0080.py"
    },
    {
      "candidate": "/home/mb2412/triton-experiments/experiments/tritonbench_l40s_20260518_184231/materialized_candidates/Bench_T_general_purpose/output_DeepSeek-R1/def_0080.py",
      "reference": "/home/mb2412/triton-experiments/data/TritonBench_T_v1/fused_qr_solve.py",
      "seed": 0,
      "repo_stdout_equal": true,
      "candidate_stdout": {
        "returncode": 0,
        "stdout": "",
        "stderr": ""
      },
      "reference_stdout": {
        "returncode": 0,
        "stdout": "",
        "stderr": ""
      },
      "candidate_import_ok": true,
      "reference_import_ok": true,
      "candidate_result_name": null,
      "reference_result_name": "test_results",
      "strict_status": "fail",
      "strict_mismatches": [
        "$: type differs: NoneType != dict"
      ],
      "stdout_false_positive": true,
      "channel": "T",
      "name": "fused_qr_solve",
      "speedup": 1.7538,
      "candidate_rel": "Bench_T_general_purpose/output_DeepSeek-R1/def_0080.py"
    },
    {
      "candidate": "/home/mb2412/triton-experiments/experiments/tritonbench_l40s_20260518_184231/materialized_candidates/Bench_T_general_purpose/output_DeepSeek-R1_rag/def_0080.py",
      "reference": "/home/mb2412/triton-experiments/data/TritonBench_T_v1/fused_qr_solve.py",
      "seed": 0,
      "repo_stdout_equal": true,
      "candidate_stdout": {
        "returncode": 0,
        "stdout": "",
        "stderr": ""
      },
      "reference_stdout": {
        "returncode": 0,
        "stdout": "",
        "stderr": ""
      },
      "candidate_import_ok": true,
      "reference_import_ok": true,
      "candidate_result_name": null,
      "reference_result_name": "test_results",
      "strict_status": "fail",
      "strict_mismatches": [
        "$: type differs: NoneType != dict"
      ],
      "stdout_false_positive": true,
      "channel": "T",
      "name": "fused_qr_solve",
      "speedup": 1.7538,
      "candidate_rel": "Bench_T_general_purpose/output_DeepSeek-R1_rag/def_0080.py"
    },
    {
      "candidate": "/home/mb2412/triton-experiments/experiments/tritonbench_l40s_20260518_184231/materialized_candidates/Bench_T_general_purpose/output_Qwen2.5-72B-Instruct/def_0080.py",
      "reference": "/home/mb2412/triton-experiments/data/TritonBench_T_v1/fused_qr_solve.py",
      "seed": 0,
      "repo_stdout_equal": true,
      "candidate_stdout": {
        "returncode": 0,
        "stdout": "",
        "stderr": ""
      },
      "reference_stdout": {
        "returncode": 0,
        "stdout": "",
        "stderr": ""
      },
      "candidate_import_ok": true,
      "reference_import_ok": true,
      "candidate_result_name": null,
      "reference_result_name": "test_results",
      "strict_status": "fail",
      "strict_mismatches": [
        "$: type differs: NoneType != dict"
      ],
      "stdout_false_positive": true,
      "channel": "T",
      "name": "fused_qr_solve",
      "speedup": 1.7538,
      "candidate_rel": "Bench_T_general_purpose/output_Qwen2.5-72B-Instruct/def_0080.py"
    },
    {
      "candidate": "/home/mb2412/triton-experiments/experiments/tritonbench_l40s_20260518_184231/materialized_candidates/Bench_T_general_purpose/output_Qwen2.5-72B-Instruct_rag/def_0080.py",
      "reference": "/home/mb2412/triton-experiments/data/TritonBench_T_v1/fused_qr_solve.py",
      "seed": 0,
      "repo_stdout_equal": true,
      "candidate_stdout": {
        "returncode": 0,
        "stdout": "",
        "stderr": ""
      },
      "reference_stdout": {
        "returncode": 0,
        "stdout": "",
        "stderr": ""
      },
      "candidate_import_ok": true,
      "reference_import_ok": true,
      "candidate_result_name": null,
      "reference_result_name": "test_results",
      "strict_status": "fail",
      "strict_mismatches": [
        "$: type differs: NoneType != dict"
      ],
      "stdout_false_positive": true,
      "channel": "T",
      "name": "fused_qr_solve",
      "speedup": 1.7538,
      "candidate_rel": "Bench_T_general_purpose/output_Qwen2.5-72B-Instruct_rag/def_0080.py"
    },
    {
      "candidate": "/home/mb2412/triton-experiments/experiments/tritonbench_l40s_20260518_184231/materialized_candidates/Bench_T_general_purpose/output_claude-3-5-sonnet-20240620/def_0080.py",
      "reference": "/home/mb2412/triton-experiments/data/TritonBench_T_v1/fused_qr_solve.py",
      "seed": 0,
      "repo_stdout_equal": true,
      "candidate_stdout": {
        "returncode": 0,
        "stdout": "",
        "stderr": ""
      },
      "reference_stdout": {
        "returncode": 0,
        "stdout": "",
        "stderr": ""
      },
      "candidate_import_ok": true,
      "reference_import_ok": true,
      "candidate_result_name": null,
      "reference_result_name": "test_results",
      "strict_status": "fail",
      "strict_mismatches": [
        "$: type differs: NoneType != dict"
      ],
      "stdout_false_positive": true,
      "channel": "T",
      "name": "fused_qr_solve",
      "speedup": 1.7538,
      "candidate_rel": "Bench_T_general_purpose/output_claude-3-5-sonnet-20240620/def_0080.py"
    },
    {
      "candidate": "/home/mb2412/triton-experiments/experiments/tritonbench_l40s_20260518_184231/materialized_candidates/Bench_T_general_purpose/output_claude-3-5-sonnet-20240620_rag/def_0080.py",
      "reference": "/home/mb2412/triton-experiments/data/TritonBench_T_v1/fused_qr_solve.py",
      "seed": 0,
      "repo_stdout_equal": true,
      "candidate_stdout": {
        "returncode": 0,
        "stdout": "",
        "stderr": ""
      },
      "reference_stdout": {
        "returncode": 0,
        "stdout": "",
        "stderr": ""
      },
      "candidate_import_ok": true,
      "reference_import_ok": true,
      "candidate_result_name": null,
      "reference_result_name": "test_results",
      "strict_status": "fail",
      "strict_mismatches": [
        "$: type differs: NoneType != dict"
      ],
      "stdout_false_positive": true,
      "channel": "T",
      "name": "fused_qr_solve",
      "speedup": 1.7538,
      "candidate_rel": "Bench_T_general_purpose/output_claude-3-5-sonnet-20240620_rag/def_0080.py"
    },
    {
      "candidate": "/home/mb2412/triton-experiments/experiments/tritonbench_l40s_20260518_184231/materialized_candidates/Bench_T_general_purpose/output_gpt-4o/def_0080.py",
      "reference": "/home/mb2412/triton-experiments/data/TritonBench_T_v1/fused_qr_solve.py",
      "seed": 0,
      "repo_stdout_equal": true,
      "candidate_stdout": {
        "returncode": 0,
        "stdout": "",
        "stderr": ""
      },
      "reference_stdout": {
        "returncode": 0,
        "stdout": "",
        "stderr": ""
      },
      "candidate_import_ok": true,
      "reference_import_ok": true,
      "candidate_result_name": null,
      "reference_result_name": "test_results",
      "strict_status": "fail",
      "strict_mismatches": [
        "$: type differs: NoneType != dict"
      ],
      "stdout_false_positive": true,
      "channel": "T",
      "name": "fused_qr_solve",
      "speedup": 1.7538,
      "candidate_rel": "Bench_T_general_purpose/output_gpt-4o/def_0080.py"
    },
    {
      "candidate": "/home/mb2412/triton-experiments/experiments/tritonbench_l40s_20260518_184231/materialized_candidates/Bench_T_general_purpose/output_gpt-4o_rag/def_0080.py",
      "reference": "/home/mb2412/triton-experiments/data/TritonBench_T_v1/fused_qr_solve.py",
      "seed": 0,
      "repo_stdout_equal": true,
      "candidate_stdout": {
        "returncode": 0,
        "stdout": "",
        "stderr": ""
      },
      "reference_stdout": {
        "returncode": 0,
        "stdout": "",
        "stderr": ""
      },
      "candidate_import_ok": true,
      "reference_import_ok": true,
      "candidate_result_name": null,
      "reference_result_name": "test_results",
      "strict_status": "fail",
      "strict_mismatches": [
        "$: type differs: NoneType != dict"
      ],
      "stdout_false_positive": true,
      "channel": "T",
      "name": "fused_qr_solve",
      "speedup": 1.7538,
      "candidate_rel": "Bench_T_general_purpose/output_gpt-4o_rag/def_0080.py"
    },
    {
      "candidate": "/home/mb2412/triton-experiments/experiments/tritonbench_l40s_20260518_184231/materialized_candidates/Bench_T_general_purpose/output_o1-2024-12-17/def_0080.py",
      "reference": "/home/mb2412/triton-experiments/data/TritonBench_T_v1/fused_qr_solve.py",
      "seed": 0,
      "repo_stdout_equal": true,
      "candidate_stdout": {
        "returncode": 1,
        "stdout": "",
        "stderr": "  File \"/tmp/strict_io_stdout_0bq7icm_/candidate_under_test.py\", line 195\n    # y_[row_idx, :]\nIndentationError: expected an indented block after 'for' statement on line 194\n"
      },
      "reference_stdout": {
        "returncode": 0,
        "stdout": "",
        "stderr": ""
      },
      "candidate_import_ok": false,
      "reference_import_ok": true,
      "strict_status": "import_error",
      "candidate_import_error": "Traceback (most recent call last):\n  File \"/home/mb2412/triton-experiments/tools/semantic_checks/strict_io_compare.py\", line 85, in _import_module\n    spec.loader.exec_module(module)\n  File \"<frozen importlib._bootstrap_external>\", line 991, in exec_module\n  File \"<frozen importlib._bootstrap_external>\", line 1129, in get_code\n  File \"<frozen importlib._bootstrap_external>\", line 1059, in source_to_code\n  File \"<frozen importlib._bootstrap>\", line 488, in _call_with_frames_removed\n  File \"/tmp/strict_io_import_p8p9_i1e/candidate_under_test.py\", line 195\n    # y_[row_idx, :]\n                    ^\nIndentationError: expected an indented block after 'for' statement on line 194\n",
      "reference_import_error": null,
      "channel": "T",
      "name": "fused_qr_solve",
      "speedup": 1.7538,
      "candidate_rel": "Bench_T_general_purpose/output_o1-2024-12-17/def_0080.py"
    },
    {
      "candidate": "/home/mb2412/triton-experiments/experiments/tritonbench_l40s_20260518_184231/materialized_candidates/Bench_T_coder_specific/deepseek_full/def_0052.py",
      "reference": "/home/mb2412/triton-experiments/data/TritonBench_T_v1/sum_std.py",
      "seed": 0,
      "repo_stdout_equal": true,
      "candidate_stdout": {
        "returncode": 0,
        "stdout": "",
        "stderr": ""
      },
      "reference_stdout": {
        "returncode": 0,
        "stdout": "",
        "stderr": ""
      },
      "candidate_import_ok": true,
      "reference_import_ok": true,
      "candidate_result_name": null,
      "reference_result_name": "test_results",
      "strict_status": "fail",
      "strict_mismatches": [
        "$: type differs: NoneType != dict"
      ],
      "stdout_false_positive": true,
      "channel": "T",
      "name": "sum_std",
      "speedup": 1.0316,
      "candidate_rel": "Bench_T_coder_specific/deepseek_full/def_0052.py"
    },
    {
      "candidate": "/home/mb2412/triton-experiments/experiments/tritonbench_l40s_20260518_184231/materialized_candidates/Bench_T_coder_specific/deepseek_full_rag/def_0052.py",
      "reference": "/home/mb2412/triton-experiments/data/TritonBench_T_v1/sum_std.py",
      "seed": 0,
      "repo_stdout_equal": true,
      "candidate_stdout": {
        "returncode": 0,
        "stdout": "",
        "stderr": ""
      },
      "reference_stdout": {
        "returncode": 0,
        "stdout": "",
        "stderr": ""
      },
      "candidate_import_ok": true,
      "reference_import_ok": true,
      "candidate_result_name": null,
      "reference_result_name": "test_results",
      "strict_status": "fail",
      "strict_mismatches": [
        "$: type differs: NoneType != dict"
      ],
      "stdout_false_positive": true,
      "channel": "T",
      "name": "sum_std",
      "speedup": 1.0316,
      "candidate_rel": "Bench_T_coder_specific/deepseek_full_rag/def_0052.py"
    },
    {
      "candidate": "/home/mb2412/triton-experiments/experiments/tritonbench_l40s_20260518_184231/materialized_candidates/Bench_T_coder_specific/deepseek_rag/def_0052.py",
      "reference": "/home/mb2412/triton-experiments/data/TritonBench_T_v1/sum_std.py",
      "seed": 0,
      "repo_stdout_equal": true,
      "candidate_stdout": {
        "returncode": 1,
        "stdout": "",
        "stderr": "  File \"/tmp/strict_io_stdout_28g0l2tj/candidate_under_test.py\", line 6\n    correction (int, optional): Difference between the sample size and sample degrees of freedom. Default is 1 (Bessel's correction).\n                                                                                                                      ^\nSyntaxError: unterminated string literal (detected at line 6)\n"
      },
      "reference_stdout": {
        "returncode": 0,
        "stdout": "",
        "stderr": ""
      },
      "candidate_import_ok": false,
      "reference_import_ok": true,
      "strict_status": "import_error",
      "candidate_import_error": "Traceback (most recent call last):\n  File \"/home/mb2412/triton-experiments/tools/semantic_checks/strict_io_compare.py\", line 85, in _import_module\n    spec.loader.exec_module(module)\n  File \"<frozen importlib._bootstrap_external>\", line 991, in exec_module\n  File \"<frozen importlib._bootstrap_external>\", line 1129, in get_code\n  File \"<frozen importlib._bootstrap_external>\", line 1059, in source_to_code\n  File \"<frozen importlib._bootstrap>\", line 488, in _call_with_frames_removed\n  File \"/tmp/strict_io_import_o1thkxgg/candidate_under_test.py\", line 6\n    correction (int, optional): Difference between the sample size and sample degrees of freedom. Default is 1 (Bessel's correction).\n                                                                                                                      ^\nSyntaxError: unterminated string literal (detected at line 6)\n",
      "reference_import_error": null,
      "channel": "T",
      "name": "sum_std",
      "speedup": 1.0316,
      "candidate_rel": "Bench_T_coder_specific/deepseek_rag/def_0052.py"
    },
    {
      "candidate": "/home/mb2412/triton-experiments/experiments/tritonbench_l40s_20260518_184231/materialized_candidates/Bench_T_coder_specific/qwen_full/def_0052.py",
      "reference": "/home/mb2412/triton-experiments/data/TritonBench_T_v1/sum_std.py",
      "seed": 0,
      "repo_stdout_equal": true,
      "candidate_stdout": {
        "returncode": 1,
        "stdout": "",
        "stderr": "Traceback (most recent call last):\n  File \"/tmp/strict_io_stdout_s4m2_axc/candidate_under_test.py\", line 24, in <module>\n    def sum_std(input, dim=None, keepdim=False, dtype=None, correction=1, out=None) -> Tensor:\n                                                                                       ^^^^^^\nNameError: name 'Tensor' is not defined\n"
      },
      "reference_stdout": {
        "returncode": 0,
        "stdout": "",
        "stderr": ""
      },
      "candidate_import_ok": false,
      "reference_import_ok": true,
      "strict_status": "import_error",
      "candidate_import_error": "Traceback (most recent call last):\n  File \"/home/mb2412/triton-experiments/tools/semantic_checks/strict_io_compare.py\", line 85, in _import_module\n    spec.loader.exec_module(module)\n  File \"<frozen importlib._bootstrap_external>\", line 995, in exec_module\n  File \"<frozen importlib._bootstrap>\", line 488, in _call_with_frames_removed\n  File \"/tmp/strict_io_import_puo7haal/candidate_under_test.py\", line 24, in <module>\nNameError: name 'Tensor' is not defined\n",
      "reference_import_error": null,
      "channel": "T",
      "name": "sum_std",
      "speedup": 1.0316,
      "candidate_rel": "Bench_T_coder_specific/qwen_full/def_0052.py"
    },
    {
      "candidate": "/home/mb2412/triton-experiments/experiments/tritonbench_l40s_20260518_184231/materialized_candidates/Bench_T_coder_specific/qwen_full_rag/def_0052.py",
      "reference": "/home/mb2412/triton-experiments/data/TritonBench_T_v1/sum_std.py",
      "seed": 0,
      "repo_stdout_equal": true,
      "candidate_stdout": {
        "returncode": 1,
        "stdout": "",
        "stderr": "Traceback (most recent call last):\n  File \"/tmp/strict_io_stdout_rnyq0v3l/candidate_under_test.py\", line 5, in <module>\n    from triton.runtime.jit import get_cuda_stream\nImportError: cannot import name 'get_cuda_stream' from 'triton.runtime.jit' (/home/mb2412/.local/lib/python3.12/site-packages/triton/runtime/jit.py)\n"
      },
      "reference_stdout": {
        "returncode": 0,
        "stdout": "",
        "stderr": ""
      },
      "candidate_import_ok": false,
      "reference_import_ok": true,
      "strict_status": "import_error",
      "candidate_import_error": "Traceback (most recent call last):\n  File \"/home/mb2412/triton-experiments/tools/semantic_checks/strict_io_compare.py\", line 85, in _import_module\n    spec.loader.exec_module(module)\n  File \"<frozen importlib._bootstrap_external>\", line 995, in exec_module\n  File \"<frozen importlib._bootstrap>\", line 488, in _call_with_frames_removed\n  File \"/tmp/strict_io_import_mbmpdqah/candidate_under_test.py\", line 5, in <module>\nImportError: cannot import name 'get_cuda_stream' from 'triton.runtime.jit' (/home/mb2412/.local/lib/python3.12/site-packages/triton/runtime/jit.py)\n",
      "reference_import_error": null,
      "channel": "T",
      "name": "sum_std",
      "speedup": 1.0316,
      "candidate_rel": "Bench_T_coder_specific/qwen_full_rag/def_0052.py"
    },
    {
      "candidate": "/home/mb2412/triton-experiments/experiments/tritonbench_l40s_20260518_184231/materialized_candidates/Bench_T_coder_specific/qwen_rag/def_0052.py",
      "reference": "/home/mb2412/triton-experiments/data/TritonBench_T_v1/sum_std.py",
      "seed": 0,
      "repo_stdout_equal": true,
      "candidate_stdout": {
        "returncode": 1,
        "stdout": "",
        "stderr": "Traceback (most recent call last):\n  File \"/tmp/strict_io_stdout_pm8jqt20/candidate_under_test.py\", line 5, in <module>\n    from triton.runtime.jit import get_cuda_stream\nImportError: cannot import name 'get_cuda_stream' from 'triton.runtime.jit' (/home/mb2412/.local/lib/python3.12/site-packages/triton/runtime/jit.py)\n"
      },
      "reference_stdout": {
        "returncode": 0,
        "stdout": "",
        "stderr": ""
      },
      "candidate_import_ok": false,
      "reference_import_ok": true,
      "strict_status": "import_error",
      "candidate_import_error": "Traceback (most recent call last):\n  File \"/home/mb2412/triton-experiments/tools/semantic_checks/strict_io_compare.py\", line 85, in _import_module\n    spec.loader.exec_module(module)\n  File \"<frozen importlib._bootstrap_external>\", line 995, in exec_module\n  File \"<frozen importlib._bootstrap>\", line 488, in _call_with_frames_removed\n  File \"/tmp/strict_io_import__ju81bax/candidate_under_test.py\", line 5, in <module>\nImportError: cannot import name 'get_cuda_stream' from 'triton.runtime.jit' (/home/mb2412/.local/lib/python3.12/site-packages/triton/runtime/jit.py)\n",
      "reference_import_error": null,
      "channel": "T",
      "name": "sum_std",
      "speedup": 1.0316,
      "candidate_rel": "Bench_T_coder_specific/qwen_rag/def_0052.py"
    },
    {
      "candidate": "/home/mb2412/triton-experiments/experiments/tritonbench_l40s_20260518_184231/materialized_candidates/Bench_T_general_purpose/output_DeepSeek-R1/def_0052.py",
      "reference": "/home/mb2412/triton-experiments/data/TritonBench_T_v1/sum_std.py",
      "seed": 0,
      "repo_stdout_equal": true,
      "candidate_stdout": {
        "returncode": 0,
        "stdout": "",
        "stderr": ""
      },
      "reference_stdout": {
        "returncode": 0,
        "stdout": "",
        "stderr": ""
      },
      "candidate_import_ok": true,
      "reference_import_ok": true,
      "candidate_result_name": null,
      "reference_result_name": "test_results",
      "strict_status": "fail",
      "strict_mismatches": [
        "$: type differs: NoneType != dict"
      ],
      "stdout_false_positive": true,
      "channel": "T",
      "name": "sum_std",
      "speedup": 1.0316,
      "candidate_rel": "Bench_T_general_purpose/output_DeepSeek-R1/def_0052.py"
    },
    {
      "candidate": "/home/mb2412/triton-experiments/experiments/tritonbench_l40s_20260518_184231/materialized_candidates/Bench_T_general_purpose/output_DeepSeek-R1_rag/def_0052.py",
      "reference": "/home/mb2412/triton-experiments/data/TritonBench_T_v1/sum_std.py",
      "seed": 0,
      "repo_stdout_equal": true,
      "candidate_stdout": {
        "returncode": 0,
        "stdout": "",
        "stderr": ""
      },
      "reference_stdout": {
        "returncode": 0,
        "stdout": "",
        "stderr": ""
      },
      "candidate_import_ok": true,
      "reference_import_ok": true,
      "candidate_result_name": null,
      "reference_result_name": "test_results",
      "strict_status": "fail",
      "strict_mismatches": [
        "$: type differs: NoneType != dict"
      ],
      "stdout_false_positive": true,
      "channel": "T",
      "name": "sum_std",
      "speedup": 1.0316,
      "candidate_rel": "Bench_T_general_purpose/output_DeepSeek-R1_rag/def_0052.py"
    },
    {
      "candidate": "/home/mb2412/triton-experiments/experiments/tritonbench_l40s_20260518_184231/materialized_candidates/Bench_T_general_purpose/output_Qwen2.5-72B-Instruct/def_0052.py",
      "reference": "/home/mb2412/triton-experiments/data/TritonBench_T_v1/sum_std.py",
      "seed": 0,
      "repo_stdout_equal": true,
      "candidate_stdout": {
        "returncode": 0,
        "stdout": "",
        "stderr": ""
      },
      "reference_stdout": {
        "returncode": 0,
        "stdout": "",
        "stderr": ""
      },
      "candidate_import_ok": true,
      "reference_import_ok": true,
      "candidate_result_name": null,
      "reference_result_name": "test_results",
      "strict_status": "fail",
      "strict_mismatches": [
        "$: type differs: NoneType != dict"
      ],
      "stdout_false_positive": true,
      "channel": "T",
      "name": "sum_std",
      "speedup": 1.0316,
      "candidate_rel": "Bench_T_general_purpose/output_Qwen2.5-72B-Instruct/def_0052.py"
    },
    {
      "candidate": "/home/mb2412/triton-experiments/experiments/tritonbench_l40s_20260518_184231/materialized_candidates/Bench_T_general_purpose/output_Qwen2.5-72B-Instruct_rag/def_0052.py",
      "reference": "/home/mb2412/triton-experiments/data/TritonBench_T_v1/sum_std.py",
      "seed": 0,
      "repo_stdout_equal": true,
      "candidate_stdout": {
        "returncode": 1,
        "stdout": "",
        "stderr": "Traceback (most recent call last):\n  File \"/home/mb2412/.local/lib/python3.12/site-packages/triton/language/core.py\", line 34, in wrapper\n    return fn(*args, **kwargs)\n           ^^^^^^^^^^^^^^^^^^^\n  File \"/home/mb2412/.local/lib/python3.12/site-packages/triton/language/core.py\", line 2000, in store\n    return semantic.store(pointer, value, mask, boundary_check, cache_modifier, eviction_policy, _builder)\n           ^^^^^^^^^^^^^^^^^^^^^^^^^^^^^^^^^^^^^^^^^^^^^^^^^^^^^^^^^^^^^^^^^^^^^^^^^^^^^^^^^^^^^^^^^^^^^^^\n  File \"/home/mb2412/.local/lib/python3.12/site-packages/triton/language/semantic.py\", line 1361, in store\n    return _store_legacy(ptr, val, mask, boundary_check, cache, eviction, builder)\n           ^^^^^^^^^^^^^^^^^^^^^^^^^^^^^^^^^^^^^^^^^^^^^^^^^^^^^^^^^^^^^^^^^^^^^^^\n  File \"/home/mb2412/.local/lib/python3.12/site-packages/triton/language/semantic.py\", line 1319, in _store_legacy\n    raise ValueError(\"Mask argument cannot be block type if pointer argument is not a block\")\nValueError: Mask argument cannot be block type if pointer argument is not a block\n\nThe above exception was the direct cause of the following exception:\n\nTraceback (most recent call last):\n  File \"/tmp/strict_io_stdout_4qxrn17y/candidate_under_test.py\", line 99, in <module>\n    result = sum_std(input_tensor, dim=(1, 2), keepdim=True)\n             ^^^^^^^^^^^^^^^^^^^^^^^^^^^^^^^^^^^^^^^^^^^^^^^\n  File \"/home/mb2412/.local/lib/python3.12/site-packages/torch/utils/_contextlib.py\", line 116, in decorate_context\n    return func(*args, **kwargs)\n           ^^^^^^^^^^^^^^^^^^^^^\n  File \"/tmp/strict_io_stdout_4qxrn17y/candidate_under_test.py\", line 77, in sum_std\n    sum_std_kernel[grid](\n  File \"/home/mb2412/.local/lib/python3.12/site-packages/triton/runtime/jit.py\", line 347, in <lambda>\n    return lambda *args, **kwargs: self.run(grid=grid, warmup=False, *args, **kwargs)\n                                   ^^^^^^^^^^^^^^^^^^^^^^^^^^^^^^^^^^^^^^^^^^^^^^^^^^\n  File \"/home/mb2412/.local/lib/python3.12/site-packages/triton/runtime/jit.py\", line 569, in run\n    kernel = self.compile(src, target=target, options=options.__dict__)\n             ^^^^^^^^^^^^^^^^^^^^^^^^^^^^^^^^^^^^^^^^^^^^^^^^^^^^^^^^^^\n  File \"/home/mb2412/.local/lib/python3.12/site-packages/triton/compiler/compiler.py\", line 278, in compile\n    module = src.make_ir(options, codegen_fns, module_map, context)\n             ^^^^^^^^^^^^^^^^^^^^^^^^^^^^^^^^^^^^^^^^^^^^^^^^^^^^^^\n  File \"/home/mb2412/.local/lib/python3.12/site-packages/triton/compiler/compiler.py\", line 81, in make_ir\n    return ast_to_ttir(self.fn, self, context=context, options=options, codegen_fns=codegen_fns,\n           ^^^^^^^^^^^^^^^^^^^^^^^^^^^^^^^^^^^^^^^^^^^^^^^^^^^^^^^^^^^^^^^^^^^^^^^^^^^^^^^^^^^^^\ntriton.compiler.errors.CompilationError: at 22:4:\n    offsets = block_start + tl.arange(0, BLOCK_SIZE)\n    mask = offsets < n_elements\n\n    x = tl.load(input_ptr + offsets, mask=mask)\n    sum_val = tl.sum(x, axis=0)\n    mean_val = sum_val / n_elements\n\n    x_minus_mean = x - mean_val\n    var_val = tl.sum(x_minus_mean * x_minus_mean, axis=0) / (n_elements - correction)\n    std_val = tl.sqrt(var_val)\n\n    tl.store(output_ptr + pid, std_val, mask=mask)\n    ^\n"
      },
      "reference_stdout": {
        "returncode": 0,
        "stdout": "",
        "stderr": ""
      },
      "candidate_import_ok": false,
      "reference_import_ok": true,
      "strict_status": "import_error",
      "candidate_import_error": "Traceback (most recent call last):\n  File \"/home/mb2412/.local/lib/python3.12/site-packages/triton/language/core.py\", line 34, in wrapper\n    return fn(*args, **kwargs)\n           ^^^^^^^^^^^^^^^^^^^\n  File \"/home/mb2412/.local/lib/python3.12/site-packages/triton/language/core.py\", line 2000, in store\n    return semantic.store(pointer, value, mask, boundary_check, cache_modifier, eviction_policy, _builder)\n           ^^^^^^^^^^^^^^^^^^^^^^^^^^^^^^^^^^^^^^^^^^^^^^^^^^^^^^^^^^^^^^^^^^^^^^^^^^^^^^^^^^^^^^^^^^^^^^^\n  File \"/home/mb2412/.local/lib/python3.12/site-packages/triton/language/semantic.py\", line 1361, in store\n    return _store_legacy(ptr, val, mask, boundary_check, cache, eviction, builder)\n           ^^^^^^^^^^^^^^^^^^^^^^^^^^^^^^^^^^^^^^^^^^^^^^^^^^^^^^^^^^^^^^^^^^^^^^^\n  File \"/home/mb2412/.local/lib/python3.12/site-packages/triton/language/semantic.py\", line 1319, in _store_legacy\n    raise ValueError(\"Mask argument cannot be block type if pointer argument is not a block\")\nValueError: Mask argument cannot be block type if pointer argument is not a block\n\nThe above exception was the direct cause of the following exception:\n\nTraceback (most recent call last):\n  File \"/home/mb2412/triton-experiments/tools/semantic_checks/strict_io_compare.py\", line 85, in _import_module\n    spec.loader.exec_module(module)\n  File \"<frozen importlib._bootstrap_external>\", line 995, in exec_module\n  File \"<frozen importlib._bootstrap>\", line 488, in _call_with_frames_removed\n  File \"/tmp/strict_io_import_ko3ey0jp/candidate_under_test.py\", line 99, in <module>\n  File \"/home/mb2412/.local/lib/python3.12/site-packages/torch/utils/_contextlib.py\", line 116, in decorate_context\n    return func(*args, **kwargs)\n           ^^^^^^^^^^^^^^^^^^^^^\n  File \"/tmp/strict_io_import_ko3ey0jp/candidate_under_test.py\", line 77, in sum_std\n  File \"/home/mb2412/.local/lib/python3.12/site-packages/triton/runtime/jit.py\", line 347, in <lambda>\n    return lambda *args, **kwargs: self.run(grid=grid, warmup=False, *args, **kwargs)\n                                   ^^^^^^^^^^^^^^^^^^^^^^^^^^^^^^^^^^^^^^^^^^^^^^^^^^\n  File \"/home/mb2412/.local/lib/python3.12/site-packages/triton/runtime/jit.py\", line 569, in run\n    kernel = self.compile(src, target=target, options=options.__dict__)\n             ^^^^^^^^^^^^^^^^^^^^^^^^^^^^^^^^^^^^^^^^^^^^^^^^^^^^^^^^^^\n  File \"/home/mb2412/.local/lib/python3.12/site-packages/triton/compiler/compiler.py\", line 278, in compile\n    module = src.make_ir(options, codegen_fns, module_map, context)\n             ^^^^^^^^^^^^^^^^^^^^^^^^^^^^^^^^^^^^^^^^^^^^^^^^^^^^^^\n  File \"/home/mb2412/.local/lib/python3.12/site-packages/triton/compiler/compiler.py\", line 81, in make_ir\n    return ast_to_ttir(self.fn, self, context=context, options=options, codegen_fns=codegen_fns,\n           ^^^^^^^^^^^^^^^^^^^^^^^^^^^^^^^^^^^^^^^^^^^^^^^^^^^^^^^^^^^^^^^^^^^^^^^^^^^^^^^^^^^^^\ntriton.compiler.errors.CompilationError: at 22:4:\n    offsets = block_start + tl.arange(0, BLOCK_SIZE)\n    mask = offsets < n_elements\n\n    x = tl.load(input_ptr + offsets, mask=mask)\n    sum_val = tl.sum(x, axis=0)\n    mean_val = sum_val / n_elements\n\n    x_minus_mean = x - mean_val\n    var_val = tl.sum(x_minus_mean * x_minus_mean, axis=0) / (n_elements - correction)\n    std_val = tl.sqrt(var_val)\n\n    tl.store(output_ptr + pid, std_val, mask=mask)\n    ^\n",
      "reference_import_error": null,
      "channel": "T",
      "name": "sum_std",
      "speedup": 1.0316,
      "candidate_rel": "Bench_T_general_purpose/output_Qwen2.5-72B-Instruct_rag/def_0052.py"
    },
    {
      "candidate": "/home/mb2412/triton-experiments/experiments/tritonbench_l40s_20260518_184231/materialized_candidates/Bench_T_general_purpose/output_claude-3-5-sonnet-20240620/def_0052.py",
      "reference": "/home/mb2412/triton-experiments/data/TritonBench_T_v1/sum_std.py",
      "seed": 0,
      "repo_stdout_equal": true,
      "candidate_stdout": {
        "returncode": 1,
        "stdout": "",
        "stderr": "Traceback (most recent call last):\n  File \"/tmp/strict_io_stdout_sy30q9gn/candidate_under_test.py\", line 37, in <module>\n    def sum_std(input, dim=None, keepdim=False, dtype=None, correction=1, out=None) -> Tensor:\n                                                                                       ^^^^^^\nNameError: name 'Tensor' is not defined\n"
      },
      "reference_stdout": {
        "returncode": 0,
        "stdout": "",
        "stderr": ""
      },
      "candidate_import_ok": false,
      "reference_import_ok": true,
      "strict_status": "import_error",
      "candidate_import_error": "Traceback (most recent call last):\n  File \"/home/mb2412/triton-experiments/tools/semantic_checks/strict_io_compare.py\", line 85, in _import_module\n    spec.loader.exec_module(module)\n  File \"<frozen importlib._bootstrap_external>\", line 995, in exec_module\n  File \"<frozen importlib._bootstrap>\", line 488, in _call_with_frames_removed\n  File \"/tmp/strict_io_import_iz97yapo/candidate_under_test.py\", line 37, in <module>\nNameError: name 'Tensor' is not defined\n",
      "reference_import_error": null,
      "channel": "T",
      "name": "sum_std",
      "speedup": 1.0316,
      "candidate_rel": "Bench_T_general_purpose/output_claude-3-5-sonnet-20240620/def_0052.py"
    },
    {
      "candidate": "/home/mb2412/triton-experiments/experiments/tritonbench_l40s_20260518_184231/materialized_candidates/Bench_T_general_purpose/output_claude-3-5-sonnet-20240620_rag/def_0052.py",
      "reference": "/home/mb2412/triton-experiments/data/TritonBench_T_v1/sum_std.py",
      "seed": 0,
      "repo_stdout_equal": true,
      "candidate_stdout": {
        "returncode": 1,
        "stdout": "",
        "stderr": "Traceback (most recent call last):\n  File \"/tmp/strict_io_stdout_nrhpyq7j/candidate_under_test.py\", line 6, in <module>\n    from triton.runtime.jit import get_cuda_stream\nImportError: cannot import name 'get_cuda_stream' from 'triton.runtime.jit' (/home/mb2412/.local/lib/python3.12/site-packages/triton/runtime/jit.py)\n"
      },
      "reference_stdout": {
        "returncode": 0,
        "stdout": "",
        "stderr": ""
      },
      "candidate_import_ok": false,
      "reference_import_ok": true,
      "strict_status": "import_error",
      "candidate_import_error": "Traceback (most recent call last):\n  File \"/home/mb2412/triton-experiments/tools/semantic_checks/strict_io_compare.py\", line 85, in _import_module\n    spec.loader.exec_module(module)\n  File \"<frozen importlib._bootstrap_external>\", line 995, in exec_module\n  File \"<frozen importlib._bootstrap>\", line 488, in _call_with_frames_removed\n  File \"/tmp/strict_io_import_klptieho/candidate_under_test.py\", line 6, in <module>\nImportError: cannot import name 'get_cuda_stream' from 'triton.runtime.jit' (/home/mb2412/.local/lib/python3.12/site-packages/triton/runtime/jit.py)\n",
      "reference_import_error": null,
      "channel": "T",
      "name": "sum_std",
      "speedup": 1.0316,
      "candidate_rel": "Bench_T_general_purpose/output_claude-3-5-sonnet-20240620_rag/def_0052.py"
    },
    {
      "candidate": "/home/mb2412/triton-experiments/experiments/tritonbench_l40s_20260518_184231/materialized_candidates/Bench_T_general_purpose/output_gpt-4o/def_0052.py",
      "reference": "/home/mb2412/triton-experiments/data/TritonBench_T_v1/sum_std.py",
      "seed": 0,
      "repo_stdout_equal": true,
      "candidate_stdout": {
        "returncode": 0,
        "stdout": "",
        "stderr": ""
      },
      "reference_stdout": {
        "returncode": 0,
        "stdout": "",
        "stderr": ""
      },
      "candidate_import_ok": true,
      "reference_import_ok": true,
      "candidate_result_name": null,
      "reference_result_name": "test_results",
      "strict_status": "fail",
      "strict_mismatches": [
        "$: type differs: NoneType != dict"
      ],
      "stdout_false_positive": true,
      "channel": "T",
      "name": "sum_std",
      "speedup": 1.0316,
      "candidate_rel": "Bench_T_general_purpose/output_gpt-4o/def_0052.py"
    },
    {
      "candidate": "/home/mb2412/triton-experiments/experiments/tritonbench_l40s_20260518_184231/materialized_candidates/Bench_T_general_purpose/output_gpt-4o_rag/def_0052.py",
      "reference": "/home/mb2412/triton-experiments/data/TritonBench_T_v1/sum_std.py",
      "seed": 0,
      "repo_stdout_equal": true,
      "candidate_stdout": {
        "returncode": 1,
        "stdout": "",
        "stderr": "Traceback (most recent call last):\n  File \"/tmp/strict_io_stdout_27bds17u/candidate_under_test.py\", line 5, in <module>\n    from triton.runtime.jit import get_cuda_stream\nImportError: cannot import name 'get_cuda_stream' from 'triton.runtime.jit' (/home/mb2412/.local/lib/python3.12/site-packages/triton/runtime/jit.py)\n"
      },
      "reference_stdout": {
        "returncode": 0,
        "stdout": "",
        "stderr": ""
      },
      "candidate_import_ok": false,
      "reference_import_ok": true,
      "strict_status": "import_error",
      "candidate_import_error": "Traceback (most recent call last):\n  File \"/home/mb2412/triton-experiments/tools/semantic_checks/strict_io_compare.py\", line 85, in _import_module\n    spec.loader.exec_module(module)\n  File \"<frozen importlib._bootstrap_external>\", line 995, in exec_module\n  File \"<frozen importlib._bootstrap>\", line 488, in _call_with_frames_removed\n  File \"/tmp/strict_io_import_tyxfm4m9/candidate_under_test.py\", line 5, in <module>\nImportError: cannot import name 'get_cuda_stream' from 'triton.runtime.jit' (/home/mb2412/.local/lib/python3.12/site-packages/triton/runtime/jit.py)\n",
      "reference_import_error": null,
      "channel": "T",
      "name": "sum_std",
      "speedup": 1.0316,
      "candidate_rel": "Bench_T_general_purpose/output_gpt-4o_rag/def_0052.py"
    },
    {
      "candidate": "/home/mb2412/triton-experiments/experiments/tritonbench_l40s_20260518_184231/materialized_candidates/Bench_T_general_purpose/output_o1-2024-12-17/def_0052.py",
      "reference": "/home/mb2412/triton-experiments/data/TritonBench_T_v1/sum_std.py",
      "seed": 0,
      "repo_stdout_equal": true,
      "candidate_stdout": {
        "returncode": 1,
        "stdout": "",
        "stderr": "  File \"/tmp/strict_io_stdout_hqk5pte5/candidate_under_test.py\", line 47\n    \"\"\"\n    ^\nSyntaxError: unterminated triple-quoted string literal (detected at line 49)\n"
      },
      "reference_stdout": {
        "returncode": 0,
        "stdout": "",
        "stderr": ""
      },
      "candidate_import_ok": false,
      "reference_import_ok": true,
      "strict_status": "import_error",
      "candidate_import_error": "Traceback (most recent call last):\n  File \"/home/mb2412/triton-experiments/tools/semantic_checks/strict_io_compare.py\", line 85, in _import_module\n    spec.loader.exec_module(module)\n  File \"<frozen importlib._bootstrap_external>\", line 991, in exec_module\n  File \"<frozen importlib._bootstrap_external>\", line 1129, in get_code\n  File \"<frozen importlib._bootstrap_external>\", line 1059, in source_to_code\n  File \"<frozen importlib._bootstrap>\", line 488, in _call_with_frames_removed\n  File \"/tmp/strict_io_import_xhg1j5y8/candidate_under_test.py\", line 47\n    \"\"\"\n    ^\nSyntaxError: unterminated triple-quoted string literal (detected at line 49)\n",
      "reference_import_error": null,
      "channel": "T",
      "name": "sum_std",
      "speedup": 1.0316,
      "candidate_rel": "Bench_T_general_purpose/output_o1-2024-12-17/def_0052.py"
    },
    {
      "candidate": "/home/mb2412/triton-experiments/experiments/tritonbench_l40s_20260518_184231/materialized_candidates/Bench_T_general_purpose/output_o1-2024-12-17_rag/def_0052.py",
      "reference": "/home/mb2412/triton-experiments/data/TritonBench_T_v1/sum_std.py",
      "seed": 0,
      "repo_stdout_equal": true,
      "candidate_stdout": {
        "returncode": 1,
        "stdout": "",
        "stderr": "  File \"/tmp/strict_io_stdout_bmai7025/candidate_under_test.py\", line 61\n    #\nIndentationError: expected an indented block after 'if' statement on line 60\n"
      },
      "reference_stdout": {
        "returncode": 0,
        "stdout": "",
        "stderr": ""
      },
      "candidate_import_ok": false,
      "reference_import_ok": true,
      "strict_status": "import_error",
      "candidate_import_error": "Traceback (most recent call last):\n  File \"/home/mb2412/triton-experiments/tools/semantic_checks/strict_io_compare.py\", line 85, in _import_module\n    spec.loader.exec_module(module)\n  File \"<frozen importlib._bootstrap_external>\", line 991, in exec_module\n  File \"<frozen importlib._bootstrap_external>\", line 1129, in get_code\n  File \"<frozen importlib._bootstrap_external>\", line 1059, in source_to_code\n  File \"<frozen importlib._bootstrap>\", line 488, in _call_with_frames_removed\n  File \"/tmp/strict_io_import_4w6h0kea/candidate_under_test.py\", line 61\n    #\n     ^\nIndentationError: expected an indented block after 'if' statement on line 60\n",
      "reference_import_error": null,
      "channel": "T",
      "name": "sum_std",
      "speedup": 1.0316,
      "candidate_rel": "Bench_T_general_purpose/output_o1-2024-12-17_rag/def_0052.py"
    },
    {
      "candidate": "/home/mb2412/triton-experiments/experiments/tritonbench_l40s_20260518_184231/materialized_candidates/Bench_T_coder_specific/deepseek/def_0094.py",
      "reference": "/home/mb2412/triton-experiments/data/TritonBench_T_v1/dropout_sigmoid_linear.py",
      "seed": 0,
      "repo_stdout_equal": true,
      "candidate_stdout": {
        "returncode": 0,
        "stdout": "",
        "stderr": ""
      },
      "reference_stdout": {
        "returncode": 0,
        "stdout": "",
        "stderr": ""
      },
      "candidate_import_ok": true,
      "reference_import_ok": true,
      "candidate_result_name": null,
      "reference_result_name": "test_results",
      "strict_status": "fail",
      "strict_mismatches": [
        "$: type differs: NoneType != dict"
      ],
      "stdout_false_positive": true,
      "channel": "T",
      "name": "dropout_sigmoid_linear",
      "speedup": 1.6489,
      "candidate_rel": "Bench_T_coder_specific/deepseek/def_0094.py"
    },
    {
      "candidate": "/home/mb2412/triton-experiments/experiments/tritonbench_l40s_20260518_184231/materialized_candidates/Bench_T_coder_specific/deepseek_full/def_0094.py",
      "reference": "/home/mb2412/triton-experiments/data/TritonBench_T_v1/dropout_sigmoid_linear.py",
      "seed": 0,
      "repo_stdout_equal": true,
      "candidate_stdout": {
        "returncode": 0,
        "stdout": "",
        "stderr": ""
      },
      "reference_stdout": {
        "returncode": 0,
        "stdout": "",
        "stderr": ""
      },
      "candidate_import_ok": true,
      "reference_import_ok": true,
      "candidate_result_name": null,
      "reference_result_name": "test_results",
      "strict_status": "fail",
      "strict_mismatches": [
        "$: type differs: NoneType != dict"
      ],
      "stdout_false_positive": true,
      "channel": "T",
      "name": "dropout_sigmoid_linear",
      "speedup": 1.6489,
      "candidate_rel": "Bench_T_coder_specific/deepseek_full/def_0094.py"
    },
    {
      "candidate": "/home/mb2412/triton-experiments/experiments/tritonbench_l40s_20260518_184231/materialized_candidates/Bench_T_coder_specific/deepseek_full_rag/def_0094.py",
      "reference": "/home/mb2412/triton-experiments/data/TritonBench_T_v1/dropout_sigmoid_linear.py",
      "seed": 0,
      "repo_stdout_equal": true,
      "candidate_stdout": {
        "returncode": 0,
        "stdout": "",
        "stderr": "/tmp/strict_io_stdout_6jofpocn/candidate_under_test.py:73: SyntaxWarning: invalid escape sequence '\\_'\n  \"\"\"\n"
      },
      "reference_stdout": {
        "returncode": 0,
        "stdout": "",
        "stderr": ""
      },
      "candidate_import_ok": true,
      "reference_import_ok": true,
      "candidate_result_name": null,
      "reference_result_name": "test_results",
      "strict_status": "fail",
      "strict_mismatches": [
        "$: type differs: NoneType != dict"
      ],
      "stdout_false_positive": true,
      "channel": "T",
      "name": "dropout_sigmoid_linear",
      "speedup": 1.6489,
      "candidate_rel": "Bench_T_coder_specific/deepseek_full_rag/def_0094.py"
    },
    {
      "candidate": "/home/mb2412/triton-experiments/experiments/tritonbench_l40s_20260518_184231/materialized_candidates/Bench_T_coder_specific/deepseek_rag/def_0094.py",
      "reference": "/home/mb2412/triton-experiments/data/TritonBench_T_v1/dropout_sigmoid_linear.py",
      "seed": 0,
      "repo_stdout_equal": true,
      "candidate_stdout": {
        "returncode": 0,
        "stdout": "",
        "stderr": ""
      },
      "reference_stdout": {
        "returncode": 0,
        "stdout": "",
        "stderr": ""
      },
      "candidate_import_ok": true,
      "reference_import_ok": true,
      "candidate_result_name": null,
      "reference_result_name": "test_results",
      "strict_status": "fail",
      "strict_mismatches": [
        "$: type differs: NoneType != dict"
      ],
      "stdout_false_positive": true,
      "channel": "T",
      "name": "dropout_sigmoid_linear",
      "speedup": 1.6489,
      "candidate_rel": "Bench_T_coder_specific/deepseek_rag/def_0094.py"
    },
    {
      "candidate": "/home/mb2412/triton-experiments/experiments/tritonbench_l40s_20260518_184231/materialized_candidates/Bench_T_coder_specific/qwen/def_0094.py",
      "reference": "/home/mb2412/triton-experiments/data/TritonBench_T_v1/dropout_sigmoid_linear.py",
      "seed": 0,
      "repo_stdout_equal": true,
      "candidate_stdout": {
        "returncode": 0,
        "stdout": "",
        "stderr": ""
      },
      "reference_stdout": {
        "returncode": 0,
        "stdout": "",
        "stderr": ""
      },
      "candidate_import_ok": true,
      "reference_import_ok": true,
      "candidate_result_name": null,
      "reference_result_name": "test_results",
      "strict_status": "fail",
      "strict_mismatches": [
        "$: type differs: NoneType != dict"
      ],
      "stdout_false_positive": true,
      "channel": "T",
      "name": "dropout_sigmoid_linear",
      "speedup": 1.6489,
      "candidate_rel": "Bench_T_coder_specific/qwen/def_0094.py"
    },
    {
      "candidate": "/home/mb2412/triton-experiments/experiments/tritonbench_l40s_20260518_184231/materialized_candidates/Bench_T_coder_specific/qwen_full_rag/def_0094.py",
      "reference": "/home/mb2412/triton-experiments/data/TritonBench_T_v1/dropout_sigmoid_linear.py",
      "seed": 0,
      "repo_stdout_equal": true,
      "candidate_stdout": {
        "returncode": 1,
        "stdout": "",
        "stderr": "  File \"/tmp/strict_io_stdout_lk_0ghze/candidate_under_test.py\", line 171\n    \"\"\"\n    ^\nSyntaxError: unterminated triple-quoted string literal (detected at line 182)\n"
      },
      "reference_stdout": {
        "returncode": 0,
        "stdout": "",
        "stderr": ""
      },
      "candidate_import_ok": false,
      "reference_import_ok": true,
      "strict_status": "import_error",
      "candidate_import_error": "Traceback (most recent call last):\n  File \"/home/mb2412/triton-experiments/tools/semantic_checks/strict_io_compare.py\", line 85, in _import_module\n    spec.loader.exec_module(module)\n  File \"<frozen importlib._bootstrap_external>\", line 991, in exec_module\n  File \"<frozen importlib._bootstrap_external>\", line 1129, in get_code\n  File \"<frozen importlib._bootstrap_external>\", line 1059, in source_to_code\n  File \"<frozen importlib._bootstrap>\", line 488, in _call_with_frames_removed\n  File \"/tmp/strict_io_import_gbpi70i4/candidate_under_test.py\", line 171\n    \"\"\"\n    ^\nSyntaxError: unterminated triple-quoted string literal (detected at line 182)\n",
      "reference_import_error": null,
      "channel": "T",
      "name": "dropout_sigmoid_linear",
      "speedup": 1.6489,
      "candidate_rel": "Bench_T_coder_specific/qwen_full_rag/def_0094.py"
    },
    {
      "candidate": "/home/mb2412/triton-experiments/experiments/tritonbench_l40s_20260518_184231/materialized_candidates/Bench_T_coder_specific/qwen_rag/def_0094.py",
      "reference": "/home/mb2412/triton-experiments/data/TritonBench_T_v1/dropout_sigmoid_linear.py",
      "seed": 0,
      "repo_stdout_equal": true,
      "candidate_stdout": {
        "returncode": 1,
        "stdout": "",
        "stderr": "Traceback (most recent call last):\n  File \"/tmp/strict_io_stdout_u7v5ci2l/candidate_under_test.py\", line 45, in <module>\n    def dropout_sigmoid_linear(input: torch.Tensor, weight: torch.Tensor, bias=None, p=0.5, training=True, inplace=False) -> torch.Tensor:\n                                      ^^^^^\nNameError: name 'torch' is not defined\n"
      },
      "reference_stdout": {
        "returncode": 0,
        "stdout": "",
        "stderr": ""
      },
      "candidate_import_ok": false,
      "reference_import_ok": true,
      "strict_status": "import_error",
      "candidate_import_error": "Traceback (most recent call last):\n  File \"/home/mb2412/triton-experiments/tools/semantic_checks/strict_io_compare.py\", line 85, in _import_module\n    spec.loader.exec_module(module)\n  File \"<frozen importlib._bootstrap_external>\", line 995, in exec_module\n  File \"<frozen importlib._bootstrap>\", line 488, in _call_with_frames_removed\n  File \"/tmp/strict_io_import_ewxo4woe/candidate_under_test.py\", line 45, in <module>\nNameError: name 'torch' is not defined\n",
      "reference_import_error": null,
      "channel": "T",
      "name": "dropout_sigmoid_linear",
      "speedup": 1.6489,
      "candidate_rel": "Bench_T_coder_specific/qwen_rag/def_0094.py"
    },
    {
      "candidate": "/home/mb2412/triton-experiments/experiments/tritonbench_l40s_20260518_184231/materialized_candidates/Bench_T_general_purpose/output_DeepSeek-R1/def_0094.py",
      "reference": "/home/mb2412/triton-experiments/data/TritonBench_T_v1/dropout_sigmoid_linear.py",
      "seed": 0,
      "repo_stdout_equal": true,
      "candidate_stdout": {
        "returncode": 0,
        "stdout": "",
        "stderr": ""
      },
      "reference_stdout": {
        "returncode": 0,
        "stdout": "",
        "stderr": ""
      },
      "candidate_import_ok": true,
      "reference_import_ok": true,
      "candidate_result_name": null,
      "reference_result_name": "test_results",
      "strict_status": "fail",
      "strict_mismatches": [
        "$: type differs: NoneType != dict"
      ],
      "stdout_false_positive": true,
      "channel": "T",
      "name": "dropout_sigmoid_linear",
      "speedup": 1.6489,
      "candidate_rel": "Bench_T_general_purpose/output_DeepSeek-R1/def_0094.py"
    },
    {
      "candidate": "/home/mb2412/triton-experiments/experiments/tritonbench_l40s_20260518_184231/materialized_candidates/Bench_T_general_purpose/output_DeepSeek-R1_rag/def_0094.py",
      "reference": "/home/mb2412/triton-experiments/data/TritonBench_T_v1/dropout_sigmoid_linear.py",
      "seed": 0,
      "repo_stdout_equal": true,
      "candidate_stdout": {
        "returncode": 0,
        "stdout": "",
        "stderr": "/tmp/strict_io_stdout_c1eym_bk/candidate_under_test.py:63: FutureWarning: `torch.cuda.amp.custom_fwd(args...)` is deprecated. Please use `torch.amp.custom_fwd(args..., device_type='cuda')` instead.\n  @custom_fwd\n/tmp/strict_io_stdout_c1eym_bk/candidate_under_test.py:108: FutureWarning: `torch.cuda.amp.custom_bwd(args...)` is deprecated. Please use `torch.amp.custom_bwd(args..., device_type='cuda')` instead.\n  @custom_bwd\n"
      },
      "reference_stdout": {
        "returncode": 0,
        "stdout": "",
        "stderr": ""
      },
      "candidate_import_ok": true,
      "reference_import_ok": true,
      "candidate_result_name": null,
      "reference_result_name": "test_results",
      "strict_status": "fail",
      "strict_mismatches": [
        "$: type differs: NoneType != dict"
      ],
      "stdout_false_positive": true,
      "channel": "T",
      "name": "dropout_sigmoid_linear",
      "speedup": 1.6489,
      "candidate_rel": "Bench_T_general_purpose/output_DeepSeek-R1_rag/def_0094.py"
    },
    {
      "candidate": "/home/mb2412/triton-experiments/experiments/tritonbench_l40s_20260518_184231/materialized_candidates/Bench_T_general_purpose/output_Qwen2.5-72B-Instruct/def_0094.py",
      "reference": "/home/mb2412/triton-experiments/data/TritonBench_T_v1/dropout_sigmoid_linear.py",
      "seed": 0,
      "repo_stdout_equal": true,
      "candidate_stdout": {
        "returncode": 0,
        "stdout": "",
        "stderr": ""
      },
      "reference_stdout": {
        "returncode": 0,
        "stdout": "",
        "stderr": ""
      },
      "candidate_import_ok": true,
      "reference_import_ok": true,
      "candidate_result_name": null,
      "reference_result_name": "test_results",
      "strict_status": "fail",
      "strict_mismatches": [
        "$: type differs: NoneType != dict"
      ],
      "stdout_false_positive": true,
      "channel": "T",
      "name": "dropout_sigmoid_linear",
      "speedup": 1.6489,
      "candidate_rel": "Bench_T_general_purpose/output_Qwen2.5-72B-Instruct/def_0094.py"
    },
    {
      "candidate": "/home/mb2412/triton-experiments/experiments/tritonbench_l40s_20260518_184231/materialized_candidates/Bench_T_general_purpose/output_Qwen2.5-72B-Instruct_rag/def_0094.py",
      "reference": "/home/mb2412/triton-experiments/data/TritonBench_T_v1/dropout_sigmoid_linear.py",
      "seed": 0,
      "repo_stdout_equal": true,
      "candidate_stdout": {
        "returncode": 1,
        "stdout": "",
        "stderr": "Traceback (most recent call last):\n  File \"/home/mb2412/.local/lib/python3.12/site-packages/triton/language/core.py\", line 34, in wrapper\n    return fn(*args, **kwargs)\n           ^^^^^^^^^^^^^^^^^^^\n  File \"/home/mb2412/.local/lib/python3.12/site-packages/triton/language/core.py\", line 1451, in arange\n    return semantic.arange(start, end, _builder)\n           ^^^^^^^^^^^^^^^^^^^^^^^^^^^^^^^^^^^^^\n  File \"/home/mb2412/.local/lib/python3.12/site-packages/triton/language/semantic.py\", line 614, in arange\n    raise ValueError(\"arange's arguments must be of type tl.constexpr\")\nValueError: arange's arguments must be of type tl.constexpr\n\nThe above exception was the direct cause of the following exception:\n\nTraceback (most recent call last):\n  File \"/tmp/strict_io_stdout_wwkohhch/candidate_under_test.py\", line 111, in <module>\n    output = dropout_sigmoid_linear(input, weight, bias, p=0.5, training=True, inplace=False)\n             ^^^^^^^^^^^^^^^^^^^^^^^^^^^^^^^^^^^^^^^^^^^^^^^^^^^^^^^^^^^^^^^^^^^^^^^^^^^^^^^^\n  File \"/tmp/strict_io_stdout_wwkohhch/candidate_under_test.py\", line 100, in dropout_sigmoid_linear\n    linear_sigmoid_dropout_kernel[grid](\n  File \"/home/mb2412/.local/lib/python3.12/site-packages/triton/runtime/jit.py\", line 347, in <lambda>\n    return lambda *args, **kwargs: self.run(grid=grid, warmup=False, *args, **kwargs)\n                                   ^^^^^^^^^^^^^^^^^^^^^^^^^^^^^^^^^^^^^^^^^^^^^^^^^^\n  File \"/home/mb2412/.local/lib/python3.12/site-packages/triton/runtime/jit.py\", line 569, in run\n    kernel = self.compile(src, target=target, options=options.__dict__)\n             ^^^^^^^^^^^^^^^^^^^^^^^^^^^^^^^^^^^^^^^^^^^^^^^^^^^^^^^^^^\n  File \"/home/mb2412/.local/lib/python3.12/site-packages/triton/compiler/compiler.py\", line 278, in compile\n    module = src.make_ir(options, codegen_fns, module_map, context)\n             ^^^^^^^^^^^^^^^^^^^^^^^^^^^^^^^^^^^^^^^^^^^^^^^^^^^^^^\n  File \"/home/mb2412/.local/lib/python3.12/site-packages/triton/compiler/compiler.py\", line 81, in make_ir\n    return ast_to_ttir(self.fn, self, context=context, options=options, codegen_fns=codegen_fns,\n           ^^^^^^^^^^^^^^^^^^^^^^^^^^^^^^^^^^^^^^^^^^^^^^^^^^^^^^^^^^^^^^^^^^^^^^^^^^^^^^^^^^^^^\ntriton.compiler.errors.CompilationError: at 27:21:\n        out_features: Number of output features.\n        batch_size: Number of elements in the batch.\n        drop_p: Probability of an element to be zeroed in dropout.\n        seed: Seed for generating the dropout mask.\n        training: If True, applies dropout during training.\n        inplace: If True, performs the operation in-place.\n        BLOCK_SIZE: Block size.\n    \"\"\"\n    pid = tl.program_id(axis=0)\n    batch_idx = pid // (out_features // BLOCK_SIZE)\n    out_feature_idx = (pid % (out_features // BLOCK_SIZE)) * BLOCK_SIZE + tl.arange(0, BLOCK_SIZE)\n    in_feature_idx = tl.arange(0, in_features)\n                     ^\n"
      },
      "reference_stdout": {
        "returncode": 0,
        "stdout": "",
        "stderr": ""
      },
      "candidate_import_ok": false,
      "reference_import_ok": true,
      "strict_status": "import_error",
      "candidate_import_error": "Traceback (most recent call last):\n  File \"/home/mb2412/.local/lib/python3.12/site-packages/triton/language/core.py\", line 34, in wrapper\n    return fn(*args, **kwargs)\n           ^^^^^^^^^^^^^^^^^^^\n  File \"/home/mb2412/.local/lib/python3.12/site-packages/triton/language/core.py\", line 1451, in arange\n    return semantic.arange(start, end, _builder)\n           ^^^^^^^^^^^^^^^^^^^^^^^^^^^^^^^^^^^^^\n  File \"/home/mb2412/.local/lib/python3.12/site-packages/triton/language/semantic.py\", line 614, in arange\n    raise ValueError(\"arange's arguments must be of type tl.constexpr\")\nValueError: arange's arguments must be of type tl.constexpr\n\nThe above exception was the direct cause of the following exception:\n\nTraceback (most recent call last):\n  File \"/home/mb2412/triton-experiments/tools/semantic_checks/strict_io_compare.py\", line 85, in _import_module\n    spec.loader.exec_module(module)\n  File \"<frozen importlib._bootstrap_external>\", line 995, in exec_module\n  File \"<frozen importlib._bootstrap>\", line 488, in _call_with_frames_removed\n  File \"/tmp/strict_io_import_07l0jego/candidate_under_test.py\", line 111, in <module>\n  File \"/tmp/strict_io_import_07l0jego/candidate_under_test.py\", line 100, in dropout_sigmoid_linear\n  File \"/home/mb2412/.local/lib/python3.12/site-packages/triton/runtime/jit.py\", line 347, in <lambda>\n    return lambda *args, **kwargs: self.run(grid=grid, warmup=False, *args, **kwargs)\n                                   ^^^^^^^^^^^^^^^^^^^^^^^^^^^^^^^^^^^^^^^^^^^^^^^^^^\n  File \"/home/mb2412/.local/lib/python3.12/site-packages/triton/runtime/jit.py\", line 569, in run\n    kernel = self.compile(src, target=target, options=options.__dict__)\n             ^^^^^^^^^^^^^^^^^^^^^^^^^^^^^^^^^^^^^^^^^^^^^^^^^^^^^^^^^^\n  File \"/home/mb2412/.local/lib/python3.12/site-packages/triton/compiler/compiler.py\", line 278, in compile\n    module = src.make_ir(options, codegen_fns, module_map, context)\n             ^^^^^^^^^^^^^^^^^^^^^^^^^^^^^^^^^^^^^^^^^^^^^^^^^^^^^^\n  File \"/home/mb2412/.local/lib/python3.12/site-packages/triton/compiler/compiler.py\", line 81, in make_ir\n    return ast_to_ttir(self.fn, self, context=context, options=options, codegen_fns=codegen_fns,\n           ^^^^^^^^^^^^^^^^^^^^^^^^^^^^^^^^^^^^^^^^^^^^^^^^^^^^^^^^^^^^^^^^^^^^^^^^^^^^^^^^^^^^^\ntriton.compiler.errors.CompilationError: at 27:21:\n        out_features: Number of output features.\n        batch_size: Number of elements in the batch.\n        drop_p: Probability of an element to be zeroed in dropout.\n        seed: Seed for generating the dropout mask.\n        training: If True, applies dropout during training.\n        inplace: If True, performs the operation in-place.\n        BLOCK_SIZE: Block size.\n    \"\"\"\n    pid = tl.program_id(axis=0)\n    batch_idx = pid // (out_features // BLOCK_SIZE)\n    out_feature_idx = (pid % (out_features // BLOCK_SIZE)) * BLOCK_SIZE + tl.arange(0, BLOCK_SIZE)\n    in_feature_idx = tl.arange(0, in_features)\n                     ^\n",
      "reference_import_error": null,
      "channel": "T",
      "name": "dropout_sigmoid_linear",
      "speedup": 1.6489,
      "candidate_rel": "Bench_T_general_purpose/output_Qwen2.5-72B-Instruct_rag/def_0094.py"
    },
    {
      "candidate": "/home/mb2412/triton-experiments/experiments/tritonbench_l40s_20260518_184231/materialized_candidates/Bench_T_general_purpose/output_claude-3-5-sonnet-20240620/def_0094.py",
      "reference": "/home/mb2412/triton-experiments/data/TritonBench_T_v1/dropout_sigmoid_linear.py",
      "seed": 0,
      "repo_stdout_equal": true,
      "candidate_stdout": {
        "returncode": 0,
        "stdout": "",
        "stderr": ""
      },
      "reference_stdout": {
        "returncode": 0,
        "stdout": "",
        "stderr": ""
      },
      "candidate_import_ok": true,
      "reference_import_ok": true,
      "candidate_result_name": null,
      "reference_result_name": "test_results",
      "strict_status": "fail",
      "strict_mismatches": [
        "$: type differs: NoneType != dict"
      ],
      "stdout_false_positive": true,
      "channel": "T",
      "name": "dropout_sigmoid_linear",
      "speedup": 1.6489,
      "candidate_rel": "Bench_T_general_purpose/output_claude-3-5-sonnet-20240620/def_0094.py"
    },
    {
      "candidate": "/home/mb2412/triton-experiments/experiments/tritonbench_l40s_20260518_184231/materialized_candidates/Bench_T_general_purpose/output_claude-3-5-sonnet-20240620_rag/def_0094.py",
      "reference": "/home/mb2412/triton-experiments/data/TritonBench_T_v1/dropout_sigmoid_linear.py",
      "seed": 0,
      "repo_stdout_equal": true,
      "candidate_stdout": {
        "returncode": 0,
        "stdout": "",
        "stderr": ""
      },
      "reference_stdout": {
        "returncode": 0,
        "stdout": "",
        "stderr": ""
      },
      "candidate_import_ok": true,
      "reference_import_ok": true,
      "candidate_result_name": null,
      "reference_result_name": "test_results",
      "strict_status": "fail",
      "strict_mismatches": [
        "$: type differs: NoneType != dict"
      ],
      "stdout_false_positive": true,
      "channel": "T",
      "name": "dropout_sigmoid_linear",
      "speedup": 1.6489,
      "candidate_rel": "Bench_T_general_purpose/output_claude-3-5-sonnet-20240620_rag/def_0094.py"
    },
    {
      "candidate": "/home/mb2412/triton-experiments/experiments/tritonbench_l40s_20260518_184231/materialized_candidates/Bench_T_general_purpose/output_gpt-4o/def_0094.py",
      "reference": "/home/mb2412/triton-experiments/data/TritonBench_T_v1/dropout_sigmoid_linear.py",
      "seed": 0,
      "repo_stdout_equal": true,
      "candidate_stdout": {
        "returncode": 0,
        "stdout": "",
        "stderr": ""
      },
      "reference_stdout": {
        "returncode": 0,
        "stdout": "",
        "stderr": ""
      },
      "candidate_import_ok": true,
      "reference_import_ok": true,
      "candidate_result_name": null,
      "reference_result_name": "test_results",
      "strict_status": "fail",
      "strict_mismatches": [
        "$: type differs: NoneType != dict"
      ],
      "stdout_false_positive": true,
      "channel": "T",
      "name": "dropout_sigmoid_linear",
      "speedup": 1.6489,
      "candidate_rel": "Bench_T_general_purpose/output_gpt-4o/def_0094.py"
    },
    {
      "candidate": "/home/mb2412/triton-experiments/experiments/tritonbench_l40s_20260518_184231/materialized_candidates/Bench_T_general_purpose/output_gpt-4o_rag/def_0094.py",
      "reference": "/home/mb2412/triton-experiments/data/TritonBench_T_v1/dropout_sigmoid_linear.py",
      "seed": 0,
      "repo_stdout_equal": true,
      "candidate_stdout": {
        "returncode": 0,
        "stdout": "",
        "stderr": ""
      },
      "reference_stdout": {
        "returncode": 0,
        "stdout": "",
        "stderr": ""
      },
      "candidate_import_ok": true,
      "reference_import_ok": true,
      "candidate_result_name": null,
      "reference_result_name": "test_results",
      "strict_status": "fail",
      "strict_mismatches": [
        "$: type differs: NoneType != dict"
      ],
      "stdout_false_positive": true,
      "channel": "T",
      "name": "dropout_sigmoid_linear",
      "speedup": 1.6489,
      "candidate_rel": "Bench_T_general_purpose/output_gpt-4o_rag/def_0094.py"
    },
    {
      "candidate": "/home/mb2412/triton-experiments/experiments/tritonbench_l40s_20260518_184231/materialized_candidates/Bench_T_general_purpose/output_o1-2024-12-17/def_0094.py",
      "reference": "/home/mb2412/triton-experiments/data/TritonBench_T_v1/dropout_sigmoid_linear.py",
      "seed": 0,
      "repo_stdout_equal": true,
      "candidate_stdout": {
        "returncode": 0,
        "stdout": "",
        "stderr": ""
      },
      "reference_stdout": {
        "returncode": 0,
        "stdout": "",
        "stderr": ""
      },
      "candidate_import_ok": true,
      "reference_import_ok": true,
      "candidate_result_name": null,
      "reference_result_name": "test_results",
      "strict_status": "fail",
      "strict_mismatches": [
        "$: type differs: NoneType != dict"
      ],
      "stdout_false_positive": true,
      "channel": "T",
      "name": "dropout_sigmoid_linear",
      "speedup": 1.6489,
      "candidate_rel": "Bench_T_general_purpose/output_o1-2024-12-17/def_0094.py"
    },
    {
      "candidate": "/home/mb2412/triton-experiments/experiments/tritonbench_l40s_20260518_184231/materialized_candidates/Bench_T_general_purpose/output_o1-2024-12-17_rag/def_0094.py",
      "reference": "/home/mb2412/triton-experiments/data/TritonBench_T_v1/dropout_sigmoid_linear.py",
      "seed": 0,
      "repo_stdout_equal": true,
      "candidate_stdout": {
        "returncode": 0,
        "stdout": "",
        "stderr": ""
      },
      "reference_stdout": {
        "returncode": 0,
        "stdout": "",
        "stderr": ""
      },
      "candidate_import_ok": true,
      "reference_import_ok": true,
      "candidate_result_name": null,
      "reference_result_name": "test_results",
      "strict_status": "fail",
      "strict_mismatches": [
        "$: type differs: NoneType != dict"
      ],
      "stdout_false_positive": true,
      "channel": "T",
      "name": "dropout_sigmoid_linear",
      "speedup": 1.6489,
      "candidate_rel": "Bench_T_general_purpose/output_o1-2024-12-17_rag/def_0094.py"
    },
    {
      "candidate": "/home/mb2412/triton-experiments/experiments/tritonbench_l40s_20260518_184231/materialized_candidates/Bench_T_coder_specific/deepseek/def_0078.py",
      "reference": "/home/mb2412/triton-experiments/data/TritonBench_T_v1/fused_cross_entropy_log_softmax.py",
      "seed": 0,
      "repo_stdout_equal": true,
      "candidate_stdout": {
        "returncode": 0,
        "stdout": "",
        "stderr": ""
      },
      "reference_stdout": {
        "returncode": 0,
        "stdout": "",
        "stderr": ""
      },
      "candidate_import_ok": true,
      "reference_import_ok": true,
      "candidate_result_name": null,
      "reference_result_name": "test_results",
      "strict_status": "fail",
      "strict_mismatches": [
        "$: type differs: NoneType != dict"
      ],
      "stdout_false_positive": true,
      "channel": "T",
      "name": "fused_cross_entropy_log_softmax",
      "speedup": 1.4365,
      "candidate_rel": "Bench_T_coder_specific/deepseek/def_0078.py"
    },
    {
      "candidate": "/home/mb2412/triton-experiments/experiments/tritonbench_l40s_20260518_184231/materialized_candidates/Bench_T_coder_specific/deepseek_full/def_0078.py",
      "reference": "/home/mb2412/triton-experiments/data/TritonBench_T_v1/fused_cross_entropy_log_softmax.py",
      "seed": 0,
      "repo_stdout_equal": true,
      "candidate_stdout": {
        "returncode": 1,
        "stdout": "",
        "stderr": "  File \"/tmp/strict_io_stdout_tp40tcyr/candidate_under_test.py\", line 143\n    def fused_cross_entropy_log_softmax(\n                                       ^\nSyntaxError: '(' was never closed\n"
      },
      "reference_stdout": {
        "returncode": 0,
        "stdout": "",
        "stderr": ""
      },
      "candidate_import_ok": false,
      "reference_import_ok": true,
      "strict_status": "import_error",
      "candidate_import_error": "Traceback (most recent call last):\n  File \"/home/mb2412/triton-experiments/tools/semantic_checks/strict_io_compare.py\", line 85, in _import_module\n    spec.loader.exec_module(module)\n  File \"<frozen importlib._bootstrap_external>\", line 991, in exec_module\n  File \"<frozen importlib._bootstrap_external>\", line 1129, in get_code\n  File \"<frozen importlib._bootstrap_external>\", line 1059, in source_to_code\n  File \"<frozen importlib._bootstrap>\", line 488, in _call_with_frames_removed\n  File \"/tmp/strict_io_import_hxtqlufk/candidate_under_test.py\", line 143\n    def fused_cross_entropy_log_softmax(\n                                       ^\nSyntaxError: '(' was never closed\n",
      "reference_import_error": null,
      "channel": "T",
      "name": "fused_cross_entropy_log_softmax",
      "speedup": 1.4365,
      "candidate_rel": "Bench_T_coder_specific/deepseek_full/def_0078.py"
    },
    {
      "candidate": "/home/mb2412/triton-experiments/experiments/tritonbench_l40s_20260518_184231/materialized_candidates/Bench_T_coder_specific/deepseek_rag/def_0078.py",
      "reference": "/home/mb2412/triton-experiments/data/TritonBench_T_v1/fused_cross_entropy_log_softmax.py",
      "seed": 0,
      "repo_stdout_equal": true,
      "candidate_stdout": {
        "returncode": 1,
        "stdout": "",
        "stderr": "  File \"/tmp/strict_io_stdout_afel35ql/candidate_under_test.py\", line 2\n    var = prev_var + tl.sum(diff * diff)\nIndentationError: unexpected indent\n"
      },
      "reference_stdout": {
        "returncode": 0,
        "stdout": "",
        "stderr": ""
      },
      "candidate_import_ok": false,
      "reference_import_ok": true,
      "strict_status": "import_error",
      "candidate_import_error": "Traceback (most recent call last):\n  File \"/home/mb2412/triton-experiments/tools/semantic_checks/strict_io_compare.py\", line 85, in _import_module\n    spec.loader.exec_module(module)\n  File \"<frozen importlib._bootstrap_external>\", line 991, in exec_module\n  File \"<frozen importlib._bootstrap_external>\", line 1129, in get_code\n  File \"<frozen importlib._bootstrap_external>\", line 1059, in source_to_code\n  File \"<frozen importlib._bootstrap>\", line 488, in _call_with_frames_removed\n  File \"/tmp/strict_io_import_s8ojpvzm/candidate_under_test.py\", line 2\n    var = prev_var + tl.sum(diff * diff)\nIndentationError: unexpected indent\n",
      "reference_import_error": null,
      "channel": "T",
      "name": "fused_cross_entropy_log_softmax",
      "speedup": 1.4365,
      "candidate_rel": "Bench_T_coder_specific/deepseek_rag/def_0078.py"
    },
    {
      "candidate": "/home/mb2412/triton-experiments/experiments/tritonbench_l40s_20260518_184231/materialized_candidates/Bench_T_coder_specific/qwen_full/def_0078.py",
      "reference": "/home/mb2412/triton-experiments/data/TritonBench_T_v1/fused_cross_entropy_log_softmax.py",
      "seed": 0,
      "repo_stdout_equal": true,
      "candidate_stdout": {
        "returncode": 0,
        "stdout": "",
        "stderr": ""
      },
      "reference_stdout": {
        "returncode": 0,
        "stdout": "",
        "stderr": ""
      },
      "candidate_import_ok": true,
      "reference_import_ok": true,
      "candidate_result_name": null,
      "reference_result_name": "test_results",
      "strict_status": "fail",
      "strict_mismatches": [
        "$: type differs: NoneType != dict"
      ],
      "stdout_false_positive": true,
      "channel": "T",
      "name": "fused_cross_entropy_log_softmax",
      "speedup": 1.4365,
      "candidate_rel": "Bench_T_coder_specific/qwen_full/def_0078.py"
    },
    {
      "candidate": "/home/mb2412/triton-experiments/experiments/tritonbench_l40s_20260518_184231/materialized_candidates/Bench_T_coder_specific/qwen_full_rag/def_0078.py",
      "reference": "/home/mb2412/triton-experiments/data/TritonBench_T_v1/fused_cross_entropy_log_softmax.py",
      "seed": 0,
      "repo_stdout_equal": true,
      "candidate_stdout": {
        "returncode": 1,
        "stdout": "",
        "stderr": "  File \"/tmp/strict_io_stdout_nqfpfg7n/candidate_under_test.py\", line 49\n    assert len(weight) == num_classes := input.shape[dim], f\"Incompatible number of classes: {len(weight)} != {num_classes}\"\n                                      ^^\nSyntaxError: invalid syntax\n"
      },
      "reference_stdout": {
        "returncode": 0,
        "stdout": "",
        "stderr": ""
      },
      "candidate_import_ok": false,
      "reference_import_ok": true,
      "strict_status": "import_error",
      "candidate_import_error": "Traceback (most recent call last):\n  File \"/home/mb2412/triton-experiments/tools/semantic_checks/strict_io_compare.py\", line 85, in _import_module\n    spec.loader.exec_module(module)\n  File \"<frozen importlib._bootstrap_external>\", line 991, in exec_module\n  File \"<frozen importlib._bootstrap_external>\", line 1129, in get_code\n  File \"<frozen importlib._bootstrap_external>\", line 1059, in source_to_code\n  File \"<frozen importlib._bootstrap>\", line 488, in _call_with_frames_removed\n  File \"/tmp/strict_io_import_eyk3mcf0/candidate_under_test.py\", line 49\n    assert len(weight) == num_classes := input.shape[dim], f\"Incompatible number of classes: {len(weight)} != {num_classes}\"\n                                      ^^\nSyntaxError: invalid syntax\n",
      "reference_import_error": null,
      "channel": "T",
      "name": "fused_cross_entropy_log_softmax",
      "speedup": 1.4365,
      "candidate_rel": "Bench_T_coder_specific/qwen_full_rag/def_0078.py"
    },
    {
      "candidate": "/home/mb2412/triton-experiments/experiments/tritonbench_l40s_20260518_184231/materialized_candidates/Bench_T_general_purpose/output_DeepSeek-R1/def_0078.py",
      "reference": "/home/mb2412/triton-experiments/data/TritonBench_T_v1/fused_cross_entropy_log_softmax.py",
      "seed": 0,
      "repo_stdout_equal": true,
      "candidate_stdout": {
        "returncode": 0,
        "stdout": "",
        "stderr": ""
      },
      "reference_stdout": {
        "returncode": 0,
        "stdout": "",
        "stderr": ""
      },
      "candidate_import_ok": true,
      "reference_import_ok": true,
      "candidate_result_name": null,
      "reference_result_name": "test_results",
      "strict_status": "fail",
      "strict_mismatches": [
        "$: type differs: NoneType != dict"
      ],
      "stdout_false_positive": true,
      "channel": "T",
      "name": "fused_cross_entropy_log_softmax",
      "speedup": 1.4365,
      "candidate_rel": "Bench_T_general_purpose/output_DeepSeek-R1/def_0078.py"
    },
    {
      "candidate": "/home/mb2412/triton-experiments/experiments/tritonbench_l40s_20260518_184231/materialized_candidates/Bench_T_general_purpose/output_DeepSeek-R1_rag/def_0078.py",
      "reference": "/home/mb2412/triton-experiments/data/TritonBench_T_v1/fused_cross_entropy_log_softmax.py",
      "seed": 0,
      "repo_stdout_equal": true,
      "candidate_stdout": {
        "returncode": 0,
        "stdout": "",
        "stderr": ""
      },
      "reference_stdout": {
        "returncode": 0,
        "stdout": "",
        "stderr": ""
      },
      "candidate_import_ok": true,
      "reference_import_ok": true,
      "candidate_result_name": null,
      "reference_result_name": "test_results",
      "strict_status": "fail",
      "strict_mismatches": [
        "$: type differs: NoneType != dict"
      ],
      "stdout_false_positive": true,
      "channel": "T",
      "name": "fused_cross_entropy_log_softmax",
      "speedup": 1.4365,
      "candidate_rel": "Bench_T_general_purpose/output_DeepSeek-R1_rag/def_0078.py"
    },
    {
      "candidate": "/home/mb2412/triton-experiments/experiments/tritonbench_l40s_20260518_184231/materialized_candidates/Bench_T_general_purpose/output_Qwen2.5-72B-Instruct/def_0078.py",
      "reference": "/home/mb2412/triton-experiments/data/TritonBench_T_v1/fused_cross_entropy_log_softmax.py",
      "seed": 0,
      "repo_stdout_equal": true,
      "candidate_stdout": {
        "returncode": 1,
        "stdout": "",
        "stderr": "Traceback (most recent call last):\n  File \"/tmp/strict_io_stdout_n_m8vwm2/candidate_under_test.py\", line 110, in <module>\n    output = fused_cross_entropy_log_softmax(input, target, dim=1, weight=weight, ignore_index=-100, reduction='mean', label_smoothing=0.1)\n             ^^^^^^^^^^^^^^^^^^^^^^^^^^^^^^^^^^^^^^^^^^^^^^^^^^^^^^^^^^^^^^^^^^^^^^^^^^^^^^^^^^^^^^^^^^^^^^^^^^^^^^^^^^^^^^^^^^^^^^^^^^^^^^\n  File \"/tmp/strict_io_stdout_n_m8vwm2/candidate_under_test.py\", line 86, in fused_cross_entropy_log_softmax\n    fused_cross_entropy_log_softmax_kernel[grid](\n  File \"/home/mb2412/.local/lib/python3.12/site-packages/triton/runtime/jit.py\", line 347, in <lambda>\n    return lambda *args, **kwargs: self.run(grid=grid, warmup=False, *args, **kwargs)\n                                   ^^^^^^^^^^^^^^^^^^^^^^^^^^^^^^^^^^^^^^^^^^^^^^^^^^\n  File \"/home/mb2412/.local/lib/python3.12/site-packages/triton/runtime/jit.py\", line 569, in run\n    kernel = self.compile(src, target=target, options=options.__dict__)\n             ^^^^^^^^^^^^^^^^^^^^^^^^^^^^^^^^^^^^^^^^^^^^^^^^^^^^^^^^^^\n  File \"/home/mb2412/.local/lib/python3.12/site-packages/triton/compiler/compiler.py\", line 278, in compile\n    module = src.make_ir(options, codegen_fns, module_map, context)\n             ^^^^^^^^^^^^^^^^^^^^^^^^^^^^^^^^^^^^^^^^^^^^^^^^^^^^^^\n  File \"/home/mb2412/.local/lib/python3.12/site-packages/triton/compiler/compiler.py\", line 81, in make_ir\n    return ast_to_ttir(self.fn, self, context=context, options=options, codegen_fns=codegen_fns,\n           ^^^^^^^^^^^^^^^^^^^^^^^^^^^^^^^^^^^^^^^^^^^^^^^^^^^^^^^^^^^^^^^^^^^^^^^^^^^^^^^^^^^^^\ntriton.compiler.errors.CompilationError: at 31:8:\n    max_val = tl.max(input_vals, axis=0)\n    input_vals = input_vals - max_val\n    exp_vals = tl.exp(input_vals)\n    sum_exp = tl.sum(exp_vals, axis=0)\n    log_sum_exp = tl.log(sum_exp)\n    log_softmax_vals = input_vals - log_sum_exp\n\n    # Compute cross entropy loss\n    loss = tl.zeros_like(log_softmax_vals)\n    for i in range(n_classes):\n        class_mask = target_vals == i\n        if label_smoothing > 0.0:\n        ^\nAssertionError(\"Mismatched type for smooth_target between then block (<['1024'], fp32>) and else block (<['1024'], int1>)\")\n"
      },
      "reference_stdout": {
        "returncode": 0,
        "stdout": "",
        "stderr": ""
      },
      "candidate_import_ok": false,
      "reference_import_ok": true,
      "strict_status": "import_error",
      "candidate_import_error": "Traceback (most recent call last):\n  File \"/home/mb2412/triton-experiments/tools/semantic_checks/strict_io_compare.py\", line 85, in _import_module\n    spec.loader.exec_module(module)\n  File \"<frozen importlib._bootstrap_external>\", line 995, in exec_module\n  File \"<frozen importlib._bootstrap>\", line 488, in _call_with_frames_removed\n  File \"/tmp/strict_io_import_3tmedaj1/candidate_under_test.py\", line 110, in <module>\n  File \"/tmp/strict_io_import_3tmedaj1/candidate_under_test.py\", line 86, in fused_cross_entropy_log_softmax\n  File \"/home/mb2412/.local/lib/python3.12/site-packages/triton/runtime/jit.py\", line 347, in <lambda>\n    return lambda *args, **kwargs: self.run(grid=grid, warmup=False, *args, **kwargs)\n                                   ^^^^^^^^^^^^^^^^^^^^^^^^^^^^^^^^^^^^^^^^^^^^^^^^^^\n  File \"/home/mb2412/.local/lib/python3.12/site-packages/triton/runtime/jit.py\", line 569, in run\n    kernel = self.compile(src, target=target, options=options.__dict__)\n             ^^^^^^^^^^^^^^^^^^^^^^^^^^^^^^^^^^^^^^^^^^^^^^^^^^^^^^^^^^\n  File \"/home/mb2412/.local/lib/python3.12/site-packages/triton/compiler/compiler.py\", line 278, in compile\n    module = src.make_ir(options, codegen_fns, module_map, context)\n             ^^^^^^^^^^^^^^^^^^^^^^^^^^^^^^^^^^^^^^^^^^^^^^^^^^^^^^\n  File \"/home/mb2412/.local/lib/python3.12/site-packages/triton/compiler/compiler.py\", line 81, in make_ir\n    return ast_to_ttir(self.fn, self, context=context, options=options, codegen_fns=codegen_fns,\n           ^^^^^^^^^^^^^^^^^^^^^^^^^^^^^^^^^^^^^^^^^^^^^^^^^^^^^^^^^^^^^^^^^^^^^^^^^^^^^^^^^^^^^\ntriton.compiler.errors.CompilationError: at 31:8:\n    max_val = tl.max(input_vals, axis=0)\n    input_vals = input_vals - max_val\n    exp_vals = tl.exp(input_vals)\n    sum_exp = tl.sum(exp_vals, axis=0)\n    log_sum_exp = tl.log(sum_exp)\n    log_softmax_vals = input_vals - log_sum_exp\n\n    # Compute cross entropy loss\n    loss = tl.zeros_like(log_softmax_vals)\n    for i in range(n_classes):\n        class_mask = target_vals == i\n        if label_smoothing > 0.0:\n        ^\nAssertionError(\"Mismatched type for smooth_target between then block (<['1024'], fp32>) and else block (<['1024'], int1>)\")\n",
      "reference_import_error": null,
      "channel": "T",
      "name": "fused_cross_entropy_log_softmax",
      "speedup": 1.4365,
      "candidate_rel": "Bench_T_general_purpose/output_Qwen2.5-72B-Instruct/def_0078.py"
    },
    {
      "candidate": "/home/mb2412/triton-experiments/experiments/tritonbench_l40s_20260518_184231/materialized_candidates/Bench_T_general_purpose/output_Qwen2.5-72B-Instruct_rag/def_0078.py",
      "reference": "/home/mb2412/triton-experiments/data/TritonBench_T_v1/fused_cross_entropy_log_softmax.py",
      "seed": 0,
      "repo_stdout_equal": true,
      "candidate_stdout": {
        "returncode": 0,
        "stdout": "",
        "stderr": ""
      },
      "reference_stdout": {
        "returncode": 0,
        "stdout": "",
        "stderr": ""
      },
      "candidate_import_ok": true,
      "reference_import_ok": true,
      "candidate_result_name": null,
      "reference_result_name": "test_results",
      "strict_status": "fail",
      "strict_mismatches": [
        "$: type differs: NoneType != dict"
      ],
      "stdout_false_positive": true,
      "channel": "T",
      "name": "fused_cross_entropy_log_softmax",
      "speedup": 1.4365,
      "candidate_rel": "Bench_T_general_purpose/output_Qwen2.5-72B-Instruct_rag/def_0078.py"
    },
    {
      "candidate": "/home/mb2412/triton-experiments/experiments/tritonbench_l40s_20260518_184231/materialized_candidates/Bench_T_general_purpose/output_claude-3-5-sonnet-20240620/def_0078.py",
      "reference": "/home/mb2412/triton-experiments/data/TritonBench_T_v1/fused_cross_entropy_log_softmax.py",
      "seed": 0,
      "repo_stdout_equal": true,
      "candidate_stdout": {
        "returncode": 1,
        "stdout": "",
        "stderr": "Traceback (most recent call last):\n  File \"/tmp/strict_io_stdout_xf2t5ayj/candidate_under_test.py\", line 1, in <module>\n    {{ code }}\n       ^^^^\nNameError: name 'code' is not defined. Did you forget to import 'code'?\n"
      },
      "reference_stdout": {
        "returncode": 0,
        "stdout": "",
        "stderr": ""
      },
      "candidate_import_ok": false,
      "reference_import_ok": true,
      "strict_status": "import_error",
      "candidate_import_error": "Traceback (most recent call last):\n  File \"/home/mb2412/triton-experiments/tools/semantic_checks/strict_io_compare.py\", line 85, in _import_module\n    spec.loader.exec_module(module)\n  File \"<frozen importlib._bootstrap_external>\", line 995, in exec_module\n  File \"<frozen importlib._bootstrap>\", line 488, in _call_with_frames_removed\n  File \"/tmp/strict_io_import_hgduxpvg/candidate_under_test.py\", line 1, in <module>\nNameError: name 'code' is not defined. Did you forget to import 'code'\n",
      "reference_import_error": null,
      "channel": "T",
      "name": "fused_cross_entropy_log_softmax",
      "speedup": 1.4365,
      "candidate_rel": "Bench_T_general_purpose/output_claude-3-5-sonnet-20240620/def_0078.py"
    },
    {
      "candidate": "/home/mb2412/triton-experiments/experiments/tritonbench_l40s_20260518_184231/materialized_candidates/Bench_T_general_purpose/output_claude-3-5-sonnet-20240620_rag/def_0078.py",
      "reference": "/home/mb2412/triton-experiments/data/TritonBench_T_v1/fused_cross_entropy_log_softmax.py",
      "seed": 0,
      "repo_stdout_equal": true,
      "candidate_stdout": {
        "returncode": 0,
        "stdout": "",
        "stderr": ""
      },
      "reference_stdout": {
        "returncode": 0,
        "stdout": "",
        "stderr": ""
      },
      "candidate_import_ok": true,
      "reference_import_ok": true,
      "candidate_result_name": null,
      "reference_result_name": "test_results",
      "strict_status": "fail",
      "strict_mismatches": [
        "$: type differs: NoneType != dict"
      ],
      "stdout_false_positive": true,
      "channel": "T",
      "name": "fused_cross_entropy_log_softmax",
      "speedup": 1.4365,
      "candidate_rel": "Bench_T_general_purpose/output_claude-3-5-sonnet-20240620_rag/def_0078.py"
    },
    {
      "candidate": "/home/mb2412/triton-experiments/experiments/tritonbench_l40s_20260518_184231/materialized_candidates/Bench_T_general_purpose/output_gpt-4o/def_0078.py",
      "reference": "/home/mb2412/triton-experiments/data/TritonBench_T_v1/fused_cross_entropy_log_softmax.py",
      "seed": 0,
      "repo_stdout_equal": true,
      "candidate_stdout": {
        "returncode": 0,
        "stdout": "",
        "stderr": ""
      },
      "reference_stdout": {
        "returncode": 0,
        "stdout": "",
        "stderr": ""
      },
      "candidate_import_ok": true,
      "reference_import_ok": true,
      "candidate_result_name": null,
      "reference_result_name": "test_results",
      "strict_status": "fail",
      "strict_mismatches": [
        "$: type differs: NoneType != dict"
      ],
      "stdout_false_positive": true,
      "channel": "T",
      "name": "fused_cross_entropy_log_softmax",
      "speedup": 1.4365,
      "candidate_rel": "Bench_T_general_purpose/output_gpt-4o/def_0078.py"
    },
    {
      "candidate": "/home/mb2412/triton-experiments/experiments/tritonbench_l40s_20260518_184231/materialized_candidates/Bench_T_general_purpose/output_gpt-4o_rag/def_0078.py",
      "reference": "/home/mb2412/triton-experiments/data/TritonBench_T_v1/fused_cross_entropy_log_softmax.py",
      "seed": 0,
      "repo_stdout_equal": true,
      "candidate_stdout": {
        "returncode": 1,
        "stdout": "",
        "stderr": "Traceback (most recent call last):\n  File \"/tmp/strict_io_stdout_a15w6401/candidate_under_test.py\", line 97, in <module>\n    loss = fused_cross_entropy_log_softmax(logits, targets, dim=1, reduction='mean', label_smoothing=0.1)\n           ^^^^^^^^^^^^^^^^^^^^^^^^^^^^^^^^^^^^^^^^^^^^^^^^^^^^^^^^^^^^^^^^^^^^^^^^^^^^^^^^^^^^^^^^^^^^^^\n  File \"/tmp/strict_io_stdout_a15w6401/candidate_under_test.py\", line 90, in fused_cross_entropy_log_softmax\n    fused_cross_entropy_log_softmax[grid](input, target, weight, ignore_index, dim, reduction, label_smoothing, output)\n    ~~~~~~~~~~~~~~~~~~~~~~~~~~~~~~~^^^^^^\nTypeError: 'function' object is not subscriptable\n"
      },
      "reference_stdout": {
        "returncode": 0,
        "stdout": "",
        "stderr": ""
      },
      "candidate_import_ok": false,
      "reference_import_ok": true,
      "strict_status": "import_error",
      "candidate_import_error": "Traceback (most recent call last):\n  File \"/home/mb2412/triton-experiments/tools/semantic_checks/strict_io_compare.py\", line 85, in _import_module\n    spec.loader.exec_module(module)\n  File \"<frozen importlib._bootstrap_external>\", line 995, in exec_module\n  File \"<frozen importlib._bootstrap>\", line 488, in _call_with_frames_removed\n  File \"/tmp/strict_io_import_43nvimgn/candidate_under_test.py\", line 97, in <module>\n  File \"/tmp/strict_io_import_43nvimgn/candidate_under_test.py\", line 90, in fused_cross_entropy_log_softmax\nTypeError: 'function' object is not subscriptable\n",
      "reference_import_error": null,
      "channel": "T",
      "name": "fused_cross_entropy_log_softmax",
      "speedup": 1.4365,
      "candidate_rel": "Bench_T_general_purpose/output_gpt-4o_rag/def_0078.py"
    },
    {
      "candidate": "/home/mb2412/triton-experiments/experiments/tritonbench_l40s_20260518_184231/materialized_candidates/Bench_T_general_purpose/output_o1-2024-12-17/def_0078.py",
      "reference": "/home/mb2412/triton-experiments/data/TritonBench_T_v1/fused_cross_entropy_log_softmax.py",
      "seed": 0,
      "repo_stdout_equal": true,
      "candidate_stdout": {
        "returncode": 0,
        "stdout": "",
        "stderr": ""
      },
      "reference_stdout": {
        "returncode": 0,
        "stdout": "",
        "stderr": ""
      },
      "candidate_import_ok": true,
      "reference_import_ok": true,
      "candidate_result_name": null,
      "reference_result_name": "test_results",
      "strict_status": "fail",
      "strict_mismatches": [
        "$: type differs: NoneType != dict"
      ],
      "stdout_false_positive": true,
      "channel": "T",
      "name": "fused_cross_entropy_log_softmax",
      "speedup": 1.4365,
      "candidate_rel": "Bench_T_general_purpose/output_o1-2024-12-17/def_0078.py"
    },
    {
      "candidate": "/home/mb2412/triton-experiments/experiments/tritonbench_l40s_20260518_184231/materialized_candidates/Bench_T_general_purpose/output_o1-2024-12-17_rag/def_0078.py",
      "reference": "/home/mb2412/triton-experiments/data/TritonBench_T_v1/fused_cross_entropy_log_softmax.py",
      "seed": 0,
      "repo_stdout_equal": true,
      "candidate_stdout": {
        "returncode": 0,
        "stdout": "",
        "stderr": ""
      },
      "reference_stdout": {
        "returncode": 0,
        "stdout": "",
        "stderr": ""
      },
      "candidate_import_ok": true,
      "reference_import_ok": true,
      "candidate_result_name": null,
      "reference_result_name": "test_results",
      "strict_status": "fail",
      "strict_mismatches": [
        "$: type differs: NoneType != dict"
      ],
      "stdout_false_positive": true,
      "channel": "T",
      "name": "fused_cross_entropy_log_softmax",
      "speedup": 1.4365,
      "candidate_rel": "Bench_T_general_purpose/output_o1-2024-12-17_rag/def_0078.py"
    },
    {
      "candidate": "/home/mb2412/triton-experiments/experiments/tritonbench_l40s_20260518_184231/materialized_candidates/Bench_T_coder_specific/deepseek/fused_transformer_block.py",
      "reference": "/home/mb2412/triton-experiments/data/TritonBench_T_v1/fused_transformer_block.py",
      "seed": 0,
      "repo_stdout_equal": true,
      "candidate_stdout": {
        "returncode": 1,
        "stdout": "",
        "stderr": "Traceback (most recent call last):\n  File \"/tmp/strict_io_stdout_lwhnvd5r/candidate_under_test.py\", line 13, in <module>\n    BLOCK_SIZE: tl.constexpr,\n                ^^\nNameError: name 'tl' is not defined\n"
      },
      "reference_stdout": {
        "returncode": 0,
        "stdout": "",
        "stderr": ""
      },
      "candidate_import_ok": false,
      "reference_import_ok": true,
      "strict_status": "import_error",
      "candidate_import_error": "Traceback (most recent call last):\n  File \"/home/mb2412/triton-experiments/tools/semantic_checks/strict_io_compare.py\", line 85, in _import_module\n    spec.loader.exec_module(module)\n  File \"<frozen importlib._bootstrap_external>\", line 995, in exec_module\n  File \"<frozen importlib._bootstrap>\", line 488, in _call_with_frames_removed\n  File \"/tmp/strict_io_import_6p9y5uio/candidate_under_test.py\", line 13, in <module>\nNameError: name 'tl' is not defined\n",
      "reference_import_error": null,
      "channel": "T",
      "name": "fused_transformer_block",
      "speedup": 2.2619,
      "candidate_rel": "Bench_T_coder_specific/deepseek/fused_transformer_block.py"
    },
    {
      "candidate": "/home/mb2412/triton-experiments/experiments/tritonbench_l40s_20260518_184231/materialized_candidates/Bench_T_coder_specific/deepseek_full/fused_transformer_block.py",
      "reference": "/home/mb2412/triton-experiments/data/TritonBench_T_v1/fused_transformer_block.py",
      "seed": 0,
      "repo_stdout_equal": true,
      "candidate_stdout": {
        "returncode": 0,
        "stdout": "",
        "stderr": ""
      },
      "reference_stdout": {
        "returncode": 0,
        "stdout": "",
        "stderr": ""
      },
      "candidate_import_ok": true,
      "reference_import_ok": true,
      "candidate_result_name": null,
      "reference_result_name": "test_results",
      "strict_status": "fail",
      "strict_mismatches": [
        "$: type differs: NoneType != dict"
      ],
      "stdout_false_positive": true,
      "channel": "T",
      "name": "fused_transformer_block",
      "speedup": 2.2619,
      "candidate_rel": "Bench_T_coder_specific/deepseek_full/fused_transformer_block.py"
    },
    {
      "candidate": "/home/mb2412/triton-experiments/experiments/tritonbench_l40s_20260518_184231/materialized_candidates/Bench_T_coder_specific/deepseek_full_rag/fused_transformer_block.py",
      "reference": "/home/mb2412/triton-experiments/data/TritonBench_T_v1/fused_transformer_block.py",
      "seed": 0,
      "repo_stdout_equal": true,
      "candidate_stdout": {
        "returncode": 1,
        "stdout": "",
        "stderr": "Traceback (most recent call last):\n  File \"/tmp/strict_io_stdout_wc9wi894/candidate_under_test.py\", line 1, in <module>\n    def rms_norm(output_ptr, input_ptr, input_row_stride, output_row_stride, n_cols, eps, BLOCK_SIZE: tl.constexpr):\n                                                                                                      ^^\nNameError: name 'tl' is not defined\n"
      },
      "reference_stdout": {
        "returncode": 0,
        "stdout": "",
        "stderr": ""
      },
      "candidate_import_ok": false,
      "reference_import_ok": true,
      "strict_status": "import_error",
      "candidate_import_error": "Traceback (most recent call last):\n  File \"/home/mb2412/triton-experiments/tools/semantic_checks/strict_io_compare.py\", line 85, in _import_module\n    spec.loader.exec_module(module)\n  File \"<frozen importlib._bootstrap_external>\", line 995, in exec_module\n  File \"<frozen importlib._bootstrap>\", line 488, in _call_with_frames_removed\n  File \"/tmp/strict_io_import_6uh10ooe/candidate_under_test.py\", line 1, in <module>\nNameError: name 'tl' is not defined\n",
      "reference_import_error": null,
      "channel": "T",
      "name": "fused_transformer_block",
      "speedup": 2.2619,
      "candidate_rel": "Bench_T_coder_specific/deepseek_full_rag/fused_transformer_block.py"
    },
    {
      "candidate": "/home/mb2412/triton-experiments/experiments/tritonbench_l40s_20260518_184231/materialized_candidates/Bench_T_coder_specific/deepseek_rag/fused_transformer_block.py",
      "reference": "/home/mb2412/triton-experiments/data/TritonBench_T_v1/fused_transformer_block.py",
      "seed": 0,
      "repo_stdout_equal": true,
      "candidate_stdout": {
        "returncode": 1,
        "stdout": "",
        "stderr": "  File \"/tmp/strict_io_stdout_djjnpm5x/candidate_under_test.py\", line 1\n    rms_norm(output_ptr, input_ptr, input_row_stride, output_row_stride, n_cols, eps, BLOCK_SIZE: tl.constexpr):\n                                                                                                ^\nSyntaxError: invalid syntax\n"
      },
      "reference_stdout": {
        "returncode": 0,
        "stdout": "",
        "stderr": ""
      },
      "candidate_import_ok": false,
      "reference_import_ok": true,
      "strict_status": "import_error",
      "candidate_import_error": "Traceback (most recent call last):\n  File \"/home/mb2412/triton-experiments/tools/semantic_checks/strict_io_compare.py\", line 85, in _import_module\n    spec.loader.exec_module(module)\n  File \"<frozen importlib._bootstrap_external>\", line 991, in exec_module\n  File \"<frozen importlib._bootstrap_external>\", line 1129, in get_code\n  File \"<frozen importlib._bootstrap_external>\", line 1059, in source_to_code\n  File \"<frozen importlib._bootstrap>\", line 488, in _call_with_frames_removed\n  File \"/tmp/strict_io_import_7frjqzlk/candidate_under_test.py\", line 1\n    rms_norm(output_ptr, input_ptr, input_row_stride, output_row_stride, n_cols, eps, BLOCK_SIZE: tl.constexpr):\n                                                                                                ^\nSyntaxError: invalid syntax\n",
      "reference_import_error": null,
      "channel": "T",
      "name": "fused_transformer_block",
      "speedup": 2.2619,
      "candidate_rel": "Bench_T_coder_specific/deepseek_rag/fused_transformer_block.py"
    },
    {
      "candidate": "/home/mb2412/triton-experiments/experiments/tritonbench_l40s_20260518_184231/materialized_candidates/Bench_T_coder_specific/qwen/fused_transformer_block.py",
      "reference": "/home/mb2412/triton-experiments/data/TritonBench_T_v1/fused_transformer_block.py",
      "seed": 0,
      "repo_stdout_equal": true,
      "candidate_stdout": {
        "returncode": 1,
        "stdout": "",
        "stderr": "Traceback (most recent call last):\n  File \"/tmp/strict_io_stdout_1pp_o70u/candidate_under_test.py\", line 1, in <module>\n    @triton.jit\n     ^^^^^^\nNameError: name 'triton' is not defined\n"
      },
      "reference_stdout": {
        "returncode": 0,
        "stdout": "",
        "stderr": ""
      },
      "candidate_import_ok": false,
      "reference_import_ok": true,
      "strict_status": "import_error",
      "candidate_import_error": "Traceback (most recent call last):\n  File \"/home/mb2412/triton-experiments/tools/semantic_checks/strict_io_compare.py\", line 85, in _import_module\n    spec.loader.exec_module(module)\n  File \"<frozen importlib._bootstrap_external>\", line 995, in exec_module\n  File \"<frozen importlib._bootstrap>\", line 488, in _call_with_frames_removed\n  File \"/tmp/strict_io_import_s3qsos2i/candidate_under_test.py\", line 1, in <module>\nNameError: name 'triton' is not defined\n",
      "reference_import_error": null,
      "channel": "T",
      "name": "fused_transformer_block",
      "speedup": 2.2619,
      "candidate_rel": "Bench_T_coder_specific/qwen/fused_transformer_block.py"
    },
    {
      "candidate": "/home/mb2412/triton-experiments/experiments/tritonbench_l40s_20260518_184231/materialized_candidates/Bench_T_coder_specific/qwen_full/fused_transformer_block.py",
      "reference": "/home/mb2412/triton-experiments/data/TritonBench_T_v1/fused_transformer_block.py",
      "seed": 0,
      "repo_stdout_equal": true,
      "candidate_stdout": {
        "returncode": 0,
        "stdout": "",
        "stderr": ""
      },
      "reference_stdout": {
        "returncode": 0,
        "stdout": "",
        "stderr": ""
      },
      "candidate_import_ok": true,
      "reference_import_ok": true,
      "candidate_result_name": null,
      "reference_result_name": "test_results",
      "strict_status": "fail",
      "strict_mismatches": [
        "$: type differs: NoneType != dict"
      ],
      "stdout_false_positive": true,
      "channel": "T",
      "name": "fused_transformer_block",
      "speedup": 2.2619,
      "candidate_rel": "Bench_T_coder_specific/qwen_full/fused_transformer_block.py"
    },
    {
      "candidate": "/home/mb2412/triton-experiments/experiments/tritonbench_l40s_20260518_184231/materialized_candidates/Bench_T_coder_specific/qwen_full_rag/fused_transformer_block.py",
      "reference": "/home/mb2412/triton-experiments/data/TritonBench_T_v1/fused_transformer_block.py",
      "seed": 0,
      "repo_stdout_equal": true,
      "candidate_stdout": {
        "returncode": 0,
        "stdout": "",
        "stderr": ""
      },
      "reference_stdout": {
        "returncode": 0,
        "stdout": "",
        "stderr": ""
      },
      "candidate_import_ok": true,
      "reference_import_ok": true,
      "candidate_result_name": null,
      "reference_result_name": "test_results",
      "strict_status": "fail",
      "strict_mismatches": [
        "$: type differs: NoneType != dict"
      ],
      "stdout_false_positive": true,
      "channel": "T",
      "name": "fused_transformer_block",
      "speedup": 2.2619,
      "candidate_rel": "Bench_T_coder_specific/qwen_full_rag/fused_transformer_block.py"
    },
    {
      "candidate": "/home/mb2412/triton-experiments/experiments/tritonbench_l40s_20260518_184231/materialized_candidates/Bench_T_coder_specific/qwen_rag/fused_transformer_block.py",
      "reference": "/home/mb2412/triton-experiments/data/TritonBench_T_v1/fused_transformer_block.py",
      "seed": 0,
      "repo_stdout_equal": true,
      "candidate_stdout": {
        "returncode": 1,
        "stdout": "",
        "stderr": "  File \"/tmp/strict_io_stdout_tsh64aic/candidate_under_test.py\", line 121\n    residual = torch.randn(1, 128, 76\n                          ^\nSyntaxError: '(' was never closed\n"
      },
      "reference_stdout": {
        "returncode": 0,
        "stdout": "",
        "stderr": ""
      },
      "candidate_import_ok": false,
      "reference_import_ok": true,
      "strict_status": "import_error",
      "candidate_import_error": "Traceback (most recent call last):\n  File \"/home/mb2412/triton-experiments/tools/semantic_checks/strict_io_compare.py\", line 85, in _import_module\n    spec.loader.exec_module(module)\n  File \"<frozen importlib._bootstrap_external>\", line 991, in exec_module\n  File \"<frozen importlib._bootstrap_external>\", line 1129, in get_code\n  File \"<frozen importlib._bootstrap_external>\", line 1059, in source_to_code\n  File \"<frozen importlib._bootstrap>\", line 488, in _call_with_frames_removed\n  File \"/tmp/strict_io_import_px8a0rs5/candidate_under_test.py\", line 121\n    residual = torch.randn(1, 128, 76\n                          ^\nSyntaxError: '(' was never closed\n",
      "reference_import_error": null,
      "channel": "T",
      "name": "fused_transformer_block",
      "speedup": 2.2619,
      "candidate_rel": "Bench_T_coder_specific/qwen_rag/fused_transformer_block.py"
    },
    {
      "candidate": "/home/mb2412/triton-experiments/experiments/tritonbench_l40s_20260518_184231/materialized_candidates/Bench_T_general_purpose/output_DeepSeek-R1/fused_transformer_block.py",
      "reference": "/home/mb2412/triton-experiments/data/TritonBench_T_v1/fused_transformer_block.py",
      "seed": 0,
      "repo_stdout_equal": true,
      "candidate_stdout": {
        "returncode": 0,
        "stdout": "",
        "stderr": ""
      },
      "reference_stdout": {
        "returncode": 0,
        "stdout": "",
        "stderr": ""
      },
      "candidate_import_ok": true,
      "reference_import_ok": true,
      "candidate_result_name": null,
      "reference_result_name": "test_results",
      "strict_status": "fail",
      "strict_mismatches": [
        "$: type differs: NoneType != dict"
      ],
      "stdout_false_positive": true,
      "channel": "T",
      "name": "fused_transformer_block",
      "speedup": 2.2619,
      "candidate_rel": "Bench_T_general_purpose/output_DeepSeek-R1/fused_transformer_block.py"
    },
    {
      "candidate": "/home/mb2412/triton-experiments/experiments/tritonbench_l40s_20260518_184231/materialized_candidates/Bench_T_general_purpose/output_DeepSeek-R1_rag/fused_transformer_block.py",
      "reference": "/home/mb2412/triton-experiments/data/TritonBench_T_v1/fused_transformer_block.py",
      "seed": 0,
      "repo_stdout_equal": true,
      "candidate_stdout": {
        "returncode": 0,
        "stdout": "",
        "stderr": ""
      },
      "reference_stdout": {
        "returncode": 0,
        "stdout": "",
        "stderr": ""
      },
      "candidate_import_ok": true,
      "reference_import_ok": true,
      "candidate_result_name": null,
      "reference_result_name": "test_results",
      "strict_status": "fail",
      "strict_mismatches": [
        "$: type differs: NoneType != dict"
      ],
      "stdout_false_positive": true,
      "channel": "T",
      "name": "fused_transformer_block",
      "speedup": 2.2619,
      "candidate_rel": "Bench_T_general_purpose/output_DeepSeek-R1_rag/fused_transformer_block.py"
    },
    {
      "candidate": "/home/mb2412/triton-experiments/experiments/tritonbench_l40s_20260518_184231/materialized_candidates/Bench_T_general_purpose/output_Qwen2.5-72B-Instruct/fused_transformer_block.py",
      "reference": "/home/mb2412/triton-experiments/data/TritonBench_T_v1/fused_transformer_block.py",
      "seed": 0,
      "repo_stdout_equal": true,
      "candidate_stdout": {
        "returncode": 1,
        "stdout": "",
        "stderr": "  File \"/tmp/strict_io_stdout_fnywdvzp/candidate_under_test.py\", line 27\n    rng = tl.random philox4x4(seed=tl.program_id(axis=1))\n                    ^^^^^^^^^\nSyntaxError: invalid syntax\n"
      },
      "reference_stdout": {
        "returncode": 0,
        "stdout": "",
        "stderr": ""
      },
      "candidate_import_ok": false,
      "reference_import_ok": true,
      "strict_status": "import_error",
      "candidate_import_error": "Traceback (most recent call last):\n  File \"/home/mb2412/triton-experiments/tools/semantic_checks/strict_io_compare.py\", line 85, in _import_module\n    spec.loader.exec_module(module)\n  File \"<frozen importlib._bootstrap_external>\", line 991, in exec_module\n  File \"<frozen importlib._bootstrap_external>\", line 1129, in get_code\n  File \"<frozen importlib._bootstrap_external>\", line 1059, in source_to_code\n  File \"<frozen importlib._bootstrap>\", line 488, in _call_with_frames_removed\n  File \"/tmp/strict_io_import_22zdifw_/candidate_under_test.py\", line 27\n    rng = tl.random philox4x4(seed=tl.program_id(axis=1))\n                    ^^^^^^^^^\nSyntaxError: invalid syntax\n",
      "reference_import_error": null,
      "channel": "T",
      "name": "fused_transformer_block",
      "speedup": 2.2619,
      "candidate_rel": "Bench_T_general_purpose/output_Qwen2.5-72B-Instruct/fused_transformer_block.py"
    },
    {
      "candidate": "/home/mb2412/triton-experiments/experiments/tritonbench_l40s_20260518_184231/materialized_candidates/Bench_T_general_purpose/output_Qwen2.5-72B-Instruct_rag/fused_transformer_block.py",
      "reference": "/home/mb2412/triton-experiments/data/TritonBench_T_v1/fused_transformer_block.py",
      "seed": 0,
      "repo_stdout_equal": true,
      "candidate_stdout": {
        "returncode": 0,
        "stdout": "",
        "stderr": ""
      },
      "reference_stdout": {
        "returncode": 0,
        "stdout": "",
        "stderr": ""
      },
      "candidate_import_ok": true,
      "reference_import_ok": true,
      "candidate_result_name": null,
      "reference_result_name": "test_results",
      "strict_status": "fail",
      "strict_mismatches": [
        "$: type differs: NoneType != dict"
      ],
      "stdout_false_positive": true,
      "channel": "T",
      "name": "fused_transformer_block",
      "speedup": 2.2619,
      "candidate_rel": "Bench_T_general_purpose/output_Qwen2.5-72B-Instruct_rag/fused_transformer_block.py"
    },
    {
      "candidate": "/home/mb2412/triton-experiments/experiments/tritonbench_l40s_20260518_184231/materialized_candidates/Bench_T_general_purpose/output_claude-3-5-sonnet-20240620/fused_transformer_block.py",
      "reference": "/home/mb2412/triton-experiments/data/TritonBench_T_v1/fused_transformer_block.py",
      "seed": 0,
      "repo_stdout_equal": true,
      "candidate_stdout": {
        "returncode": 1,
        "stdout": "",
        "stderr": "Traceback (most recent call last):\n  File \"/tmp/strict_io_stdout_iauyivxw/candidate_under_test.py\", line 40, in <module>\n    def fused_transformer_block(input: Tensor, weight1: Tensor, weight2: Tensor, \n                                       ^^^^^^\nNameError: name 'Tensor' is not defined\n"
      },
      "reference_stdout": {
        "returncode": 0,
        "stdout": "",
        "stderr": ""
      },
      "candidate_import_ok": false,
      "reference_import_ok": true,
      "strict_status": "import_error",
      "candidate_import_error": "Traceback (most recent call last):\n  File \"/home/mb2412/triton-experiments/tools/semantic_checks/strict_io_compare.py\", line 85, in _import_module\n    spec.loader.exec_module(module)\n  File \"<frozen importlib._bootstrap_external>\", line 995, in exec_module\n  File \"<frozen importlib._bootstrap>\", line 488, in _call_with_frames_removed\n  File \"/tmp/strict_io_import_dhpsrjh4/candidate_under_test.py\", line 40, in <module>\nNameError: name 'Tensor' is not defined\n",
      "reference_import_error": null,
      "channel": "T",
      "name": "fused_transformer_block",
      "speedup": 2.2619,
      "candidate_rel": "Bench_T_general_purpose/output_claude-3-5-sonnet-20240620/fused_transformer_block.py"
    },
    {
      "candidate": "/home/mb2412/triton-experiments/experiments/tritonbench_l40s_20260518_184231/materialized_candidates/Bench_T_general_purpose/output_claude-3-5-sonnet-20240620_rag/fused_transformer_block.py",
      "reference": "/home/mb2412/triton-experiments/data/TritonBench_T_v1/fused_transformer_block.py",
      "seed": 0,
      "repo_stdout_equal": true,
      "candidate_stdout": {
        "returncode": 0,
        "stdout": "",
        "stderr": ""
      },
      "reference_stdout": {
        "returncode": 0,
        "stdout": "",
        "stderr": ""
      },
      "candidate_import_ok": true,
      "reference_import_ok": true,
      "candidate_result_name": null,
      "reference_result_name": "test_results",
      "strict_status": "fail",
      "strict_mismatches": [
        "$: type differs: NoneType != dict"
      ],
      "stdout_false_positive": true,
      "channel": "T",
      "name": "fused_transformer_block",
      "speedup": 2.2619,
      "candidate_rel": "Bench_T_general_purpose/output_claude-3-5-sonnet-20240620_rag/fused_transformer_block.py"
    },
    {
      "candidate": "/home/mb2412/triton-experiments/experiments/tritonbench_l40s_20260518_184231/materialized_candidates/Bench_T_general_purpose/output_gpt-4o/fused_transformer_block.py",
      "reference": "/home/mb2412/triton-experiments/data/TritonBench_T_v1/fused_transformer_block.py",
      "seed": 0,
      "repo_stdout_equal": true,
      "candidate_stdout": {
        "returncode": 0,
        "stdout": "",
        "stderr": ""
      },
      "reference_stdout": {
        "returncode": 0,
        "stdout": "",
        "stderr": ""
      },
      "candidate_import_ok": true,
      "reference_import_ok": true,
      "candidate_result_name": null,
      "reference_result_name": "test_results",
      "strict_status": "fail",
      "strict_mismatches": [
        "$: type differs: NoneType != dict"
      ],
      "stdout_false_positive": true,
      "channel": "T",
      "name": "fused_transformer_block",
      "speedup": 2.2619,
      "candidate_rel": "Bench_T_general_purpose/output_gpt-4o/fused_transformer_block.py"
    },
    {
      "candidate": "/home/mb2412/triton-experiments/experiments/tritonbench_l40s_20260518_184231/materialized_candidates/Bench_T_general_purpose/output_gpt-4o_rag/fused_transformer_block.py",
      "reference": "/home/mb2412/triton-experiments/data/TritonBench_T_v1/fused_transformer_block.py",
      "seed": 0,
      "repo_stdout_equal": true,
      "candidate_stdout": {
        "returncode": 0,
        "stdout": "",
        "stderr": ""
      },
      "reference_stdout": {
        "returncode": 0,
        "stdout": "",
        "stderr": ""
      },
      "candidate_import_ok": true,
      "reference_import_ok": true,
      "candidate_result_name": null,
      "reference_result_name": "test_results",
      "strict_status": "fail",
      "strict_mismatches": [
        "$: type differs: NoneType != dict"
      ],
      "stdout_false_positive": true,
      "channel": "T",
      "name": "fused_transformer_block",
      "speedup": 2.2619,
      "candidate_rel": "Bench_T_general_purpose/output_gpt-4o_rag/fused_transformer_block.py"
    },
    {
      "candidate": "/home/mb2412/triton-experiments/experiments/tritonbench_l40s_20260518_184231/materialized_candidates/Bench_T_general_purpose/output_o1-2024-12-17/fused_transformer_block.py",
      "reference": "/home/mb2412/triton-experiments/data/TritonBench_T_v1/fused_transformer_block.py",
      "seed": 0,
      "repo_stdout_equal": true,
      "candidate_stdout": {
        "returncode": 0,
        "stdout": "",
        "stderr": ""
      },
      "reference_stdout": {
        "returncode": 0,
        "stdout": "",
        "stderr": ""
      },
      "candidate_import_ok": true,
      "reference_import_ok": true,
      "candidate_result_name": null,
      "reference_result_name": "test_results",
      "strict_status": "fail",
      "strict_mismatches": [
        "$: type differs: NoneType != dict"
      ],
      "stdout_false_positive": true,
      "channel": "T",
      "name": "fused_transformer_block",
      "speedup": 2.2619,
      "candidate_rel": "Bench_T_general_purpose/output_o1-2024-12-17/fused_transformer_block.py"
    },
    {
      "candidate": "/home/mb2412/triton-experiments/experiments/tritonbench_l40s_20260518_184231/materialized_candidates/Bench_T_general_purpose/output_o1-2024-12-17_rag/fused_transformer_block.py",
      "reference": "/home/mb2412/triton-experiments/data/TritonBench_T_v1/fused_transformer_block.py",
      "seed": 0,
      "repo_stdout_equal": true,
      "candidate_stdout": {
        "returncode": 0,
        "stdout": "",
        "stderr": ""
      },
      "reference_stdout": {
        "returncode": 0,
        "stdout": "",
        "stderr": ""
      },
      "candidate_import_ok": true,
      "reference_import_ok": true,
      "candidate_result_name": null,
      "reference_result_name": "test_results",
      "strict_status": "fail",
      "strict_mismatches": [
        "$: type differs: NoneType != dict"
      ],
      "stdout_false_positive": true,
      "channel": "T",
      "name": "fused_transformer_block",
      "speedup": 2.2619,
      "candidate_rel": "Bench_T_general_purpose/output_o1-2024-12-17_rag/fused_transformer_block.py"
    },
    {
      "candidate": "/home/mb2412/triton-experiments/experiments/tritonbench_l40s_20260518_184231/materialized_candidates/Bench_T_coder_specific/deepseek/def_0081.py",
      "reference": "/home/mb2412/triton-experiments/data/TritonBench_T_v1/sigmoid_adaptive_avg_pool2d.py",
      "seed": 0,
      "repo_stdout_equal": true,
      "candidate_stdout": {
        "returncode": 1,
        "stdout": "",
        "stderr": "Traceback (most recent call last):\n  File \"/tmp/strict_io_stdout_l2x4a1_y/candidate_under_test.py\", line 2, in <module>\n    from triton import Tensor\nImportError: cannot import name 'Tensor' from 'triton' (/home/mb2412/.local/lib/python3.12/site-packages/triton/__init__.py)\n"
      },
      "reference_stdout": {
        "returncode": 0,
        "stdout": "",
        "stderr": ""
      },
      "candidate_import_ok": false,
      "reference_import_ok": true,
      "strict_status": "import_error",
      "candidate_import_error": "Traceback (most recent call last):\n  File \"/home/mb2412/triton-experiments/tools/semantic_checks/strict_io_compare.py\", line 85, in _import_module\n    spec.loader.exec_module(module)\n  File \"<frozen importlib._bootstrap_external>\", line 995, in exec_module\n  File \"<frozen importlib._bootstrap>\", line 488, in _call_with_frames_removed\n  File \"/tmp/strict_io_import_yuonqycs/candidate_under_test.py\", line 2, in <module>\nImportError: cannot import name 'Tensor' from 'triton' (/home/mb2412/.local/lib/python3.12/site-packages/triton/__init__.py)\n",
      "reference_import_error": null,
      "channel": "T",
      "name": "sigmoid_adaptive_avg_pool2d",
      "speedup": 1.4444,
      "candidate_rel": "Bench_T_coder_specific/deepseek/def_0081.py"
    },
    {
      "candidate": "/home/mb2412/triton-experiments/experiments/tritonbench_l40s_20260518_184231/materialized_candidates/Bench_T_coder_specific/deepseek_full/def_0081.py",
      "reference": "/home/mb2412/triton-experiments/data/TritonBench_T_v1/sigmoid_adaptive_avg_pool2d.py",
      "seed": 0,
      "repo_stdout_equal": true,
      "candidate_stdout": {
        "returncode": 0,
        "stdout": "",
        "stderr": ""
      },
      "reference_stdout": {
        "returncode": 0,
        "stdout": "",
        "stderr": ""
      },
      "candidate_import_ok": true,
      "reference_import_ok": true,
      "candidate_result_name": null,
      "reference_result_name": "test_results",
      "strict_status": "fail",
      "strict_mismatches": [
        "$: type differs: NoneType != dict"
      ],
      "stdout_false_positive": true,
      "channel": "T",
      "name": "sigmoid_adaptive_avg_pool2d",
      "speedup": 1.4444,
      "candidate_rel": "Bench_T_coder_specific/deepseek_full/def_0081.py"
    },
    {
      "candidate": "/home/mb2412/triton-experiments/experiments/tritonbench_l40s_20260518_184231/materialized_candidates/Bench_T_coder_specific/deepseek_full_rag/def_0081.py",
      "reference": "/home/mb2412/triton-experiments/data/TritonBench_T_v1/sigmoid_adaptive_avg_pool2d.py",
      "seed": 0,
      "repo_stdout_equal": true,
      "candidate_stdout": {
        "returncode": 1,
        "stdout": "",
        "stderr": "Traceback (most recent call last):\n  File \"/tmp/strict_io_stdout_bm97y4po/candidate_under_test.py\", line 19, in <module>\n    output = sigmoid_adaptive_avg_pool2d(input, output_size)\n             ^^^^^^^^^^^^^^^^^^^^^^^^^^^^^^^^^^^^^^^^^^^^^^^\n  File \"/tmp/strict_io_stdout_bm97y4po/candidate_under_test.py\", line 13, in sigmoid_adaptive_avg_pool2d\n    out = adaptive_avg_pool2d(input, output_size)\n          ^^^^^^^^^^^^^^^^^^^^^^^^^^^^^^^^^^^^^^^\n  File \"/home/mb2412/.local/lib/python3.12/site-packages/triton/runtime/jit.py\", line 713, in __call__\n    raise RuntimeError(\"Cannot call @triton.jit'd outside of the scope of a kernel\")\nRuntimeError: Cannot call @triton.jit'd outside of the scope of a kernel\n"
      },
      "reference_stdout": {
        "returncode": 0,
        "stdout": "",
        "stderr": ""
      },
      "candidate_import_ok": false,
      "reference_import_ok": true,
      "strict_status": "import_error",
      "candidate_import_error": "Traceback (most recent call last):\n  File \"/home/mb2412/triton-experiments/tools/semantic_checks/strict_io_compare.py\", line 85, in _import_module\n    spec.loader.exec_module(module)\n  File \"<frozen importlib._bootstrap_external>\", line 995, in exec_module\n  File \"<frozen importlib._bootstrap>\", line 488, in _call_with_frames_removed\n  File \"/tmp/strict_io_import_blcavznw/candidate_under_test.py\", line 19, in <module>\n  File \"/tmp/strict_io_import_blcavznw/candidate_under_test.py\", line 13, in sigmoid_adaptive_avg_pool2d\n  File \"/home/mb2412/.local/lib/python3.12/site-packages/triton/runtime/jit.py\", line 713, in __call__\n    raise RuntimeError(\"Cannot call @triton.jit'd outside of the scope of a kernel\")\nRuntimeError: Cannot call @triton.jit'd outside of the scope of a kernel\n",
      "reference_import_error": null,
      "channel": "T",
      "name": "sigmoid_adaptive_avg_pool2d",
      "speedup": 1.4444,
      "candidate_rel": "Bench_T_coder_specific/deepseek_full_rag/def_0081.py"
    },
    {
      "candidate": "/home/mb2412/triton-experiments/experiments/tritonbench_l40s_20260518_184231/materialized_candidates/Bench_T_coder_specific/qwen/def_0081.py",
      "reference": "/home/mb2412/triton-experiments/data/TritonBench_T_v1/sigmoid_adaptive_avg_pool2d.py",
      "seed": 0,
      "repo_stdout_equal": true,
      "candidate_stdout": {
        "returncode": 1,
        "stdout": "",
        "stderr": "  File \"/tmp/strict_io_stdout_qp2xb0_w/candidate_under_test.py\", line 26\n    grid=(N * C,), block=(BLOCK_SIZE_X,), \n    ^^^^^^^^^^^^^\nSyntaxError: invalid syntax. Maybe you meant '==' or ':=' instead of '='?\n"
      },
      "reference_stdout": {
        "returncode": 0,
        "stdout": "",
        "stderr": ""
      },
      "candidate_import_ok": false,
      "reference_import_ok": true,
      "strict_status": "import_error",
      "candidate_import_error": "Traceback (most recent call last):\n  File \"/home/mb2412/triton-experiments/tools/semantic_checks/strict_io_compare.py\", line 85, in _import_module\n    spec.loader.exec_module(module)\n  File \"<frozen importlib._bootstrap_external>\", line 991, in exec_module\n  File \"<frozen importlib._bootstrap_external>\", line 1129, in get_code\n  File \"<frozen importlib._bootstrap_external>\", line 1059, in source_to_code\n  File \"<frozen importlib._bootstrap>\", line 488, in _call_with_frames_removed\n  File \"/tmp/strict_io_import_anp76r8d/candidate_under_test.py\", line 26\n    grid=(N * C,), block=(BLOCK_SIZE_X,), \n    ^^^^^^^^^^^^^\nSyntaxError: invalid syntax. Maybe you meant '==' or ':=' instead of '='?\n",
      "reference_import_error": null,
      "channel": "T",
      "name": "sigmoid_adaptive_avg_pool2d",
      "speedup": 1.4444,
      "candidate_rel": "Bench_T_coder_specific/qwen/def_0081.py"
    },
    {
      "candidate": "/home/mb2412/triton-experiments/experiments/tritonbench_l40s_20260518_184231/materialized_candidates/Bench_T_coder_specific/qwen_full/def_0081.py",
      "reference": "/home/mb2412/triton-experiments/data/TritonBench_T_v1/sigmoid_adaptive_avg_pool2d.py",
      "seed": 0,
      "repo_stdout_equal": true,
      "candidate_stdout": {
        "returncode": 0,
        "stdout": "",
        "stderr": ""
      },
      "reference_stdout": {
        "returncode": 0,
        "stdout": "",
        "stderr": ""
      },
      "candidate_import_ok": true,
      "reference_import_ok": true,
      "candidate_result_name": null,
      "reference_result_name": "test_results",
      "strict_status": "fail",
      "strict_mismatches": [
        "$: type differs: NoneType != dict"
      ],
      "stdout_false_positive": true,
      "channel": "T",
      "name": "sigmoid_adaptive_avg_pool2d",
      "speedup": 1.4444,
      "candidate_rel": "Bench_T_coder_specific/qwen_full/def_0081.py"
    },
    {
      "candidate": "/home/mb2412/triton-experiments/experiments/tritonbench_l40s_20260518_184231/materialized_candidates/Bench_T_coder_specific/qwen_full_rag/def_0081.py",
      "reference": "/home/mb2412/triton-experiments/data/TritonBench_T_v1/sigmoid_adaptive_avg_pool2d.py",
      "seed": 0,
      "repo_stdout_equal": true,
      "candidate_stdout": {
        "returncode": 1,
        "stdout": "",
        "stderr": "Traceback (most recent call last):\n  File \"/tmp/strict_io_stdout_h683aktn/candidate_under_test.py\", line 3, in <module>\n    from .utils import get_tensor_ndim, promote_to_tensor\nImportError: attempted relative import with no known parent package\n"
      },
      "reference_stdout": {
        "returncode": 0,
        "stdout": "",
        "stderr": ""
      },
      "candidate_import_ok": false,
      "reference_import_ok": true,
      "strict_status": "import_error",
      "candidate_import_error": "Traceback (most recent call last):\n  File \"/home/mb2412/triton-experiments/tools/semantic_checks/strict_io_compare.py\", line 85, in _import_module\n    spec.loader.exec_module(module)\n  File \"<frozen importlib._bootstrap_external>\", line 995, in exec_module\n  File \"<frozen importlib._bootstrap>\", line 488, in _call_with_frames_removed\n  File \"/tmp/strict_io_import_d363iigu/candidate_under_test.py\", line 3, in <module>\nImportError: attempted relative import with no known parent package\n",
      "reference_import_error": null,
      "channel": "T",
      "name": "sigmoid_adaptive_avg_pool2d",
      "speedup": 1.4444,
      "candidate_rel": "Bench_T_coder_specific/qwen_full_rag/def_0081.py"
    },
    {
      "candidate": "/home/mb2412/triton-experiments/experiments/tritonbench_l40s_20260518_184231/materialized_candidates/Bench_T_coder_specific/qwen_rag/def_0081.py",
      "reference": "/home/mb2412/triton-experiments/data/TritonBench_T_v1/sigmoid_adaptive_avg_pool2d.py",
      "seed": 0,
      "repo_stdout_equal": true,
      "candidate_stdout": {
        "returncode": 1,
        "stdout": "",
        "stderr": "Traceback (most recent call last):\n  File \"/tmp/strict_io_stdout_fsai6l8x/candidate_under_test.py\", line 53, in <module>\n    def sigmoid_adaptive_avg_pool2d(input: tl.Tensor, output_size: Union[int, Tuple[int, int]]) -> tl.Tensor:\n                                           ^^^^^^^^^\nAttributeError: module 'triton.language' has no attribute 'Tensor'. Did you mean: 'tensor'?\n"
      },
      "reference_stdout": {
        "returncode": 0,
        "stdout": "",
        "stderr": ""
      },
      "candidate_import_ok": false,
      "reference_import_ok": true,
      "strict_status": "import_error",
      "candidate_import_error": "Traceback (most recent call last):\n  File \"/home/mb2412/triton-experiments/tools/semantic_checks/strict_io_compare.py\", line 85, in _import_module\n    spec.loader.exec_module(module)\n  File \"<frozen importlib._bootstrap_external>\", line 995, in exec_module\n  File \"<frozen importlib._bootstrap>\", line 488, in _call_with_frames_removed\n  File \"/tmp/strict_io_import_z8bq8d9p/candidate_under_test.py\", line 53, in <module>\nAttributeError: module 'triton.language' has no attribute 'Tensor'. Did you mean: 'tensor'?\n",
      "reference_import_error": null,
      "channel": "T",
      "name": "sigmoid_adaptive_avg_pool2d",
      "speedup": 1.4444,
      "candidate_rel": "Bench_T_coder_specific/qwen_rag/def_0081.py"
    },
    {
      "candidate": "/home/mb2412/triton-experiments/experiments/tritonbench_l40s_20260518_184231/materialized_candidates/Bench_T_general_purpose/output_DeepSeek-R1/def_0081.py",
      "reference": "/home/mb2412/triton-experiments/data/TritonBench_T_v1/sigmoid_adaptive_avg_pool2d.py",
      "seed": 0,
      "repo_stdout_equal": true,
      "candidate_stdout": {
        "returncode": 0,
        "stdout": "",
        "stderr": ""
      },
      "reference_stdout": {
        "returncode": 0,
        "stdout": "",
        "stderr": ""
      },
      "candidate_import_ok": true,
      "reference_import_ok": true,
      "candidate_result_name": null,
      "reference_result_name": "test_results",
      "strict_status": "fail",
      "strict_mismatches": [
        "$: type differs: NoneType != dict"
      ],
      "stdout_false_positive": true,
      "channel": "T",
      "name": "sigmoid_adaptive_avg_pool2d",
      "speedup": 1.4444,
      "candidate_rel": "Bench_T_general_purpose/output_DeepSeek-R1/def_0081.py"
    },
    {
      "candidate": "/home/mb2412/triton-experiments/experiments/tritonbench_l40s_20260518_184231/materialized_candidates/Bench_T_general_purpose/output_DeepSeek-R1_rag/def_0081.py",
      "reference": "/home/mb2412/triton-experiments/data/TritonBench_T_v1/sigmoid_adaptive_avg_pool2d.py",
      "seed": 0,
      "repo_stdout_equal": true,
      "candidate_stdout": {
        "returncode": 0,
        "stdout": "",
        "stderr": ""
      },
      "reference_stdout": {
        "returncode": 0,
        "stdout": "",
        "stderr": ""
      },
      "candidate_import_ok": true,
      "reference_import_ok": true,
      "candidate_result_name": null,
      "reference_result_name": "test_results",
      "strict_status": "fail",
      "strict_mismatches": [
        "$: type differs: NoneType != dict"
      ],
      "stdout_false_positive": true,
      "channel": "T",
      "name": "sigmoid_adaptive_avg_pool2d",
      "speedup": 1.4444,
      "candidate_rel": "Bench_T_general_purpose/output_DeepSeek-R1_rag/def_0081.py"
    },
    {
      "candidate": "/home/mb2412/triton-experiments/experiments/tritonbench_l40s_20260518_184231/materialized_candidates/Bench_T_general_purpose/output_Qwen2.5-72B-Instruct/def_0081.py",
      "reference": "/home/mb2412/triton-experiments/data/TritonBench_T_v1/sigmoid_adaptive_avg_pool2d.py",
      "seed": 0,
      "repo_stdout_equal": true,
      "candidate_stdout": {
        "returncode": 1,
        "stdout": "",
        "stderr": "Traceback (most recent call last):\n  File \"/tmp/strict_io_stdout_z331zj4w/candidate_under_test.py\", line 47, in <module>\n    def sigmoid_adaptive_avg_pool2d(input: torch.Tensor, output_size: Union[int, Tuple[int, int]]) -> torch.Tensor:\n                                                                      ^^^^^\nNameError: name 'Union' is not defined\n"
      },
      "reference_stdout": {
        "returncode": 0,
        "stdout": "",
        "stderr": ""
      },
      "candidate_import_ok": false,
      "reference_import_ok": true,
      "strict_status": "import_error",
      "candidate_import_error": "Traceback (most recent call last):\n  File \"/home/mb2412/triton-experiments/tools/semantic_checks/strict_io_compare.py\", line 85, in _import_module\n    spec.loader.exec_module(module)\n  File \"<frozen importlib._bootstrap_external>\", line 995, in exec_module\n  File \"<frozen importlib._bootstrap>\", line 488, in _call_with_frames_removed\n  File \"/tmp/strict_io_import_89gm0w1l/candidate_under_test.py\", line 47, in <module>\nNameError: name 'Union' is not defined\n",
      "reference_import_error": null,
      "channel": "T",
      "name": "sigmoid_adaptive_avg_pool2d",
      "speedup": 1.4444,
      "candidate_rel": "Bench_T_general_purpose/output_Qwen2.5-72B-Instruct/def_0081.py"
    },
    {
      "candidate": "/home/mb2412/triton-experiments/experiments/tritonbench_l40s_20260518_184231/materialized_candidates/Bench_T_general_purpose/output_Qwen2.5-72B-Instruct_rag/def_0081.py",
      "reference": "/home/mb2412/triton-experiments/data/TritonBench_T_v1/sigmoid_adaptive_avg_pool2d.py",
      "seed": 0,
      "repo_stdout_equal": true,
      "candidate_stdout": {
        "returncode": 1,
        "stdout": "",
        "stderr": "Traceback (most recent call last):\n  File \"/tmp/strict_io_stdout_i5iuj9wf/candidate_under_test.py\", line 56, in <module>\n    def sigmoid_adaptive_avg_pool2d(input: torch.Tensor, output_size: Union[int, Tuple[int, int]]) -> torch.Tensor:\n                                                                      ^^^^^\nNameError: name 'Union' is not defined\n"
      },
      "reference_stdout": {
        "returncode": 0,
        "stdout": "",
        "stderr": ""
      },
      "candidate_import_ok": false,
      "reference_import_ok": true,
      "strict_status": "import_error",
      "candidate_import_error": "Traceback (most recent call last):\n  File \"/home/mb2412/triton-experiments/tools/semantic_checks/strict_io_compare.py\", line 85, in _import_module\n    spec.loader.exec_module(module)\n  File \"<frozen importlib._bootstrap_external>\", line 995, in exec_module\n  File \"<frozen importlib._bootstrap>\", line 488, in _call_with_frames_removed\n  File \"/tmp/strict_io_import_q624miuv/candidate_under_test.py\", line 56, in <module>\nNameError: name 'Union' is not defined\n",
      "reference_import_error": null,
      "channel": "T",
      "name": "sigmoid_adaptive_avg_pool2d",
      "speedup": 1.4444,
      "candidate_rel": "Bench_T_general_purpose/output_Qwen2.5-72B-Instruct_rag/def_0081.py"
    },
    {
      "candidate": "/home/mb2412/triton-experiments/experiments/tritonbench_l40s_20260518_184231/materialized_candidates/Bench_T_general_purpose/output_claude-3-5-sonnet-20240620/def_0081.py",
      "reference": "/home/mb2412/triton-experiments/data/TritonBench_T_v1/sigmoid_adaptive_avg_pool2d.py",
      "seed": 0,
      "repo_stdout_equal": true,
      "candidate_stdout": {
        "returncode": 0,
        "stdout": "",
        "stderr": ""
      },
      "reference_stdout": {
        "returncode": 0,
        "stdout": "",
        "stderr": ""
      },
      "candidate_import_ok": true,
      "reference_import_ok": true,
      "candidate_result_name": null,
      "reference_result_name": "test_results",
      "strict_status": "fail",
      "strict_mismatches": [
        "$: type differs: NoneType != dict"
      ],
      "stdout_false_positive": true,
      "channel": "T",
      "name": "sigmoid_adaptive_avg_pool2d",
      "speedup": 1.4444,
      "candidate_rel": "Bench_T_general_purpose/output_claude-3-5-sonnet-20240620/def_0081.py"
    },
    {
      "candidate": "/home/mb2412/triton-experiments/experiments/tritonbench_l40s_20260518_184231/materialized_candidates/Bench_T_general_purpose/output_claude-3-5-sonnet-20240620_rag/def_0081.py",
      "reference": "/home/mb2412/triton-experiments/data/TritonBench_T_v1/sigmoid_adaptive_avg_pool2d.py",
      "seed": 0,
      "repo_stdout_equal": true,
      "candidate_stdout": {
        "returncode": 0,
        "stdout": "",
        "stderr": ""
      },
      "reference_stdout": {
        "returncode": 0,
        "stdout": "",
        "stderr": ""
      },
      "candidate_import_ok": true,
      "reference_import_ok": true,
      "candidate_result_name": null,
      "reference_result_name": "test_results",
      "strict_status": "fail",
      "strict_mismatches": [
        "$: type differs: NoneType != dict"
      ],
      "stdout_false_positive": true,
      "channel": "T",
      "name": "sigmoid_adaptive_avg_pool2d",
      "speedup": 1.4444,
      "candidate_rel": "Bench_T_general_purpose/output_claude-3-5-sonnet-20240620_rag/def_0081.py"
    },
    {
      "candidate": "/home/mb2412/triton-experiments/experiments/tritonbench_l40s_20260518_184231/materialized_candidates/Bench_T_general_purpose/output_gpt-4o/def_0081.py",
      "reference": "/home/mb2412/triton-experiments/data/TritonBench_T_v1/sigmoid_adaptive_avg_pool2d.py",
      "seed": 0,
      "repo_stdout_equal": true,
      "candidate_stdout": {
        "returncode": 0,
        "stdout": "",
        "stderr": ""
      },
      "reference_stdout": {
        "returncode": 0,
        "stdout": "",
        "stderr": ""
      },
      "candidate_import_ok": true,
      "reference_import_ok": true,
      "candidate_result_name": null,
      "reference_result_name": "test_results",
      "strict_status": "fail",
      "strict_mismatches": [
        "$: type differs: NoneType != dict"
      ],
      "stdout_false_positive": true,
      "channel": "T",
      "name": "sigmoid_adaptive_avg_pool2d",
      "speedup": 1.4444,
      "candidate_rel": "Bench_T_general_purpose/output_gpt-4o/def_0081.py"
    },
    {
      "candidate": "/home/mb2412/triton-experiments/experiments/tritonbench_l40s_20260518_184231/materialized_candidates/Bench_T_general_purpose/output_gpt-4o_rag/def_0081.py",
      "reference": "/home/mb2412/triton-experiments/data/TritonBench_T_v1/sigmoid_adaptive_avg_pool2d.py",
      "seed": 0,
      "repo_stdout_equal": true,
      "candidate_stdout": {
        "returncode": 1,
        "stdout": "",
        "stderr": "Traceback (most recent call last):\n  File \"/tmp/strict_io_stdout_nxhl35cb/candidate_under_test.py\", line 37, in <module>\n    def sigmoid_adaptive_avg_pool2d(input: torch.Tensor, output_size: Union[int, Tuple[int, int]]) -> torch.Tensor:\n                                                                      ^^^^^\nNameError: name 'Union' is not defined\n"
      },
      "reference_stdout": {
        "returncode": 0,
        "stdout": "",
        "stderr": ""
      },
      "candidate_import_ok": false,
      "reference_import_ok": true,
      "strict_status": "import_error",
      "candidate_import_error": "Traceback (most recent call last):\n  File \"/home/mb2412/triton-experiments/tools/semantic_checks/strict_io_compare.py\", line 85, in _import_module\n    spec.loader.exec_module(module)\n  File \"<frozen importlib._bootstrap_external>\", line 995, in exec_module\n  File \"<frozen importlib._bootstrap>\", line 488, in _call_with_frames_removed\n  File \"/tmp/strict_io_import_zr8ce5cc/candidate_under_test.py\", line 37, in <module>\nNameError: name 'Union' is not defined\n",
      "reference_import_error": null,
      "channel": "T",
      "name": "sigmoid_adaptive_avg_pool2d",
      "speedup": 1.4444,
      "candidate_rel": "Bench_T_general_purpose/output_gpt-4o_rag/def_0081.py"
    },
    {
      "candidate": "/home/mb2412/triton-experiments/experiments/tritonbench_l40s_20260518_184231/materialized_candidates/Bench_T_general_purpose/output_o1-2024-12-17/def_0081.py",
      "reference": "/home/mb2412/triton-experiments/data/TritonBench_T_v1/sigmoid_adaptive_avg_pool2d.py",
      "seed": 0,
      "repo_stdout_equal": true,
      "candidate_stdout": {
        "returncode": 0,
        "stdout": "",
        "stderr": ""
      },
      "reference_stdout": {
        "returncode": 0,
        "stdout": "",
        "stderr": ""
      },
      "candidate_import_ok": true,
      "reference_import_ok": true,
      "candidate_result_name": null,
      "reference_result_name": "test_results",
      "strict_status": "fail",
      "strict_mismatches": [
        "$: type differs: NoneType != dict"
      ],
      "stdout_false_positive": true,
      "channel": "T",
      "name": "sigmoid_adaptive_avg_pool2d",
      "speedup": 1.4444,
      "candidate_rel": "Bench_T_general_purpose/output_o1-2024-12-17/def_0081.py"
    },
    {
      "candidate": "/home/mb2412/triton-experiments/experiments/tritonbench_l40s_20260518_184231/materialized_candidates/Bench_T_general_purpose/output_o1-2024-12-17_rag/def_0081.py",
      "reference": "/home/mb2412/triton-experiments/data/TritonBench_T_v1/sigmoid_adaptive_avg_pool2d.py",
      "seed": 0,
      "repo_stdout_equal": true,
      "candidate_stdout": {
        "returncode": 0,
        "stdout": "",
        "stderr": ""
      },
      "reference_stdout": {
        "returncode": 0,
        "stdout": "",
        "stderr": ""
      },
      "candidate_import_ok": true,
      "reference_import_ok": true,
      "candidate_result_name": null,
      "reference_result_name": "test_results",
      "strict_status": "fail",
      "strict_mismatches": [
        "$: type differs: NoneType != dict"
      ],
      "stdout_false_positive": true,
      "channel": "T",
      "name": "sigmoid_adaptive_avg_pool2d",
      "speedup": 1.4444,
      "candidate_rel": "Bench_T_general_purpose/output_o1-2024-12-17_rag/def_0081.py"
    }
  ],
  "stdout_false_positive_count": 156,
  "strict_fail_count": 160,
  "import_error_count": 74
}
